report_id,page,ordinal,publication_date,title,company,ticker,exchange,symbol,pdf_filename,pdf_url,report_current_price,bear_target,base_target,bull_target,target_price_local,target_price,target_currency,price_currency,display_currency,markdown_filename,report_current_price_krw,bear_target_krw,base_target_krw,bull_target_krw,target_price_krw
7e687ca6a743eff4,18,12,2020-10-31,"Equity Research, 이지바이오",이지바이오,353810,KRX,353810.KQ,2020-10-31_equity-research-이지바이오.pdf,http://snusmic.com/wp-content/uploads/2020/11/201031_이지바이오_5팀.pdf,77000.0,,103500.0,,103500.0,103500.0,KRW,KRW,KRW,2020-10-31_equity-research-이지바이오.md,77000.0,,103500.0,,103500.0
5d0752b834ca2cb9,18,10,2020-12-05,"Equity Research, Bili bili",Bili bili,BILI,NASDAQ,BILI,2020-12-05_equity-research-bili-bili.pdf,http://snusmic.com/wp-content/uploads/2020/12/201124_BilibiliUS_BILI_2팀.pdf,45.9,,72.95,,72.95,79611.79008178711,USD,USD,KRW,2020-12-05_equity-research-bili-bili.md,78628.24443292245,,79611.79008178711,,79611.79008178711
427716b6d195f77b,18,11,2020-12-05,"Equity Research, Chewy",Chewy,CHWY,NYSE,CHWY,2020-12-05_equity-research-chewy.pdf,http://snusmic.com/wp-content/uploads/2020/12/201124_Chewy_1팀.pdf,63.36,25.05,38.325,51.6,38.325,41824.83694152832,USD,USD,KRW,2020-12-05_equity-research-chewy.md,81045.06926784664,27337.564654541016,41824.83694152832,56312.10922851563,41824.83694152832
02f44f98e36b5ee9,18,7,2020-12-05,"Equity Research, Gaztransport&technigaz",Gaztransport&technigaz,GTT,EPA,GTT.PA,2020-12-05_equity-research-gaztransporttechnigaz-2.pdf,http://snusmic.com/wp-content/uploads/2020/12/201124__Gaztransporttechnigaz-_5팀.pdf,80.7,,114.45,,114.45,124901.5678527832,USD,EUR,KRW,2020-12-05_equity-research-gaztransporttechnigaz-2.md,105191.1168224793,,124901.5678527832,,124901.5678527832
044fd5b652cd7b71,18,8,2020-12-05,"Equity Research, Roku",Roku,ROKU,NASDAQ,ROKU,2020-12-05_equity-research-roku.pdf,http://snusmic.com/wp-content/uploads/2020/12/201124_Roku_4팀.pdf,230.0,,327.62,,327.62,357538.24080322264,USD,USD,KRW,2020-12-05_equity-research-roku.md,325112.3450952396,,357538.24080322264,,357538.24080322264
aca3b0e80e5d334c,18,9,2020-12-05,"Equity Research, SEA ltd.",SEA ltd.,SE,NYSE,SE,2020-12-05_equity-research-sea-ltd.pdf,http://snusmic.com/wp-content/uploads/2020/12/201124_SEA_ltd_3팀.pdf,183.11,,290.8,,290.8,317355.8403808594,USD,USD,KRW,2020-12-05_equity-research-sea-ltd.md,215206.20835532248,,317355.8403808594,,317355.8403808594
16ef439296056ba9,18,3,2021-01-16,"Equity Research, 대한유화",대한유화,006650,KRX,006650.KS,2021-01-16_equity-research-대한유화-3.pdf,http://snusmic.com/wp-content/uploads/2021/01/201128_대한유화_4팀.pdf,250000.0,,394500.0,,394500.0,394500.0,KRW,KRW,KRW,2021-01-16_equity-research-대한유화-3.md,272500.0,,394500.0,,394500.0
61b8145c6d332ac7,18,4,2021-01-16,"Equity Research, 한화솔루션",한화솔루션,009830,KRX,009830.KS,2021-01-16_equity-research-한화솔루션.pdf,http://snusmic.com/wp-content/uploads/2021/01/201128_한화솔루션_3팀.pdf,49350.0,,60700.0,,60700.0,60700.0,KRW,KRW,KRW,2021-01-16_equity-research-한화솔루션.md,57460.609375,,60700.0,,60700.0
fb850fafdb38be16,18,2,2021-01-16,"Equity Research, 하나머티리얼즈",하나머티리얼즈,166090,KRX,166090.KQ,2021-01-16_equity-research-하나머티리얼즈.pdf,http://snusmic.com/wp-content/uploads/2021/01/201128_하나머티리얼즈_5팀.pdf,24900.0,,40400.0,,40400.0,40400.0,KRW,KRW,KRW,2021-01-16_equity-research-하나머티리얼즈.md,31050.0,,40400.0,,40400.0
74fbe4ce4444129a,18,6,2021-01-16,"Equity Research, 파이오링크",파이오링크,170790,KRX,170790.KQ,2021-01-16_equity-research-gaztransporttechnigaz.pdf,http://snusmic.com/wp-content/uploads/2021/01/201128_파이오링크_1팀.pdf,14750.0,,20400.0,,20400.0,20400.0,KRW,KRW,KRW,2021-01-16_equity-research-gaztransporttechnigaz.md,12500.0,,20400.0,,20400.0
6078643ec9d84be5,18,5,2021-01-16,"Equity Research, 노바텍",노바텍,285490,KRX,285490.KQ,2021-01-16_equity-research-노바텍.pdf,http://snusmic.com/wp-content/uploads/2021/01/201128_노바텍_2팀.pdf,60300.0,,139200.0,,139200.0,139200.0,KRW,KRW,KRW,2021-01-16_equity-research-노바텍.md,36809.5234375,,139200.0,,139200.0
98ab527e6ec4bf16,17,12,2021-04-15,"Equity Research,  쌍용C&E",쌍용C&E,003410,KRX,003410.KS,2021-04-15_equity-research-쌍용ce.pdf,http://snusmic.com/wp-content/uploads/2021/04/21_1_1주차_보고서_쌍용CE-1.pdf,7560.0,,10000.0,10000.0,10000.0,10000.0,KRW,KRW,KRW,2021-04-15_equity-research-쌍용ce.md,7560.0,,10000.0,10000.0,10000.0
1195e33544158456,18,1,2021-04-15,"Equity Research, 현대제철",현대제철,004020,KRX,004020.KS,2021-04-15_10537-2.pdf,http://snusmic.com/wp-content/uploads/2021/04/21-1-1주차-보고서_1팀-현대제철-1.pdf,50600.0,,93800.0,,93800.0,93800.0,KRW,KRW,KRW,2021-04-15_10537-2.md,49500.0,,93800.0,,93800.0
82013abc077ec06a,17,10,2021-04-15,"Equity Research, 국도화학",국도화학,007690,KRX,007690.KS,2021-04-15_equity-research-국도화학-2.pdf,http://snusmic.com/wp-content/uploads/2021/04/21_1_1주차_보고서_4팀_국도화학.pdf,73100.0,,146000.0,,146000.0,146000.0,KRW,KRW,KRW,2021-04-15_equity-research-국도화학-2.md,61268.0546875,,146000.0,,146000.0
b97e4a85c6c1ec4e,17,11,2021-04-15,"Equity Research, 대림제지",대림제지,017650,KRX,017650.KS,2021-04-15_equity-research-대림제지-2.pdf,http://snusmic.com/wp-content/uploads/2021/04/21_1_1주차_보고서_3팀_대림제지.pdf,13800.0,,21500.0,,21500.0,21500.0,KRW,KRW,KRW,2021-04-15_equity-research-대림제지-2.md,15100.0,,21500.0,,21500.0
9ef8e475c404c2f2,17,9,2021-04-15,"Equity Research, 인선이엔티",인선이엔티,060150,KRX,060150.KQ,2021-04-15_equity-research-인선이엔티-2.pdf,http://snusmic.com/wp-content/uploads/2021/04/21_1_1주차_보고서_5팀_인선이엔티.pdf,14500.0,,21750.0,,21750.0,21750.0,KRW,KRW,KRW,2021-04-15_equity-research-인선이엔티-2.md,14600.0,,21750.0,,21750.0
ba5672804816e8f8,17,5,2021-05-06,"Equity Research, 바이넥스",바이넥스,053030,KRX,053030.KQ,2021-05-06_equity-research-바이넥스.pdf,http://snusmic.com/wp-content/uploads/2021/05/21-1-2주차-보고서_5팀-바이넥스-수정.pdf,28950.0,,43750.0,,43750.0,43750.0,KRW,KRW,KRW,2021-05-06_equity-research-바이넥스.md,24400.0,,43750.0,,43750.0
786a5c9006c4a1d7,17,6,2021-05-06,"Equity Research, 데브시스터즈",데브시스터즈,194480,KRX,194480.KQ,2021-05-06_equity-research-데브시스터즈.pdf,http://snusmic.com/wp-content/uploads/2021/05/21_1_2주차_보고서_4팀_데브시스터즈.pdf,114100.0,,198000.0,,198000.0,198000.0,KRW,KRW,KRW,2021-05-06_equity-research-데브시스터즈.md,108600.0,,198000.0,,198000.0
d862376b69a0899b,17,4,2021-05-06,"Equity Research, 솔루엠",솔루엠,248070,KRX,248070.KS,2021-05-06_equity-research-솔루엠.pdf,http://snusmic.com/wp-content/uploads/2021/05/21_1_2주차_수정보고서_3팀_솔루엠.pdf,25050.0,,36900.0,,36900.0,36900.0,KRW,KRW,KRW,2021-05-06_equity-research-솔루엠.md,24500.0,,36900.0,,36900.0
0bb8a0b98b8d77ac,17,7,2021-05-06,"Equity Research, 쿠쿠홈시스",쿠쿠홈시스,284740,KRX,284740.KS,2021-05-06_equity-research-쿠쿠홈시스.pdf,http://snusmic.com/wp-content/uploads/2021/05/21-1-2주차-보고서_2팀-쿠쿠홈시스-수정.pdf,42200.0,,66500.0,,66500.0,66500.0,KRW,KRW,KRW,2021-05-06_equity-research-쿠쿠홈시스.md,41600.0,,66500.0,,66500.0
a9abf8131be0116b,17,8,2021-05-06,"Equity Research, 케이씨씨글라스",케이씨씨글라스,344820,KRX,344820.KQ,2021-05-06_equity-research-케이씨씨글라스.pdf,http://snusmic.com/wp-content/uploads/2021/05/21_1_2주차_보고서_1팀_케이씨씨글라스-수정.pdf,59600.0,,108000.0,,108000.0,108000.0,KRW,KRW,KRW,2021-05-06_equity-research-케이씨씨글라스.md,63100.0,,108000.0,,108000.0
c899a139ba93106b,16,12,2021-05-31,"Equity Research, Ping An Healthcare & Technology",Ping An Healthcare & Technology,1833,HKG,1833.HK,2021-05-31_equity-research-ping-an-healthcare-technology.pdf,http://snusmic.com/wp-content/uploads/2021/05/21_1_3주차_보고서_4팀_Ping_An_Healthcare.pdf,,,150.0,,150.0,21505.59539794922,HKD,HKD,KRW,2021-05-31_equity-research-ping-an-healthcare-technology.md,13061.064719588265,,21505.59539794922,,21505.59539794922
32a42b5c3654e918,17,3,2021-05-31,"Equity Research, Cyber Agent",Cyber Agent,4751,TYO,4751.T,2021-05-31_equity-research-cyber-agent.pdf,http://snusmic.com/wp-content/uploads/2021/05/CyberAgent_Inc._TYO_4751_1팀.pdf,2099.0,3230.0,3610.0,3610.0,3610.0,36545.46615600586,JPY,JPY,KRW,2021-05-31_equity-research-cyber-agent.md,22251.228424072266,32698.574981689453,36545.46615600586,36545.46615600586,36545.46615600586
d524f1b9b99a53af,16,11,2021-05-31,"Equity Research, Corning",Corning,GLW,NYSE,GLW,2021-05-31_equity-research-corning.pdf,http://snusmic.com/wp-content/uploads/2021/05/21_1_3주차_수정보고서_5팀_Corning.pdf,43.56,,57.0,,57.0,63432.44860839844,USD,USD,KRW,2021-05-31_equity-research-corning.md,47732.97557543032,,63432.44860839844,,63432.44860839844
1488bad8a01bf103,17,2,2021-05-31,"Equity Research, Star Bulk Carriers",Star Bulk Carriers,SBLK,NASDAQ,SBLK,2021-05-31_equity-research-star-bulk-carriers.pdf,http://snusmic.com/wp-content/uploads/2021/05/21_1_3주차_보고서_2팀_Star_Bulk_Carriers-1.pdf,21.5,,37.8,,37.8,42065.72907714843,USD,USD,KRW,2021-05-31_equity-research-star-bulk-carriers.md,22128.529556202702,,42065.72907714843,,42065.72907714843
65b98e5336bd59f3,17,1,2021-05-31,"Equity Research, West Fraser Timber. Co. Ltd",West Fraser Timber. Co. Ltd,WFG,NYSE,WFG,2021-05-31_equity-research-west-fraser-timber-co-ltd.pdf,http://snusmic.com/wp-content/uploads/2021/05/21_1_3주차_수정보고서_3팀_WFG.pdf,78.0,,137.0,,137.0,152460.44665527344,USD,USD,KRW,2021-05-31_equity-research-west-fraser-timber-co-ltd.md,85503.13132664189,,152460.44665527344,,152460.44665527344
65e4ae8e1e885829,16,7,2021-06-06,"Equity Research, 에스엘",에스엘,005850,KRX,005850.KS,2021-06-06_equity-research-에스엘.pdf,http://snusmic.com/wp-content/uploads/2021/06/21_1_4주차_수정보고서_4팀_에스엘.pdf,31200.0,,50000.0,,50000.0,50000.0,KRW,KRW,KRW,2021-06-06_equity-research-에스엘.md,35000.0,,50000.0,,50000.0
f69bbabda26dd3de,16,6,2021-06-06,"Equity Research, LG유플러스",LG유플러스,032640,KRX,032640.KS,2021-06-06_equity-research-lg유플러스-2.pdf,http://snusmic.com/wp-content/uploads/2021/06/21_1_4주차_수정보고서_5팀_LG유플러스.pdf,14500.0,,26450.0,,26450.0,26450.0,KRW,KRW,KRW,2021-06-06_equity-research-lg유플러스-2.md,15400.0,,26450.0,,26450.0
ee12b562184f3778,16,10,2021-06-06,"Equity Research, 제이콘텐트리",제이콘텐트리,036420,KRX,036420.KS,2021-06-06_equity-research-corning-2.pdf,http://snusmic.com/wp-content/uploads/2021/06/SMIC_1팀_제이콘텐트리.pdf,53000.0,,74500.0,,74500.0,74500.0,KRW,KRW,KRW,2021-06-06_equity-research-corning-2.md,51600.0,,74500.0,,74500.0
d3729cbe5407f44d,16,8,2021-06-06,"Equity Research, 시그넷이브이",시그넷이브이,075580,KRX,075580.KS,2021-06-06_equity-research-시그넷이브이.pdf,http://snusmic.com/wp-content/uploads/2021/06/21_1_4주차_보고서_3팀_시그넷이브이_수정보고서.pdf,61300.0,,40400.0,,40400.0,40400.0,KRW,KRW,KRW,2021-06-06_equity-research-시그넷이브이.md,61300.0,,40400.0,,40400.0
ddf3b21845907899,16,9,2021-06-06,"Equity Research, 효성티앤씨",효성티앤씨,298020,KRX,298020.KQ,2021-06-06_equity-research-효성티앤씨.pdf,http://snusmic.com/wp-content/uploads/2021/06/21_1_4주차_수정보고서_효성티앤씨.pdf,710000.0,,975000.0,,975000.0,975000.0,KRW,KRW,KRW,2021-06-06_equity-research-효성티앤씨.md,743000.0,,975000.0,,975000.0
4a28ed5fae713919,16,1,2021-11-03,"equity Research, 엔씨소프트",엔씨소프트,036570,KRX,036570.KS,2021-11-03_equity-research-엔씨소프트.pdf,http://snusmic.com/wp-content/uploads/2021/11/21_2_1주차_보고서_5팀_엔씨소프트_수정보고서.pdf,607000.0,,372000.0,,372000.0,372000.0,KRW,KRW,KRW,2021-11-03_equity-research-엔씨소프트.md,657000.0,,372000.0,,372000.0
d4a970fee900b949,16,5,2021-11-03,"Equity Research, 주성엔지니어링",주성엔지니어링,036930,KRX,036930.KQ,2021-11-03_equity-research-주성엔지니어링.pdf,http://snusmic.com/wp-content/uploads/2021/11/21_2_1주차_수정보고서_1팀_주성엔지니어링-1.pdf,11200.0,,26700.0,,26700.0,26700.0,KRW,KRW,KRW,2021-11-03_equity-research-주성엔지니어링.md,11350.0,,26700.0,,26700.0
037076d05c1f75ac,16,4,2021-11-03,"equity Research, 키이스트",키이스트,054780,KRX,054780.KQ,2021-11-03_equity-research-키이스트.pdf,http://snusmic.com/wp-content/uploads/2021/11/21_2_1주차_수정보고서_2팀_키이스트.pdf,15000.0,,20800.0,,20800.0,20800.0,KRW,KRW,KRW,2021-11-03_equity-research-키이스트.md,14750.0,,20800.0,,20800.0
7d7e2a6e32013f08,16,3,2021-11-03,"equity Research, 세경하이테크",세경하이테크,148150,KRX,148150.KQ,2021-11-03_equity-research-세경하이테크.pdf,http://snusmic.com/wp-content/uploads/2021/11/21_2_1주차_수정보고서_3팀_세경하이테크.pdf,24950.0,,35000.0,,35000.0,35000.0,KRW,KRW,KRW,2021-11-03_equity-research-세경하이테크.md,7650.0,,35000.0,,35000.0
1600f5644e55a037,16,2,2021-11-03,"equity Research, 넥스틴",넥스틴,348210,KRX,348210.KQ,2021-11-03_equity-research-넥스틴.pdf,http://snusmic.com/wp-content/uploads/2021/11/21_2_1주차_수정보고서_4팀_넥스틴.pdf,52800.0,,72400.0,,72400.0,72400.0,KRW,KRW,KRW,2021-11-03_equity-research-넥스틴.md,51200.0,,72400.0,,72400.0
89f9f72c18472c7f,15,8,2021-11-19,"Equity Research, NPC",NPC,004250,KRX,004250.KS,2021-11-19_equity-research-npc.pdf,http://snusmic.com/wp-content/uploads/2021/11/21_2_2주차_수정보고서_5팀_NPC.pdf,5910.0,,9290.0,,9290.0,9290.0,KRW,KRW,KRW,2021-11-19_equity-research-npc.md,7800.0,,9290.0,,9290.0
9afa1ee48cb453eb,15,11,2021-11-19,"Equity Research, 예스티",예스티,122640,KRX,122640.KQ,2021-11-19_equity-research-예스티.pdf,http://snusmic.com/wp-content/uploads/2021/11/21_2_2주차_수정보고서_2팀_예스티.pdf,13600.0,,25300.0,,25300.0,25300.0,KRW,KRW,KRW,2021-11-19_equity-research-예스티.md,13400.0,,25300.0,,25300.0
6c3673eec1694092,15,10,2021-11-19,"Equity Research, 카카오게임즈",카카오게임즈,293490,KRX,293490.KQ,2021-11-19_equity-research-카카오게임즈.pdf,http://snusmic.com/wp-content/uploads/2021/11/21_2_2주차_수정_보고서_3팀_카카오게임즈.pdf,97900.0,120700.0,151300.0,151300.0,151300.0,151300.0,KRW,KRW,KRW,2021-11-19_equity-research-카카오게임즈.md,107500.0,120700.0,151300.0,151300.0,151300.0
c94768069dbf6dbd,15,12,2021-11-19,"Equity Research, 하이브",하이브,352820,KRX,352820.KS,2021-11-19_equity-research-하이브.pdf,http://snusmic.com/wp-content/uploads/2021/11/21_2_2주차_수정보고서_1팀_하이브.pdf,383500.0,,628000.0,,628000.0,628000.0,KRW,KRW,KRW,2021-11-19_equity-research-하이브.md,400500.0,,628000.0,,628000.0
3ae2cd0fef5cc5b6,15,9,2021-11-19,"Equity Research, 원티드랩",원티드랩,376980,KRX,376980.KQ,2021-11-19_equity-research-원티드랩.pdf,http://snusmic.com/wp-content/uploads/2021/11/21_2_2주차_수정보고서_4팀_원티드랩.pdf,35500.0,,50900.0,,50900.0,50900.0,KRW,KRW,KRW,2021-11-19_equity-research-원티드랩.md,40300.0,,50900.0,,50900.0
27fa19d322870ea6,15,6,2021-11-30,"equity Research, Muyuan foods co ltd",Muyuan foods co ltd,002714,SZSE,002714.SZ,2021-11-30_equity-research-muyuan-foods-co-ltd.pdf,http://snusmic.com/wp-content/uploads/2021/11/21_2_3주차_수정보고서_2팀_목원식품.pdf,56.0,,20.0,,20.0,23814.7998046875,USD,CNY,KRW,2021-11-30_equity-research-muyuan-foods-co-ltd.md,11320.181750540156,,23814.7998046875,,23814.7998046875
235ca36dccfc1783,15,5,2021-11-30,"Equity Research, Z-holdings",Z-holdings,4689,TYO,4689.T,2021-11-30_equity-research-z-holdings.pdf,http://snusmic.com/wp-content/uploads/2021/11/21_3주차_수정보고서_3팀_Z_Holdings_Corporation.pdf,825.5,,1210.0,,1210.0,12660.48999786377,JPY,JPY,KRW,2021-11-30_equity-research-z-holdings.md,7868.337585449219,,12660.48999786377,,12660.48999786377
cefde513c9366947,15,7,2021-11-30,"Equity Research, Chegg",Chegg,CHGG,NYSE,CHGG,2021-11-30_equity-research-chegg.pdf,http://snusmic.com/wp-content/uploads/2021/11/21_2_3주차_수정보고서_1팀_Chegg.pdf,27.12,,43.5,,43.5,51797.18957519531,USD,USD,KRW,2021-11-30_equity-research-chegg.md,33162.1091822586,,51797.18957519531,,51797.18957519531
e4f61fb5a56f7d82,15,3,2021-11-30,"Equity Research, Inmode",Inmode,INMD,NASDAQ,INMD,2021-11-30_equity-research-inmode.pdf,http://snusmic.com/wp-content/uploads/2021/11/21_2_3주차_수정보고서_5팀_Inmode.pdf,,,172.11,,172.11,204938.2597192383,USD,USD,KRW,2021-11-30_equity-research-inmode.md,90496.2392578125,,204938.2597192383,,204938.2597192383
ab2a3cd1f6220db2,15,4,2021-11-30,"Equity Research, Opendoor",Opendoor,OPEN,NASDAQ,OPEN,2021-11-30_equity-research-opendoor.pdf,http://snusmic.com/wp-content/uploads/2021/11/21_2_3주차_수정보고서_4팀_Opendoor_Technologies_.pdf,20.64,,35.37,,35.37,42116.47345458984,USD,USD,KRW,2021-11-30_equity-research-opendoor.md,18861.321627005003,,42116.47345458984,,42116.47345458984
53c1821b2b5f4ebd,14,12,2021-12-13,"Equity Research, 세아제강지주",세아제강지주,003030,KRX,003030.KS,2021-12-13_equity-research-세아제강지주.pdf,http://snusmic.com/wp-content/uploads/2021/12/21_2_4주차_수정보고서_3팀_세아제강지주.pdf,110000.0,,154000.0,,154000.0,154000.0,KRW,KRW,KRW,2021-12-13_equity-research-세아제강지주.md,113500.0,,154000.0,,154000.0
ed3298464b2f98d5,14,11,2021-12-13,"Equity Research, 인텔리안테크",인텔리안테크,189300,KRX,189300.KQ,2021-12-13_equity-research-인텔리안테크.pdf,http://snusmic.com/wp-content/uploads/2021/12/21_2_4주차_수정보고서_4팀_인텔리안테크.pdf,80400.0,,122000.0,,122000.0,122000.0,KRW,KRW,KRW,2021-12-13_equity-research-인텔리안테크.md,83500.0,,122000.0,,122000.0
7df7f3246b237d57,15,2,2021-12-13,"Equity Research, 에스티팜",에스티팜,237690,KRX,237690.KQ,2021-12-13_equity-research-에스티팜-2.pdf,http://snusmic.com/wp-content/uploads/2021/12/21_2_4주차_수정보고서_1팀_에스티팜.pdf,128000.0,,185000.0,,185000.0,185000.0,KRW,KRW,KRW,2021-12-13_equity-research-에스티팜-2.md,126500.0,,185000.0,,185000.0
8b301da5f9cbeb69,14,10,2021-12-13,"Equity Research, 쿠콘",쿠콘,294570,KRX,294570.KQ,2021-12-13_equity-research-쿠콘.pdf,http://snusmic.com/wp-content/uploads/2021/12/21_2_4주차_수정보고서_5팀_쿠콘.pdf,77900.0,,104100.0,,104100.0,104100.0,KRW,KRW,KRW,2021-12-13_equity-research-쿠콘.md,75100.0,,104100.0,,104100.0
771f0f6cabce8bfa,15,1,2021-12-13,"Equity Research, 엔켐",엔켐,348370,KRX,348370.KQ,2021-12-13_equity-research-엔켐.pdf,http://snusmic.com/wp-content/uploads/2021/12/21_2_4주차_수정보고서_2팀_엔켐.pdf,108600.0,,174900.0,,174900.0,174900.0,KRW,KRW,KRW,2021-12-13_equity-research-엔켐.md,100100.0,,174900.0,,174900.0
104c5fd3af9d4aab,14,5,2022-04-16,"Equity Research, JYP Ent.",JYP Ent.,035900,KRX,035900.KQ,2022-04-16_equity-research-jyp-ent.pdf,http://snusmic.com/wp-content/uploads/2022/04/22_1_1주차_수정보고서_5팀_JYP_Ent..pdf,64700.0,,92400.0,,92400.0,92400.0,KRW,KRW,KRW,2022-04-16_equity-research-jyp-ent.md,58800.0,,92400.0,,92400.0
0498c71baf800437,14,9,2022-04-16,"Equity Research, 국순당",국순당,043650,KRX,043650.KQ,2022-04-16_equity-research-국순당.pdf,http://snusmic.com/wp-content/uploads/2022/04/22_1_1주차_수정보고서_1팀_국순당.pdf,10750.0,,13250.0,,13250.0,13250.0,KRW,KRW,KRW,2022-04-16_equity-research-국순당.md,10900.0,,13250.0,,13250.0
d26e5d6dca5fdc4c,14,7,2022-04-16,"Equity Research, 롯데렌탈",롯데렌탈,089860,KRX,089860.KQ,2022-04-16_equity-research-롯데렌탈.pdf,http://snusmic.com/wp-content/uploads/2022/04/22_1_1주차_수정보고서_3팀_롯데렌탈.pdf,,,63529.0,,63529.0,63529.0,KRW,KRW,KRW,2022-04-16_equity-research-롯데렌탈.md,45200.0,,63529.0,,63529.0
838c8ba80222a6dd,14,6,2022-04-16,"Equity Research, 인터로조",인터로조,119610,KRX,119610.KQ,2022-04-16_equity-research-인터로조.pdf,http://snusmic.com/wp-content/uploads/2022/04/22_1_1주차_수정보고서_4팀_인터로조.pdf,31350.0,,45500.0,,45500.0,45500.0,KRW,KRW,KRW,2022-04-16_equity-research-인터로조.md,34050.0,,45500.0,,45500.0
ad6c829b1bfc811b,14,8,2022-04-16,"Equity Research, 공구우먼",공구우먼,366030,KRX,366030.KQ,2022-04-16_equity-research-공구우먼.pdf,http://snusmic.com/wp-content/uploads/2022/04/22_1_1주차_수정보고서_2팀_공구우먼.pdf,34600.0,,37400.0,,37400.0,37400.0,KRW,KRW,KRW,2022-04-16_equity-research-공구우먼.md,34600.0,,37400.0,,37400.0
cf6e90784928ec2e,14,2,2022-05-12,"Equity Research, 벽산",벽산,007210,KRX,007210.KS,2022-05-12_equity-research-벽산-2.pdf,http://snusmic.com/wp-content/uploads/2022/05/22_1_2주차_수정보고서_3팀_벽산.pdf,,,5300.0,,5300.0,5300.0,KRW,KRW,KRW,2022-05-12_equity-research-벽산-2.md,3540.0,,5300.0,,5300.0
d02635fcf57c9831,14,1,2022-05-12,"Equity Research, 인바디",인바디,041830,KRX,041830.KQ,2022-05-12_equity-research-인바디.pdf,http://snusmic.com/wp-content/uploads/2022/05/22_1_2주차_수정보고서_4팀_인바디.pdf,27550.0,,38300.0,,38300.0,38300.0,KRW,KRW,KRW,2022-05-12_equity-research-인바디.md,28300.0,,38300.0,,38300.0
26bc78e8280443fa,14,4,2022-05-12,"Equity Research, 아이원스",아이원스,114810,KRX,114810.KQ,2022-05-12_equity-research-아이원스.pdf,http://snusmic.com/wp-content/uploads/2022/05/22_1_2주차_수정보고서_1팀_아이원스.pdf,9650.0,,16450.0,,16450.0,16450.0,KRW,KRW,KRW,2022-05-12_equity-research-아이원스.md,8880.0,,16450.0,,16450.0
c3c2941d58fd09db,13,12,2022-05-12,"Equity Research, 골프존",골프존,215000,KRX,215000.KQ,2022-05-12_equity-research-골프존-2.pdf,http://snusmic.com/wp-content/uploads/2022/05/22_1_2주차_수정보고서_5팀_골프존.pdf,179000.0,,268300.0,,268300.0,268300.0,KRW,KRW,KRW,2022-05-12_equity-research-골프존-2.md,173300.0,,268300.0,,268300.0
3d0eef9651bbf5f3,14,3,2022-05-12,"Equity Research, 애니플러스",애니플러스,310200,KRX,310200.KQ,2022-05-12_equity-research-애니플러스.pdf,http://snusmic.com/wp-content/uploads/2022/05/22_1_2주차_수정보고서_2팀_애니플러스.pdf,4215.0,,5310.0,,5310.0,5310.0,KRW,KRW,KRW,2022-05-12_equity-research-애니플러스.md,3840.0,,5310.0,,5310.0
c631200d3a42357e,13,8,2022-05-25,"Equity Research, GEM Co., Ltd.","GEM Co., Ltd.",002340,SZSE,002340.SZ,2022-05-25_equity-research-gem-co-ltd.pdf,http://snusmic.com/wp-content/uploads/2022/05/22_1_3주차_수정보고서_4팀_GEM.pdf,7.63,,11.35,,11.35,14312.236389160156,USD,CNY,KRW,2022-05-25_equity-research-gem-co-ltd.md,1587.8498542753223,,14312.236389160156,,14312.236389160156
ae2cc012ee18fbdb,13,7,2022-05-25,"Equity Research, GrafTech International Ltd.",GrafTech International Ltd.,EAF,NYSE,EAF,2022-05-25_equity-research-graftech-international-ltd.pdf,http://snusmic.com/wp-content/uploads/2022/05/22_1_3주차_수정보고서_5팀_Graftech_International_Ltd.pdf,8.25,,13.1,,13.1,16518.968872070312,USD,USD,KRW,2022-05-25_equity-research-graftech-international-ltd.md,10403.167419433594,,16518.968872070312,,16518.968872070312
6405448206fb6311,13,11,2022-05-25,"Equity Research, Scorpio Tankers Inc.",Scorpio Tankers Inc.,STNG,NYSE,STNG,2022-05-25_equity-research-scorpio-tankers-inc.pdf,http://snusmic.com/wp-content/uploads/2022/05/22_1_3주차_수정보고서_1팀_Scorpio_Tankers.pdf,29.11,,44.66,,44.66,56315.81296386718,USD,USD,KRW,2022-05-25_equity-research-scorpio-tankers-inc.md,39847.28417243576,,56315.81296386718,,56315.81296386718
ce21d8373593ec16,13,10,2022-05-25,"Equity Research, TSMC",TSMC,TSM,NYSE,TSM,2022-05-25_equity-research-tsmc.pdf,http://snusmic.com/wp-content/uploads/2022/05/22_1_3주차_수정보고서_2팀_TSMC.pdf,530.0,,764.0,,764.0,963396.3525390625,USD,USD,KRW,2022-05-25_equity-research-tsmc.md,668324.6948242188,,963396.3525390625,,963396.3525390625
3cb65668846f456b,13,9,2022-05-25,"Equity Research, Vertex Energy, Inc.","Vertex Energy, Inc.",VTNR,NASDAQ,VTNR,2022-05-25_equity-research-vertex-energy-inc.pdf,http://snusmic.com/wp-content/uploads/2022/05/22_1_3주차_수정보고서_3팀_Vertex_Energy.pdf,14.68,,21.06,,21.06,26556.449194335935,USD,USD,KRW,2022-05-25_equity-research-vertex-energy-inc.md,18511.333056640626,,26556.449194335935,,26556.449194335935
6e5ccfe04b55d4c4,13,5,2022-06-08,"Equity Research, DL",DL,000210,KRX,000210.KS,2022-06-08_equity-research-dl.pdf,http://snusmic.com/wp-content/uploads/2022/06/22_1_4주차_수정보고서_2팀_DL.pdf,68000.0,,102000.0,,102000.0,102000.0,KRW,KRW,KRW,2022-06-08_equity-research-dl.md,67000.0,,102000.0,,102000.0
4945335edf0a3d6d,13,2,2022-06-08,"Equity Research, 동아쏘시오홀딩스",동아쏘시오홀딩스,000640,KRX,000640.KS,2022-06-08_equity-research-동아쏘시오홀딩스.pdf,http://snusmic.com/wp-content/uploads/2022/06/22_1_4주차_수정보고서_5팀_동아쏘시오홀딩스.pdf,107000.0,,155500.0,,155500.0,155500.0,KRW,KRW,KRW,2022-06-08_equity-research-동아쏘시오홀딩스.md,99915.1640625,,155500.0,,155500.0
c57f20ad93adf797,13,6,2022-06-08,"Equity Research, LS",LS,006260,KRX,006260.KS,2022-06-08_equity-research-ls.pdf,http://snusmic.com/wp-content/uploads/2022/06/22_1_4주차_수정보고서_1팀_LS.pdf,66700.0,,163000.0,,163000.0,163000.0,KRW,KRW,KRW,2022-06-08_equity-research-ls.md,68700.0,,163000.0,,163000.0
a9a5c7d8c6e6995d,13,3,2022-06-08,"Equity Research, 영원무역홀딩스",영원무역홀딩스,009970,KRX,009970.KS,2022-06-08_equity-research-영원무역홀딩스.pdf,http://snusmic.com/wp-content/uploads/2022/06/22_1_4주차_수정보고서_4팀_영원무역홀딩스.pdf,57700.0,,85000.0,,85000.0,85000.0,KRW,KRW,KRW,2022-06-08_equity-research-영원무역홀딩스.md,57700.0,,85000.0,,85000.0
c82e104c235c6247,13,4,2022-06-08,"Equity Research, 티와이홀딩스",티와이홀딩스,363280,KRX,363280.KS,2022-06-08_equity-research-티와이홀딩스.pdf,http://snusmic.com/wp-content/uploads/2022/06/22_1_4주차_수정보고서_3팀_티와이홀딩스.pdf,25300.0,,38100.0,,38100.0,38100.0,KRW,KRW,KRW,2022-06-08_equity-research-티와이홀딩스.md,25247.423828125,,38100.0,,38100.0
abf8b4129d0067a3,12,10,2022-10-13,"Equity Research, 아프리카TV",아프리카TV,067160,KRX,067160.KQ,2022-10-13_equity-research-아프리카tv.pdf,http://snusmic.com/wp-content/uploads/2022/10/22_2_1주차_수정보고서_4팀_아프리카TV.pdf,75500.0,,101500.0,,101500.0,101500.0,KRW,KRW,KRW,2022-10-13_equity-research-아프리카tv.md,71300.0,,101500.0,,101500.0
269ab4f8ab06ddcc,12,11,2022-10-13,"Equity Research, 나스미디어",나스미디어,089600,KRX,089600.KQ,2022-10-13_equity-research-나스미디어.pdf,http://snusmic.com/wp-content/uploads/2022/10/22_2_1주차_수정보고서_3팀_나스미디어.pdf,29550.0,,45500.0,,45500.0,45500.0,KRW,KRW,KRW,2022-10-13_equity-research-나스미디어.md,28363.63671875,,45500.0,,45500.0
65fede2d24495586,13,1,2022-10-13,"Equity Research, 바이오플러스",바이오플러스,099430,KRX,099430.KQ,2022-10-13_equity-research-바이오플러스.pdf,http://snusmic.com/wp-content/uploads/2022/10/22_2_1주차_수정보고서_1팀_바이오플러스.pdf,29100.0,,42900.0,,42900.0,42900.0,KRW,KRW,KRW,2022-10-13_equity-research-바이오플러스.md,29100.0,,42900.0,,42900.0
c36f87938dfe83da,12,9,2022-10-13,"Equity Research, 아이씨에이치",아이씨에이치,368600,KRX,368600.KQ,2022-10-13_equity-research-아이씨에이치.pdf,http://snusmic.com/wp-content/uploads/2022/10/22_2_1주차_수정보고서_5팀_아이씨에이치.pdf,26300.0,,31100.0,,31100.0,31100.0,KRW,KRW,KRW,2022-10-13_equity-research-아이씨에이치.md,9050.0,,31100.0,,31100.0
f9eba10d5b1a6274,12,12,2022-10-13,"Equity Research, HPSP",HPSP,403870,KRX,403870.KQ,2022-10-13_equity-research-hpsp.pdf,http://snusmic.com/wp-content/uploads/2022/10/22_2_1주차_수정보고서_2팀_HPSP.pdf,57500.0,,89100.0,,89100.0,89100.0,KRW,KRW,KRW,2022-10-13_equity-research-hpsp.md,57500.0,,89100.0,,89100.0
fea27bf20d0f8d88,12,8,2022-11-13,"Equity Research, 이수페타시스",이수페타시스,007660,KRX,007660.KS,2022-11-13_equity-research-이수페타시스-2.pdf,http://snusmic.com/wp-content/uploads/2022/11/22_2_2주차_수정보고서_1팀_이수페타시스.pdf,5480.0,,7600.0,,7600.0,7600.0,KRW,KRW,KRW,2022-11-13_equity-research-이수페타시스-2.md,5730.0,,7600.0,,7600.0
d1a34670c737d9ac,12,7,2022-11-13,"Equity Research, S-OIL",S-OIL,010950,KRX,010950.KS,2022-11-13_equity-research-s-oil-3.pdf,http://snusmic.com/wp-content/uploads/2022/11/22_2_2주차_수정보고서_2팀_S_OIL.pdf,91800.0,,122500.0,,122500.0,122500.0,KRW,KRW,KRW,2022-11-13_equity-research-s-oil-3.md,89800.0,,122500.0,,122500.0
165ce2f1aeafe7fe,12,5,2022-11-13,"Equity Research, 이랜텍",이랜텍,054210,KRX,054210.KQ,2022-11-13_equity-research-이랜텍.pdf,http://snusmic.com/wp-content/uploads/2022/11/22_2_2주차_수정보고서_4팀_이랜텍.pdf,12250.0,,17500.0,,17500.0,17500.0,KRW,KRW,KRW,2022-11-13_equity-research-이랜텍.md,12500.0,,17500.0,,17500.0
3ce25880fb8c6a07,12,6,2022-11-13,"Equity Research, 우리금융지주",우리금융지주,316140,KRX,316140.KS,2022-11-13_equity-research-우리금융지주.pdf,http://snusmic.com/wp-content/uploads/2022/11/22_2_2주차_수정보고서_3팀_우리금융지주.pdf,11450.0,,14700.0,,14700.0,14700.0,KRW,KRW,KRW,2022-11-13_equity-research-우리금융지주.md,11900.0,,14700.0,,14700.0
23dfbf83613d3029,12,4,2022-11-13,"Equity Research, 현대에너지솔루션",현대에너지솔루션,322000,KRX,322000.KS,2022-11-13_equity-research-현대에너지솔루션.pdf,http://snusmic.com/wp-content/uploads/2022/11/22_2_2주차_수정보고서_5팀_현대에너지솔루션.pdf,56600.0,,82700.0,,82700.0,82700.0,KRW,KRW,KRW,2022-11-13_equity-research-현대에너지솔루션.md,61000.0,,82700.0,,82700.0
9ad4504d75edadfa,12,3,2022-11-25,"Equity Research, Arista Networks",Arista Networks,ANET,NYSE,ANET,2022-11-25_equity-research-arista-networks.pdf,http://snusmic.com/wp-content/uploads/2022/11/22_2_3주차_수정보고서_1팀_Arist_Networks.pdf,132.06,,167.75,,167.75,221076.0499572754,USD,USD,KRW,2022-11-25_equity-research-arista-networks.md,44729.18528732145,,221076.0499572754,,221076.0499572754
2dcae6668e7aa836,11,12,2022-11-25,"Equity Research, MP Materials",MP Materials,MP,NYSE,MP,2022-11-25_equity-research-mp-materials.pdf,http://snusmic.com/wp-content/uploads/2022/11/22_2_3주차_수정보고서_4팀_MP_Materials.pdf,32.47,,51.4,,51.4,67739.54675292969,USD,USD,KRW,2022-11-25_equity-research-mp-materials.md,43846.20139063569,,67739.54675292969,,67739.54675292969
4be410cfa6fd46e4,11,11,2022-11-25,"Equity Research, Noble Corporation PLC",Noble Corporation PLC,NE,NYSE,NE,2022-11-25_equity-research-noble-corporation-plc.pdf,http://snusmic.com/wp-content/uploads/2022/11/22_2_3주차_수정보고서_5팀_Noble_Corporation_PLC.pdf,38.26,,47.16,,47.16,62151.69309082031,USD,USD,KRW,2022-11-25_equity-research-noble-corporation-plc.md,48037.09203940584,,62151.69309082031,,62151.69309082031
9f7576102ac7fc38,12,2,2022-11-25,"Equity Research, Tenaris S.A.",Tenaris S.A.,TS,NYSE,TS,2022-11-25_equity-research-tenaris-s-a.pdf,http://snusmic.com/wp-content/uploads/2022/11/22-2-3주차-수정보고서_2팀-Tenaris-S.A.-1.pdf,17.22,,24.44,,24.44,32209.231958007815,USD,USD,KRW,2022-11-25_equity-research-tenaris-s-a.md,44584.22160868533,,32209.231958007815,,32209.231958007815
e48aad623ee4de4e,12,1,2022-11-25,"Equity Research, Wolfspeed",Wolfspeed,WOLF,NYSE,WOLF,2022-11-25_equity-research-wolfspeed.pdf,http://snusmic.com/wp-content/uploads/2022/11/22_2_3주차_수정보고서_3팀_Wolfspeed.pdf,88.06,,109.68,,109.68,144546.17680664064,USD,USD,KRW,2022-11-25_equity-research-wolfspeed.md,31132.49067409896,,144546.17680664064,,144546.17680664064
d9b3d180a37a3af7,11,6,2022-12-08,"Equity Research, 포스코홀딩스",포스코홀딩스,005490,KRX,005490.KS,2022-12-08_equity-research-포스코홀딩스.pdf,http://snusmic.com/wp-content/uploads/2022/12/22_2_4주차_수정보고서_5팀_POSCO홀딩스.pdf,295000.0,,365000.0,,365000.0,365000.0,KRW,KRW,KRW,2022-12-08_equity-research-포스코홀딩스.md,286500.0,,365000.0,,365000.0
756754d30bf2606b,11,7,2022-12-08,"Equity Research, 삼성엔지니어링",삼성엔지니어링,028050,KRX,028050.KS,2022-12-08_equity-research-삼성엔지니어링.pdf,http://snusmic.com/wp-content/uploads/2022/12/22_2_4주차_수정보고서_4팀_삼성엔지니어링.pdf,23700.0,,33800.0,,33800.0,33800.0,KRW,KRW,KRW,2022-12-08_equity-research-삼성엔지니어링.md,23150.0,,33800.0,,33800.0
65d963a7cd1c0daa,11,10,2022-12-08,"Equity Research, 한국항공우주",한국항공우주,047810,KRX,047810.KS,2022-12-08_equity-research-한국항공우주.pdf,http://snusmic.com/wp-content/uploads/2022/12/22_2_4주차_수정보고서_1팀_한국항공우주.pdf,47000.0,,67000.0,,67000.0,67000.0,KRW,KRW,KRW,2022-12-08_equity-research-한국항공우주.md,46150.0,,67000.0,,67000.0
b52b85860ebe5b2f,11,9,2022-12-08,"Equity Research, 셀트리온",셀트리온,068270,KRX,068270.KS,2022-12-08_equity-research-셀트리온-3.pdf,http://snusmic.com/wp-content/uploads/2022/12/22_2_4주차_수정보고서_2팀_셀트리온.pdf,174000.0,,222000.0,,222000.0,222000.0,KRW,KRW,KRW,2022-12-08_equity-research-셀트리온-3.md,155413.5,,222000.0,,222000.0
9b739307066946a9,11,8,2022-12-08,"Equity Research, SNT에너지",SNT에너지,100840,KRX,100840.KQ,2022-12-08_equity-research-snt에너지.pdf,http://snusmic.com/wp-content/uploads/2022/12/22_2_4주차_수정보고서_3팀_SNT에너지.pdf,22850.0,,35500.0,,35500.0,35500.0,KRW,KRW,KRW,2022-12-08_equity-research-snt에너지.md,6716.66650390625,,35500.0,,35500.0
a49675bcf9654922,11,2,2023-04-13,"Equity Research, 아스플로",아스플로,159010,KRX,159010.KQ,2023-04-13_equity-research-아스플로.pdf,http://snusmic.com/wp-content/uploads/2023/04/23-1_1주차_수정보고서_4팀_아스플로.pdf,13500.0,,20300.0,,20300.0,20300.0,KRW,KRW,KRW,2023-04-13_equity-research-아스플로.md,13990.0,,20300.0,,20300.0
d5e61dbccad3af20,11,5,2023-04-13,"Equity Research, 큐브엔터",큐브엔터,182360,KRX,182360.KQ,2023-04-13_equity-research-큐브엔터.pdf,http://snusmic.com/wp-content/uploads/2023/04/23_1_1주차_수정보고서_1팀_큐브엔터.pdf,24200.0,,41900.0,,41900.0,41900.0,KRW,KRW,KRW,2023-04-13_equity-research-큐브엔터.md,26100.0,,41900.0,,41900.0
c356d64193bfcf87,11,4,2023-04-13,"Equity Research, 글로벌텍스프리",글로벌텍스프리,204620,KRX,204620.KQ,2023-04-13_equity-research-글로벌텍스프리-2.pdf,http://snusmic.com/wp-content/uploads/2023/04/23_1_1주차_보고서_2팀_글로벌텍스프리-1.pdf,3800.0,,4925.0,3800.0,4925.0,4925.0,KRW,KRW,KRW,2023-04-13_equity-research-글로벌텍스프리-2.md,3350.73974609375,,4925.0,3800.0,4925.0
e297c3688dff52fa,11,1,2023-04-13,"Equity Research, 파마리서치",파마리서치,214450,KRX,214450.KQ,2023-04-13_equity-research-파마리서치.pdf,http://snusmic.com/wp-content/uploads/2023/04/23_1_1주차_수정보고서_5팀_파마리서치.pdf,86800.0,,111600.0,,111600.0,111600.0,KRW,KRW,KRW,2023-04-13_equity-research-파마리서치.md,90600.0,,111600.0,,111600.0
2b7cda74f6f72d97,11,3,2023-04-13,"Equity Research, JTC",JTC,950170,KRX,950170.KQ,2023-04-13_equity-research-jtc.pdf,http://snusmic.com/wp-content/uploads/2023/04/23_1_1주차_수정보고서_3팀_JTC.pdf,4075.0,,7100.0,,7100.0,7100.0,KRW,KRW,KRW,2023-04-13_equity-research-jtc.md,4050.0,,7100.0,,7100.0
901dc44d3eedc130,10,8,2023-05-11,"Equity Research, 태광",태광,023160,KRX,023160.KS,2023-05-11_equity-research-태광-2.pdf,http://snusmic.com/wp-content/uploads/2023/05/23_1_2주차_수정보고서_5팀_태광.pdf,18120.0,,28840.0,,28840.0,28840.0,KRW,KRW,KRW,2023-05-11_equity-research-태광-2.md,18340.0,,28840.0,,28840.0
cc7b035df24effd5,10,10,2023-05-11,"Equity Research, 태웅",태웅,044490,KRX,044490.KQ,2023-05-11_equity-research-태웅-3.pdf,http://snusmic.com/wp-content/uploads/2023/05/23_1_2주차_수정보고서_3팀_태웅.pdf,13700.0,,28600.0,,28600.0,28600.0,KRW,KRW,KRW,2023-05-11_equity-research-태웅-3.md,14070.0,,28600.0,,28600.0
bf9bbe66a98dea96,10,11,2023-05-11,"Equity Research, SK디앤디",SK디앤디,210980,KRX,210980.KS,2023-05-11_equity-research-sk디앤디-2.pdf,http://snusmic.com/wp-content/uploads/2023/05/23_1_2주차_수정보고서_2팀_SK디앤디.pdf,22300.0,,38000.0,,38000.0,38000.0,KRW,KRW,KRW,2023-05-11_equity-research-sk디앤디-2.md,23400.0,,38000.0,,38000.0
c80230176ec588e2,10,12,2023-05-11,"Equity Research, 레이",레이,228670,KRX,228670.KQ,2023-05-11_equity-research-레이.pdf,http://snusmic.com/wp-content/uploads/2023/05/23_1_1주차_수정보고서_1팀_레이.pdf,34550.0,,73700.0,,73700.0,73700.0,KRW,KRW,KRW,2023-05-11_equity-research-레이.md,34050.0,,73700.0,,73700.0
28902e013d64471e,10,9,2023-05-11,"Equity Research, 진시스템",진시스템,363250,KRX,363250.KQ,2023-05-11_equity-research-진시스템.pdf,http://snusmic.com/wp-content/uploads/2023/05/23_1_2주차_수정보고서_4팀_진시스템.pdf,17990.0,,32800.0,,32800.0,32800.0,KRW,KRW,KRW,2023-05-11_equity-research-진시스템.md,17830.0,,32800.0,,32800.0
93c78f6ec8b53672,10,6,2023-05-25,"Equity Research, JW중외제약",JW중외제약,001060,KRX,001060.KS,2023-05-25_equity-research-jw중외제약.pdf,http://snusmic.com/wp-content/uploads/2023/05/23_1_3주차_수정보고서_2팀_JW중외제약.pdf,24600.0,,35600.0,,35600.0,35600.0,KRW,KRW,KRW,2023-05-25_equity-research-jw중외제약.md,23774.509765625,,35600.0,,35600.0
73eb3af5c6c360ec,10,5,2023-05-25,"Equity Research, 루닛",루닛,328130,KRX,328130.KQ,2023-05-25_equity-research-루닛.pdf,http://snusmic.com/wp-content/uploads/2023/05/23_1_3주차_수정보고서_3팀_루닛.pdf,68800.0,,122700.0,,122700.0,122700.0,KRW,KRW,KRW,2023-05-25_equity-research-루닛.md,40200.0,,122700.0,,122700.0
bb032f63980dd892,10,4,2023-05-25,"Equity Research, 기가비스",기가비스,420770,KRX,420770.KQ,2023-05-25_equity-research-기가비스.pdf,http://snusmic.com/wp-content/uploads/2023/05/23_1_3주차_수정보고서_4팀_기가비스.pdf,,,84800.0,,84800.0,84800.0,KRW,KRW,KRW,2023-05-25_equity-research-기가비스.md,74600.0,,84800.0,,84800.0
2937539ac8e17f5c,10,3,2023-05-25,"Equity Research, Bank of America Corp.",Bank of America Corp.,BAC,NYSE,BAC,2023-05-25_equity-research-bank-of-america-corp.pdf,http://snusmic.com/wp-content/uploads/2023/05/23_1_3주차_수정보고서_5팀_Bank_of_America_Corp.pdf,28.47,,33.17,,33.17,43735.309047851566,USD,USD,KRW,2023-05-25_equity-research-bank-of-america-corp.md,37142.70905079041,,43735.309047851566,,43735.309047851566
69e082beafe7c93a,10,7,2023-05-25,"Equity Research, Eneti Inc.",Eneti Inc.,NETI,NYSE,NETI,2023-05-25_equity-research-eneti-inc.pdf,http://snusmic.com/wp-content/uploads/2023/05/23_1_3주차_수정보고서_1팀_Eneti_Inc.pdf,8.39,,14.64,,14.64,19303.1330859375,USD,USD,KRW,2023-05-25_equity-research-eneti-inc.md,11062.382963867189,,19303.1330859375,,19303.1330859375
07c7395490c32f67,9,12,2023-06-09,"Equity Research, DI동일",DI동일,001530,KRX,001530.KS,2023-06-09_equity-research-di동일.pdf,http://snusmic.com/wp-content/uploads/2023/06/23_1_4주차_수정보고서_3팀_DI동일.pdf,20500.0,,30700.0,,30700.0,30700.0,KRW,KRW,KRW,2023-06-09_equity-research-di동일.md,18848.515625,,30700.0,,30700.0
f676409a881dd9d4,9,10,2023-06-09,"Equity Research, 롯데웰푸드",롯데웰푸드,280360,KRX,280360.KQ,2023-06-09_equity-research-롯데웰푸드.pdf,http://snusmic.com/wp-content/uploads/2023/06/23_1_4주차_수정보고서_5팀_롯데웰푸드.pdf,107000.0,,220500.0,,220500.0,220500.0,KRW,KRW,KRW,2023-06-09_equity-research-롯데웰푸드.md,110500.0,,220500.0,,220500.0
b9143e5e11be8dd3,10,2,2023-06-09,"Equity Research, 제이시스메디칼",제이시스메디칼,287410,KRX,287410.KQ,2023-06-09_equity-research-제이시스메디칼.pdf,http://snusmic.com/wp-content/uploads/2023/06/23_1_4주차_수정보고서_1팀_제이시스메디칼.pdf,9590.0,,15420.0,,15420.0,15420.0,KRW,KRW,KRW,2023-06-09_equity-research-제이시스메디칼.md,9590.0,,15420.0,,15420.0
9dd7015afab39338,10,1,2023-06-09,"Equity Research, 메쎄이상",메쎄이상,408920,KRX,408920.KQ,2023-06-09_equity-research-메쎄이상.pdf,http://snusmic.com/wp-content/uploads/2023/06/23_1_4주차_수정보고서_2팀_메쎄이상.pdf,2825.0,,4620.0,,4620.0,4620.0,KRW,KRW,KRW,2023-06-09_equity-research-메쎄이상.md,2835.0,,4620.0,,4620.0
5d9c4bc6c432e222,9,11,2023-06-09,"Equity Research, 현대그린푸드",현대그린푸드,453340,KRX,453340.KQ,2023-06-09_equity-research-현대그린푸드-2.pdf,http://snusmic.com/wp-content/uploads/2023/06/23_1_4주차_수정보고서_4팀_현대그린푸드.pdf,11910.0,,21600.0,,21600.0,21600.0,KRW,KRW,KRW,2023-06-09_equity-research-현대그린푸드-2.md,12650.0,,21600.0,,21600.0
0448a5a1bc4adf29,9,5,2023-10-19,"Equity Research, SK하이닉스",SK하이닉스,000660,KRX,000660.KS,2023-10-19_equity-research-sk하이닉스-2.pdf,http://snusmic.com/wp-content/uploads/2023/10/23_2_1주차_수정보고서_5팀_SK하이닉스.pdf,124700.0,,164600.0,,164600.0,164600.0,KRW,KRW,KRW,2023-10-19_equity-research-sk하이닉스-2.md,125700.0,,164600.0,,164600.0
a5904b4b761c1514,9,7,2023-10-19,"Equity Research, 코세스",코세스,089890,KRX,089890.KQ,2023-10-19_equity-research-코세스.pdf,http://snusmic.com/wp-content/uploads/2023/10/23_2_1주차_수정보고서_3팀_코세스.pdf,9.6,,18600.0,,18600.0,18600.0,KRW,KRW,KRW,2023-10-19_equity-research-코세스.md,9.6,,18600.0,,18600.0
6d9d512e26b0f33c,9,6,2023-10-19,"Equity Research, 에이디테크놀로지",에이디테크놀로지,200710,KRX,200710.KQ,2023-10-19_equity-research-에이디테크놀로지.pdf,http://snusmic.com/wp-content/uploads/2023/10/23_2_1주차_수정보고서_4팀_에이디테크놀로지.pdf,23200.0,,75100.0,,75100.0,75100.0,KRW,KRW,KRW,2023-10-19_equity-research-에이디테크놀로지.md,21550.0,,75100.0,,75100.0
98f5913a5681e6f8,9,8,2023-10-19,"Equity Research, HD현대일렉트릭",HD현대일렉트릭,267260,KRX,267260.KS,2023-10-19_equity-research-hd현대일렉트릭.pdf,http://snusmic.com/wp-content/uploads/2023/10/23_2_1주차_수정보고서_2팀_HD현대일렉트릭.pdf,71600.0,,140100.0,,140100.0,140100.0,KRW,KRW,KRW,2023-10-19_equity-research-hd현대일렉트릭.md,71000.0,,140100.0,,140100.0
43cf21f96cadad79,9,9,2023-10-19,"Equity Research, 하이브",하이브,352820,KRX,352820.KS,2023-10-19_equity-research-하이브-2.pdf,http://snusmic.com/wp-content/uploads/2023/10/23_2-1주차-수정보고서_1팀-하이브.pdf,244500.0,,334500.0,,334500.0,334500.0,KRW,KRW,KRW,2023-10-19_equity-research-하이브-2.md,227500.0,,334500.0,,334500.0
365952811d249b70,9,1,2023-11-12,"Equity Research, LX인터내셔널",LX인터내셔널,001120,KRX,001120.KS,2023-11-12_equity-research-lx인터내셔널.pdf,http://snusmic.com/wp-content/uploads/2023/11/23_2_2주차_수정보고서_4팀_lx인터내셔널.pdf,52800.0,,26300.0,,26300.0,26300.0,KRW,KRW,KRW,2023-11-12_equity-research-lx인터내셔널.md,29350.0,,26300.0,,26300.0
6288504ba75cd344,9,4,2023-11-12,"Equity Research, 두산테스나",두산테스나,131970,KRX,131970.KQ,2023-11-12_equity-research-두산테스나.pdf,http://snusmic.com/wp-content/uploads/2023/11/23_2_2주차_수정보고서_1팀_두산테스나.pdf,52500.0,,66500.0,,66500.0,66500.0,KRW,KRW,KRW,2023-11-12_equity-research-두산테스나.md,53900.0,,66500.0,,66500.0
252af1ebaf6e7424,9,3,2023-11-12,"Equity Research, 효성티앤씨",효성티앤씨,298020,KRX,298020.KQ,2023-11-12_equity-research-효성티앤씨-2.pdf,http://snusmic.com/wp-content/uploads/2023/11/23_2_2주차_수정보고서_2팀_효성티앤씨.pdf,364500.0,,514000.0,,514000.0,514000.0,KRW,KRW,KRW,2023-11-12_equity-research-효성티앤씨-2.md,370000.0,,514000.0,,514000.0
89d8aced121019d6,9,2,2023-11-12,"Equity Research, DL이앤씨",DL이앤씨,375500,KRX,375500.KS,2023-11-12_equity-research-dl이앤씨.pdf,http://snusmic.com/wp-content/uploads/2023/11/23_2_2주차_수정보고서_3팀_DL이앤씨.pdf,34800.0,,82600.0,,82600.0,82600.0,KRW,KRW,KRW,2023-11-12_equity-research-dl이앤씨.md,36900.0,,82600.0,,82600.0
f02894f6b517e70d,8,12,2023-11-12,"Equity Research, 파두",파두,440110,KRX,440110.KQ,2023-11-12_equity-research-파두.pdf,http://snusmic.com/wp-content/uploads/2023/11/23_2_2주차_수정보고서_5팀_파두.pdf,33550.0,12600.0,34600.0,63700.0,34600.0,34600.0,KRW,KRW,KRW,2023-11-12_equity-research-파두.md,19040.0,12600.0,34600.0,63700.0,34600.0
f6ba22fa65ef060a,8,7,2023-11-22,"Equity Research, BYD",BYD,1211,HKG,1211.HK,2023-11-22_equity-research-byd.pdf,http://snusmic.com/wp-content/uploads/2023/11/23_2_3주차_수정보고서_5팀_BYD.pdf,238.3,,331.7,,331.7,55109.51847076416,HKD,HKD,KRW,2023-11-22_equity-research-byd.md,13291.412353515623,,55109.51847076416,,55109.51847076416
17625b05df5d5a99,8,11,2023-11-22,"Equity Research, BE Semiconductor Industries N.V.",BE Semiconductor Industries N.V.,BESI,AMS,BESI.AS,2023-11-22_equity-research-be-semiconductor-industries-n-v.pdf,http://snusmic.com/wp-content/uploads/2023/11/23-2-3주차-수정보고서_1팀-BE-Semiconductor-Industries-N.V.pdf,118.4,,166.7,229.2,166.7,215908.16323242185,USD,EUR,KRW,2023-11-22_equity-research-be-semiconductor-industries-n-v.md,168689.67119073495,,215908.16323242185,296857.5345703125,215908.16323242185
2706f0a40fb7c071,8,8,2023-11-22,"Equity Research, Eli Lilly & Co.",Eli Lilly & Co.,LLY,NYSE,LLY,2023-11-22_equity-research-eli-lilly-co.pdf,http://snusmic.com/wp-content/uploads/2023/11/23_2_3주차_수정보고서_4팀_Eli_Lilly__Co.pdf,588.8,,745.2,,745.2,965175.5443359376,USD,USD,KRW,2023-11-22_equity-research-eli-lilly-co.md,770754.6170143783,,965175.5443359376,,965175.5443359376
2123a3988d72c5e2,8,10,2023-11-22,"Equity Research, Lonza Group AG",Lonza Group AG,LONN,SIX,LONN.SW,2023-11-22_equity-research-lonza-group-ag.pdf,http://snusmic.com/wp-content/uploads/2023/11/23_2_3주차_수정보고서_2팀_Lonza_Group_AG.pdf,353.3,,465.4,,465.4,602781.3987304687,USD,CHF,KRW,2023-11-22_equity-research-lonza-group-ag.md,516433.7326453626,,602781.3987304687,,602781.3987304687
616b5a7fe9444744,8,9,2023-11-22,"Equity Research, Vertiv Holdings Co.",Vertiv Holdings Co.,VRT,NYSE,VRT,2023-11-22_equity-research-vertiv-holdings-co.pdf,http://snusmic.com/wp-content/uploads/2023/11/23_2_3주차_수정보고서_3팀_Vertiv_Holdings_Co.pdf,42.84,,61.97,123.7,61.97,80262.92066894531,USD,USD,KRW,2023-11-22_equity-research-vertiv-holdings-co.md,56366.6668428909,,80262.92066894531,160214.99575195313,80262.92066894531
125064b6b657b898,8,5,2023-12-06,"Equity Research, 동진쎄미켐",동진쎄미켐,005290,KRX,005290.KS,2023-12-06_equity-research-동진쎄미켐.pdf,http://snusmic.com/wp-content/uploads/2023/12/23-2-4주차-수정보고서_2팀-동진쎄미켐.pdf,37350.0,,62950.0,,62950.0,62950.0,KRW,KRW,KRW,2023-12-06_equity-research-동진쎄미켐.md,38850.0,,62950.0,,62950.0
87b49960c560227a,8,3,2023-12-06,"Equity Research, 화승인더",화승인더,006060,KRX,006060.KS,2023-12-06_equity-research-화승인더-2.pdf,http://snusmic.com/wp-content/uploads/2023/12/23-2-4주차-수정보고서_4팀_화승인더.pdf,3505.0,,6700.0,,6700.0,6700.0,KRW,KRW,KRW,2023-12-06_equity-research-화승인더-2.md,3465.0,,6700.0,,6700.0
15968b8b703279d7,8,4,2023-12-06,"Equity Research, 아난티",아난티,025980,KRX,025980.KS,2023-12-06_equity-research-아난티.pdf,http://snusmic.com/wp-content/uploads/2023/12/23_2_4주차-수정보고서_3팀-아난티.pdf,6520.0,,12700.0,,12700.0,12700.0,KRW,KRW,KRW,2023-12-06_equity-research-아난티.md,6600.0,,12700.0,,12700.0
6615fd1894ed9c54,8,6,2023-12-06,"Equity Research, 비에이치",비에이치,090460,KRX,090460.KS,2023-12-06_equity-research-비에이치-2.pdf,http://snusmic.com/wp-content/uploads/2023/12/23-2-4주차-수정보고서_1팀-비에이치.pdf,21250.0,,31000.0,,31000.0,31000.0,KRW,KRW,KRW,2023-12-06_equity-research-비에이치-2.md,21800.0,,31000.0,,31000.0
8756207870a55bd2,8,2,2023-12-06,"Equity Research, 코스맥스",코스맥스,192820,KRX,192820.KS,2023-12-06_equity-research-코스맥스-2.pdf,http://snusmic.com/wp-content/uploads/2023/12/23-2-4주차-수정보고서_5팀-코스맥스.pdf,112500.0,,142000.0,,142000.0,142000.0,KRW,KRW,KRW,2023-12-06_equity-research-코스맥스-2.md,121000.0,,142000.0,,142000.0
f4b4743cad6757a2,7,9,2024-04-17,"Equity Research, 현대차",현대차,005380,KRX,005380.KS,2024-04-17_equity-research-현대차-2.pdf,http://snusmic.com/wp-content/uploads/2024/04/24-1-1주차-수정보고서_5팀-현대차.pdf,238000.0,,314900.0,,314900.0,314900.0,KRW,KRW,KRW,2024-04-17_equity-research-현대차-2.md,233500.0,,314900.0,,314900.0
b0158f20a113fb69,7,12,2024-04-17,"Equity Research, 한화오션",한화오션,042660,KRX,042660.KS,2024-04-17_equity-research-한화오션.pdf,http://snusmic.com/wp-content/uploads/2024/04/24_1_1주차_수정보고서_2팀_한화오션.pdf,28500.0,,50100.0,54500.0,50100.0,50100.0,KRW,KRW,KRW,2024-04-17_equity-research-한화오션.md,29000.0,,50100.0,54500.0,50100.0
d49f749544244267,7,11,2024-04-17,"Equity Research, 한전기술",한전기술,052690,KRX,052690.KS,2024-04-17_equity-research-한전기술-2.pdf,http://snusmic.com/wp-content/uploads/2024/04/24_1_1주차_수정보고서_3팀_한전기술.pdf,58800.0,,95000.0,,95000.0,95000.0,KRW,KRW,KRW,2024-04-17_equity-research-한전기술-2.md,54400.0,,95000.0,,95000.0
254371e2fffbde07,8,1,2024-04-17,"Equity Research, 한양디지텍",한양디지텍,078350,KRX,078350.KS,2024-04-17_equity-research-한양디지텍.pdf,http://snusmic.com/wp-content/uploads/2024/04/24_1_1주차_수정보고서_1팀_한양디지텍.pdf,22200.0,,47800.0,,47800.0,47800.0,KRW,KRW,KRW,2024-04-17_equity-research-한양디지텍.md,22500.0,,47800.0,,47800.0
2ad3482d1c1cdd6b,7,10,2024-04-17,"Equity Research, 에스티팜",에스티팜,237690,KRX,237690.KQ,2024-04-17_equity-research-에스티팜-3.pdf,http://snusmic.com/wp-content/uploads/2024/04/24_1_1주차_수정보고서_4팀_에스티팜.pdf,83300.0,,114301.0,201602.0,114301.0,114301.0,KRW,KRW,KRW,2024-04-17_equity-research-에스티팜-3.md,80900.0,,114301.0,201602.0,114301.0
da8ce74880802085,7,5,2024-05-09,"Equity Research, 율촌화학",율촌화학,008730,KRX,008730.KS,2024-05-09_equity-research-율촌화학.pdf,http://snusmic.com/wp-content/uploads/2024/05/24_1_2주차_수정보고서_4팀_율촌화학.pdf,32350.0,,69000.0,,69000.0,69000.0,KRW,KRW,KRW,2024-05-09_equity-research-율촌화학.md,32750.0,,69000.0,,69000.0
900365bad5804ccf,7,4,2024-05-09,"Equity Research, 롯데관광개발",롯데관광개발,032350,KRX,032350.KS,2024-05-09_equity-research-롯데관광개발.pdf,http://snusmic.com/wp-content/uploads/2024/05/24_1_2주차_수정보고서_5팀_롯데관광개발.pdf,10150.0,,19220.0,,19220.0,19220.0,KRW,KRW,KRW,2024-05-09_equity-research-롯데관광개발.md,9830.0,,19220.0,,19220.0
5acb22971c94d24f,7,7,2024-05-09,"Equity Research, 데브시스터즈",데브시스터즈,194480,KRX,194480.KQ,2024-05-09_equity-research-데브시스터즈-2.pdf,http://snusmic.com/wp-content/uploads/2024/05/24_1_2주차_수정보고서_2팀_데브시스터즈.pdf,47100.0,,87700.0,,87700.0,87700.0,KRW,KRW,KRW,2024-05-09_equity-research-데브시스터즈-2.md,50800.0,,87700.0,,87700.0
7eaa6f87b4ef8f44,7,6,2024-05-09,"Equity Research, 알테오젠",알테오젠,196170,KRX,196170.KQ,2024-05-09_equity-research-알테오젠.pdf,http://snusmic.com/wp-content/uploads/2024/05/24_1_2주차_수정보고서_3팀_알테오젠.pdf,180800.0,,242200.0,,242200.0,242200.0,KRW,KRW,KRW,2024-05-09_equity-research-알테오젠.md,169900.0,,242200.0,,242200.0
d2fe718659694902,7,8,2024-05-09,"Equity Research, 에이피알",에이피알,278470,KRX,278470.KS,2024-05-09_equity-research-에이피알.pdf,http://snusmic.com/wp-content/uploads/2024/05/24_1_2주차_수정보고서_1팀_에이피알.pdf,297000.0,,414000.0,,414000.0,414000.0,KRW,KRW,KRW,2024-05-09_equity-research-에이피알.md,297000.0,,414000.0,,414000.0
bafddc2de3fbd482,6,12,2024-05-24,"Equity Research, OSAKA Titanium Technologies Co.,Ltd.","OSAKA Titanium Technologies Co.,Ltd.",5726,TYO,5726.T,2024-05-24_equity-research-osaka-titanium-technologies-co-ltd.pdf,http://snusmic.com/wp-content/uploads/2024/05/24-1-3주차-수정보고서_4팀-OSAKA-Titanium-Technologies-Co.Ltd_..pdf,2490.0,,4300.0,,4300.0,37464.265060424805,JPY,JPY,KRW,2024-05-24_equity-research-osaka-titanium-technologies-co-ltd.md,20169.714794158936,,37464.265060424805,,37464.265060424805
1986a142e4bb3a97,7,2,2024-05-24,"Equity Research, Fluence Energy Inc.",Fluence Energy Inc.,FLNC,NASDAQ,FLNC,2024-05-24_equity-research-fluence-energy-inc.pdf,http://snusmic.com/wp-content/uploads/2024/05/24_1_3주차_수정보고서_2팀_Fluence_Energy_Inc.pdf,18.24,,32.89,,32.89,44981.021639404295,USD,USD,KRW,2024-05-24_equity-research-fluence-energy-inc.md,31797.16488647461,,44981.021639404295,,44981.021639404295
edabc743b3fa8967,6,11,2024-05-24,"Equity Research, Intuitive Surgical",Intuitive Surgical,ISRG,NASDAQ,ISRG,2024-05-24_equity-research-intuitive-surgical.pdf,http://snusmic.com/wp-content/uploads/2024/05/24_1_3주차_수정보고서_5팀_Intuitive_Surgical.pdf,396.43,,523.8,,523.8,716359.3534423828,USD,USD,KRW,2024-05-24_equity-research-intuitive-surgical.md,553680.9633704834,,716359.3534423828,,716359.3534423828
978bb1d9f47f5b6d,7,3,2024-05-24,"Equity Research, Centrus Energy Corp",Centrus Energy Corp,LEU,NYSE,LEU,2024-05-24_equity-research-centrus-energy-corp.pdf,http://snusmic.com/wp-content/uploads/2024/05/24_1_3주차_수정보고서_1팀_Centrus_Energy_Corp.pdf,43.64,,30.0,,30.0,41028.599853515625,USD,USD,KRW,2024-05-24_equity-research-centrus-energy-corp.md,65604.73283522949,,41028.599853515625,,41028.599853515625
6c514ea82bbdec4a,7,1,2024-05-24,"Equity Research, Palantir Technologies Inc.",Palantir Technologies Inc.,PLTR,NASDAQ,PLTR,2024-05-24_equity-research-palantir-technologies-inc.pdf,http://snusmic.com/wp-content/uploads/2024/05/24_1_3주차_수정보고서_3팀_Palantir_Technologies_Inc..pdf,21.65,,40.89,,40.89,55921.981600341795,USD,USD,KRW,2024-05-24_equity-research-palantir-technologies-inc.md,28733.696410435485,,55921.981600341795,,55921.981600341795
6b2cc6f2924c7060,6,8,2024-06-07,"Equity Research, 넥센",넥센,005720,KRX,005720.KS,2024-06-07_equity-research-넥센.pdf,http://snusmic.com/wp-content/uploads/2024/06/24_1_4주차_수정보고서_3팀_넥센.pdf,4435.0,,6080.0,,6080.0,6080.0,KRW,KRW,KRW,2024-06-07_equity-research-넥센.md,4595.0,,6080.0,,6080.0
44609d0e5c225983,6,9,2024-06-07,"Equity Research, KG스틸",KG스틸,016380,KRX,016380.KS,2024-06-07_equity-research-kg스틸.pdf,http://snusmic.com/wp-content/uploads/2024/06/24_1_4주차_수정보고서_2팀_KG스틸.pdf,6790.0,,9600.0,,9600.0,9600.0,KRW,KRW,KRW,2024-06-07_equity-research-kg스틸.md,6790.0,,9600.0,,9600.0
76e64766d8e46565,6,7,2024-06-07,"Equity Research, 케이씨",케이씨,029460,KRX,029460.KS,2024-06-07_equity-research-케이씨.pdf,http://snusmic.com/wp-content/uploads/2024/06/24_1_4주차_수정보고서_4팀_케이씨.pdf,21550.0,,28100.0,,28100.0,28100.0,KRW,KRW,KRW,2024-06-07_equity-research-케이씨.md,21300.0,,28100.0,,28100.0
807e330510c4104c,6,6,2024-06-07,"Equity Research, 쿠쿠홀딩스",쿠쿠홀딩스,192400,KRX,192400.KQ,2024-06-07_equity-research-쿠쿠홀딩스.pdf,http://snusmic.com/wp-content/uploads/2024/06/24_1_4주차_수정보고서_5팀_쿠쿠홀딩스.pdf,21350.0,,28900.0,,28900.0,28900.0,KRW,KRW,KRW,2024-06-07_equity-research-쿠쿠홀딩스.md,21900.0,,28900.0,,28900.0
ff506c1298a97f9a,6,10,2024-06-07,"Equity Research, 오리온",오리온,271560,KRX,271560.KS,2024-06-07_equity-research-오리온-2.pdf,http://snusmic.com/wp-content/uploads/2024/06/24_1_4주차_수정보고서_1팀_오리온.pdf,92100.0,,116200.0,,116200.0,116200.0,KRW,KRW,KRW,2024-06-07_equity-research-오리온-2.md,92400.0,,116200.0,,116200.0
4c2dc334664b299b,6,2,2024-10-17,"Equity Research, SOOP",SOOP,067160,KRX,067160.KQ,2024-10-17_equity-research-soop.pdf,http://snusmic.com/wp-content/uploads/2024/10/24-2-1주차-수정보고서_4팀-SOOP.pdf,96200.0,,182500.0,,182500.0,182500.0,KRW,KRW,KRW,2024-10-17_equity-research-soop.md,93700.0,,182500.0,,182500.0
f40ba70b1416ef74,6,5,2024-10-17,"Equity Research, 씨에스윈드",씨에스윈드,112610,KRX,112610.KS,2024-10-17_equity-research-씨에스윈드.pdf,http://snusmic.com/wp-content/uploads/2024/10/24-2-1주차-수정보고서_1팀-씨에스윈드.pdf,61500.0,,134400.0,,134400.0,134400.0,KRW,KRW,KRW,2024-10-17_equity-research-씨에스윈드.md,61600.0,,134400.0,,134400.0
19571cb8a9cccd3f,6,4,2024-10-17,"Equity Research, 인카금융서비스",인카금융서비스,211050,KRX,211050.KQ,2024-10-17_equity-research-인카금융서비스.pdf,http://snusmic.com/wp-content/uploads/2024/10/24-2-1주차-수정보고서_2팀-인카금융서비스.pdf,5080.0,,8100.0,13700.0,8100.0,8100.0,KRW,KRW,KRW,2024-10-17_equity-research-인카금융서비스.md,5210.0,,8100.0,13700.0,8100.0
a5af3dc5e4745791,6,3,2024-10-17,"Equity Research, 크래프톤",크래프톤,259960,KRX,259960.KQ,2024-10-17_equity-research-크래프톤.pdf,http://snusmic.com/wp-content/uploads/2024/10/24-2-1주차-수정보고서_3팀-크래프톤.pdf,331500.0,,600500.0,2019.0,600500.0,600500.0,KRW,KRW,KRW,2024-10-17_equity-research-크래프톤.md,334500.0,,600500.0,2019.0,600500.0
4cf882eed5b38e99,6,1,2024-10-17,"Equity Research, HDC현대산업개발",HDC현대산업개발,294870,KRX,294870.KS,2024-10-17_equity-research-hdc현대산업개발.pdf,http://snusmic.com/wp-content/uploads/2024/10/24-2-1주차-수정보고서_5팀-HDC현대산업개발.pdf,22150.0,,35600.0,,35600.0,35600.0,KRW,KRW,KRW,2024-10-17_equity-research-hdc현대산업개발.md,22400.0,,35600.0,,35600.0
b76ee313aed5d2f4,5,10,2024-11-07,"Equity Research, 현대모비스",현대모비스,012330,KRX,012330.KS,2024-11-07_equity-research-현대모비스-2.pdf,http://snusmic.com/wp-content/uploads/2024/11/24-2-2주차-수정보고서_3팀-현대모비스.pdf,248500.0,,386100.0,,386100.0,386100.0,KRW,KRW,KRW,2024-11-07_equity-research-현대모비스-2.md,242500.0,,386100.0,,386100.0
23d9adf40ef1d062,5,12,2024-11-07,"Equity Research, 한국전력",한국전력,015760,KRX,015760.KS,2024-11-07_equity-research-한국전력-2.pdf,http://snusmic.com/wp-content/uploads/2024/11/24-2-2주차-수정보고서_1팀-한국전력.pdf,23050.0,,37630.0,,37630.0,37630.0,KRW,KRW,KRW,2024-11-07_equity-research-한국전력-2.md,22800.0,,37630.0,,37630.0
98b34d5d521966a4,5,11,2024-11-07,"Equity Research, 브이티",브이티,018290,KRX,018290.KS,2024-11-07_equity-research-브이티.pdf,http://snusmic.com/wp-content/uploads/2024/11/24-2-2주차-수정보고서_2팀-브이티.pdf,32500.0,,55700.0,,55700.0,55700.0,KRW,KRW,KRW,2024-11-07_equity-research-브이티.md,33000.0,,55700.0,,55700.0
bfea9c6b92abf111,5,8,2024-11-07,"Equity Research, 에스트래픽",에스트래픽,234300,KRX,234300.KQ,2024-11-07_equity-research-에스트래픽.pdf,http://snusmic.com/wp-content/uploads/2024/11/24-2-2주차-수정보고서_5팀-에스트래픽.pdf,4150.0,,6900.0,,6900.0,6900.0,KRW,KRW,KRW,2024-11-07_equity-research-에스트래픽.md,4195.0,,6900.0,,6900.0
e4e7907cde7ff1a7,5,9,2024-11-07,"Equity Research, 티엘비",티엘비,356860,KRX,356860.KQ,2024-11-07_equity-research-티엘비.pdf,http://snusmic.com/wp-content/uploads/2024/11/24-2-2주차-수정보고서_4팀-티엘비.pdf,13550.0,,26000.0,,26000.0,26000.0,KRW,KRW,KRW,2024-11-07_equity-research-티엘비.md,13850.0,,26000.0,,26000.0
b3f38ee317977754,5,3,2024-11-21,"Equity Research, Round One Corp",Round One Corp,4680,TYO,4680.T,2024-11-21_equity-research-round-one-corp.pdf,http://snusmic.com/wp-content/uploads/2024/11/24-2-3주차-수정보고서_5팀-Round-One-Corp.pdf,1063.0,,1400.0,,1400.0,12599.76634979248,JPY,JPY,KRW,2024-11-21_equity-research-round-one-corp.md,9062.831938743591,,12599.76634979248,,12599.76634979248
3871aacd23309b30,5,4,2024-11-21,"Equity Research, Cover Corp",Cover Corp,5253,TYO,5253.T,2024-11-21_equity-research-cover-corp.pdf,http://snusmic.com/wp-content/uploads/2024/11/24-2-3주차-수정보고서_4팀-Cover-Corp.pdf,2584.0,,6800.0,,6800.0,61198.86512756348,JPY,JPY,KRW,2024-11-21_equity-research-cover-corp.md,24344.54855442047,,61198.86512756348,,61198.86512756348
3d77b9f898008ae2,5,6,2024-11-21,"Equity Research, Funko Inc.",Funko Inc.,FNKO,NASDAQ,FNKO,2024-11-21_equity-research-funko-inc.pdf,http://snusmic.com/wp-content/uploads/2024/11/24-2-3주차-수정보고서_2팀-Funko-Inc..pdf,10.29,,16.1,,16.1,22501.68192138672,USD,USD,KRW,2024-11-21_equity-research-funko-inc.md,14437.414442930603,,22501.68192138672,,22501.68192138672
42bfead83e507f2d,5,5,2024-11-21,"Equity Research, Grindr Inc.",Grindr Inc.,GRND,NYSE,GRND,2024-11-21_equity-research-grindr-inc.pdf,http://snusmic.com/wp-content/uploads/2024/11/24-2-3주차-수정보고서_3팀-Grindr-Inc..pdf,14.32,,24.34,,24.34,34018.07068115234,USD,USD,KRW,2024-11-21_equity-research-grindr-inc.md,20866.466953619383,,34018.07068115234,,34018.07068115234
d06874cf9f0f98b8,5,7,2024-11-21,"Equity Research, Levi Strauss & Co",Levi Strauss & Co,LEVI,NYSE,LEVI,2024-11-21_equity-research-levi-strauss-co.pdf,http://snusmic.com/wp-content/uploads/2024/11/24-2-3주차-수정보고서_1팀-Levi-Strauss-Co..pdf,16.76,,26.33,,26.33,36799.33447143555,USD,USD,KRW,2024-11-21_equity-research-levi-strauss-co.md,22319.991695226287,,36799.33447143555,,36799.33447143555
d035a6ff1fc0c798,5,1,2024-12-05,"Equity Research, 동성화인텍",동성화인텍,033500,KRX,033500.KQ,2024-12-05_equity-research-동성화인텍.pdf,http://snusmic.com/wp-content/uploads/2024/12/24-2-4주차-수정보고서_2팀-동성화인텍.pdf,14310.0,,20600.0,,20600.0,20600.0,KRW,KRW,KRW,2024-12-05_equity-research-동성화인텍.md,13900.0,,20600.0,,20600.0
c6d191d72b2077ce,4,10,2024-12-05,"Equity Research, JYP Ent.",JYP Ent.,035900,KRX,035900.KQ,2024-12-05_equity-research-jyp-ent-2.pdf,http://snusmic.com/wp-content/uploads/2024/12/24-2-4주차-수정보고서_5팀-JYP_Ent..pdf,76400.0,,116604.0,,116604.0,116604.0,KRW,KRW,KRW,2024-12-05_equity-research-jyp-ent-2.md,72500.0,,116604.0,,116604.0
a7d2436e22605d74,4,11,2024-12-05,"Equity Research, 한화엔진",한화엔진,082740,KRX,082740.KS,2024-12-05_equity-research-한화엔진.pdf,http://snusmic.com/wp-content/uploads/2024/12/24-2-4주차-수정보고서_4팀-한화엔진.pdf,16110.0,,24352.0,,24352.0,24352.0,KRW,KRW,KRW,2024-12-05_equity-research-한화엔진.md,15140.0,,24352.0,,24352.0
151f576bb9361278,5,2,2024-12-05,"Equity Research, RFHIC",RFHIC,218410,KRX,218410.KQ,2024-12-05_equity-research-rfhic.pdf,http://snusmic.com/wp-content/uploads/2024/12/24-2-4주차-수정보고서_1팀-RFHIC.pdf,12240.0,,17650.0,,17650.0,17650.0,KRW,KRW,KRW,2024-12-05_equity-research-rfhic.md,11900.0,,17650.0,,17650.0
918efca8ecaf4fcc,4,12,2024-12-05,"Equity Research, Advantest Corporation",Advantest Corporation,6857,TYO,6857.T,2024-12-05_equity-research-advantest-corporation.pdf,http://snusmic.com/wp-content/uploads/2024/12/24-2-4주차-수정보고서_3팀-Advantest_Corporation.pdf,8240.0,,14463.0,,14463.0,135499.53608322144,JPY,JPY,KRW,2024-12-05_equity-research-advantest-corporation.md,85358.24332809448,,135499.53608322144,,135499.53608322144
24474fb2032a5660,4,9,2025-04-19,"Equity Research, CJ",CJ,001040,KRX,001040.KS,2025-04-19_equity-research-cj.pdf,http://snusmic.com/wp-content/uploads/2025/04/25_1_1주차_수정보고서_1팀_CJ.pdf,116700.0,,143696.0,,143696.0,143696.0,KRW,KRW,KRW,2025-04-19_equity-research-cj.md,114100.0,,143696.0,,143696.0
d10fea659a518441,4,5,2025-04-19,"Equity Research, 한화에어로스페이스",한화에어로스페이스,012450,KRX,012450.KS,2025-04-19_equity-research-한화에어로스페이스.pdf,http://snusmic.com/wp-content/uploads/2025/04/25_1_1주차_수정보고서_5팀_한화에어로스페이스.pdf,779000.0,,1205000.0,1851000.0,1205000.0,1205000.0,KRW,KRW,KRW,2025-04-19_equity-research-한화에어로스페이스.md,830000.0,,1205000.0,1851000.0,1205000.0
9d989772df4a7b0f,4,6,2025-04-19,"Equity Research, 지엔씨에너지",지엔씨에너지,119850,KRX,119850.KQ,2025-04-19_equity-research-지엔씨에너지.pdf,http://snusmic.com/wp-content/uploads/2025/04/25_1_1주차_수정보고서_4팀_지엔씨에너지.pdf,16950.0,,39610.0,,39610.0,39610.0,KRW,KRW,KRW,2025-04-19_equity-research-지엔씨에너지.md,19250.0,,39610.0,,39610.0
dc9c54887b60b8a3,4,7,2025-04-19,"Equity Research, 노머스",노머스,473980,KRX,473980.KQ,2025-04-19_equity-research-노머스.pdf,http://snusmic.com/wp-content/uploads/2025/04/25_1_1주차_수정보고서_3팀_노머스.pdf,24350.0,,37950.0,,37950.0,37950.0,KRW,KRW,KRW,2025-04-19_equity-research-노머스.md,25400.0,,37950.0,,37950.0
8b7a226ac2c09a02,4,8,2025-04-19,"Equity Research, 한화비전",한화비전,489790,KRX,489790.KS,2025-04-19_equity-research-한화비전.pdf,http://snusmic.com/wp-content/uploads/2025/04/25_1_1주차_수정보고서_2팀_한화비전.pdf,54400.0,,111600.0,,111600.0,111600.0,KRW,KRW,KRW,2025-04-19_equity-research-한화비전.md,55900.0,,111600.0,,111600.0
93ea8d6194cfd690,3,12,2025-05-11,"Equity Research, 한화솔루션",한화솔루션,009830,KRX,009830.KS,2025-05-11_equity-research-한화솔루션-2.pdf,http://snusmic.com/wp-content/uploads/2025/05/25_1_2주차_수정보고서_5팀_한화솔루션.pdf,30300.0,29100.0,53000.0,91200.0,53000.0,53000.0,KRW,KRW,KRW,2025-05-11_equity-research-한화솔루션-2.md,32800.0,29100.0,53000.0,91200.0,53000.0
1f8d82763b000479,4,2,2025-05-11,"Equity Research, HD현대미포",HD현대미포,010620,KRX,010620.KS,2025-05-11_equity-research-hd현대미포.pdf,http://snusmic.com/wp-content/uploads/2025/05/25_1_2주차_수정보고서_3팀_HD현대미포.pdf,171700.0,,250000.0,,250000.0,250000.0,KRW,KRW,KRW,2025-05-11_equity-research-hd현대미포.md,171700.0,,250000.0,,250000.0
d8688cca92a9f924,4,4,2025-05-11,"Equity Research, 에스앤에스텍",에스앤에스텍,101490,KRX,101490.KQ,2025-05-11_equity-research-에스앤에스텍.pdf,http://snusmic.com/wp-content/uploads/2025/05/25_1_2주차_수정보고서_1팀-에스앤에스텍.pdf,34650.0,,54700.0,70600.0,54700.0,54700.0,KRW,KRW,KRW,2025-05-11_equity-research-에스앤에스텍.md,36100.0,,54700.0,70600.0,54700.0
59236fd46aa3c8bd,4,3,2025-05-11,"Equity Research, 펄어비스",펄어비스,263750,KRX,263750.KQ,2025-05-11_equity-research-펄어비스-2.pdf,http://snusmic.com/wp-content/uploads/2025/05/25_1_2주차_수정보고서_2팀_펄어비스.pdf,35400.0,,12300.0,,12300.0,12300.0,KRW,KRW,KRW,2025-05-11_equity-research-펄어비스-2.md,35150.0,,12300.0,,12300.0
074acdbfeb5be678,4,1,2025-05-11,"Equity Research, 토모큐브",토모큐브,475960,KRX,475960.KQ,2025-05-11_equity-research-토모큐브.pdf,http://snusmic.com/wp-content/uploads/2025/05/25_1_2주차_수정보고서_4팀_토모큐브.pdf,19420.0,,64550.0,280470.0,64550.0,64550.0,KRW,KRW,KRW,2025-05-11_equity-research-토모큐브.md,21000.0,,64550.0,280470.0,64550.0
a3c8fafb9892885e,3,11,2025-05-25,"Equity Research, Cellebrite DI",Cellebrite DI,CLBT,NASDAQ,CLBT,2025-05-25_equity-research-cellebrite-di.pdf,http://snusmic.com/wp-content/uploads/2025/05/25-1_3주차-수정보고서_1팀-Cellebrite-DI.pdf,17.27,,29.7,,29.7,41025.79698486328,USD,USD,KRW,2025-05-25_equity-research-cellebrite-di.md,23476.5953722992,,41025.79698486328,,41025.79698486328
afafe74c5dc92db9,3,8,2025-05-25,"Equity Research, Doximity",Doximity,DOCS,NYSE,DOCS,2025-05-25_equity-research-doximity.pdf,http://snusmic.com/wp-content/uploads/2025/05/25-1_3주차-수정보고서_4팀_Doximity.pdf,46.25,,103.28,,103.28,142664.79166992186,USD,USD,KRW,2025-05-25_equity-research-doximity.md,71278.00664047245,,142664.79166992186,,142664.79166992186
b28f6fdfc2ee056e,3,7,2025-05-25,"Equity Research, Life360 Inc",Life360 Inc,LIF,NASDAQ,LIF,2025-05-25_equity-research-life360-inc.pdf,http://snusmic.com/wp-content/uploads/2025/05/25-1_3주차-수정보고서_5팀-life360-Inc.pdf,,,103.4,,103.4,142830.5524658203,USD,USD,KRW,2025-05-25_equity-research-life360-inc.md,85711.46555801388,,142830.5524658203,,142830.5524658203
bb8b54c6c0db0df2,3,9,2025-05-25,"Equity Research, Sportradar",Sportradar,SRAD,NASDAQ,SRAD,2025-05-25_equity-research-sportradar.pdf,http://snusmic.com/wp-content/uploads/2025/05/25-1_3주차-수정보고서_3팀-Sportradar.pdf,23.72,,37.92,,37.92,52380.41150390625,USD,USD,KRW,2025-05-25_equity-research-sportradar.md,32601.822313835142,,52380.41150390625,,52380.41150390625
91d1a46a03353151,3,10,2025-05-25,"Equity Research, Tempus AI Inc",Tempus AI Inc,TEM,NASDAQ,TEM,2025-05-25_equity-research-tempus-ai-inc.pdf,http://snusmic.com/wp-content/uploads/2025/05/25-1_3주차-수정보고서_2팀_Tempus-AI.pdf,62.6,,228.5,,228.5,315636.1821899414,USD,USD,KRW,2025-05-25_equity-research-tempus-ai-inc.md,90116.74914944451,,315636.1821899414,,315636.1821899414
abbac514215ca627,3,5,2025-06-10,"Equity Research, 고려신용정보",고려신용정보,049720,KRX,049720.KQ,2025-06-10_equity-research-고려신용정보-2.pdf,http://snusmic.com/wp-content/uploads/2025/06/25-1_4주차_수정보고서_2팀_고려신용정보.pdf,10400.0,,18600.0,,18600.0,18600.0,KRW,KRW,KRW,2025-06-10_equity-research-고려신용정보-2.md,9990.0,,18600.0,,18600.0
3dd9258766a7bcef,3,3,2025-06-10,"Equity Research, 월덱스",월덱스,101160,KRX,101160.KQ,2025-06-10_equity-research-월덱스.pdf,http://snusmic.com/wp-content/uploads/2025/06/25_1_4주차_수정보고서_4팀_월덱스.pdf,19010.0,,26250.0,,26250.0,26250.0,KRW,KRW,KRW,2025-06-10_equity-research-월덱스.md,19490.0,,26250.0,,26250.0
6045b80eb31dfc42,3,2,2025-06-10,"Equity Research, 애니플러스",애니플러스,310200,KRX,310200.KQ,2025-06-10_equity-research-애니플러스-2.pdf,http://snusmic.com/wp-content/uploads/2025/06/25_1_4주차_수정보고서_5팀_애니플러스.pdf,3550.0,,7680.0,,7680.0,7680.0,KRW,KRW,KRW,2025-06-10_equity-research-애니플러스-2.md,3995.0,,7680.0,,7680.0
444fe65d5237a1d8,3,6,2025-06-10,"Equity Research, 아이스크림미디어",아이스크림미디어,461300,KRX,461300.KQ,2025-06-10_equity-research-아이스크림미디.pdf,http://snusmic.com/wp-content/uploads/2025/06/25_1_4주차_수정보고서_1팀_아이스크림미디어.pdf,15780.0,,25700.0,,25700.0,25700.0,KRW,KRW,KRW,2025-06-10_equity-research-아이스크림미디.md,18650.0,,25700.0,,25700.0
891215e30e9ee8b4,3,4,2025-06-10,"Equity Research, 폰드그룹",폰드그룹,472850,KRX,472850.KQ,2025-06-10_equity-research-폰드그룹.pdf,http://snusmic.com/wp-content/uploads/2025/06/25_1_4주차_수정보고서_3팀_폰드그룹.pdf,8480.0,,16057.0,,16057.0,16057.0,KRW,KRW,KRW,2025-06-10_equity-research-폰드그룹.md,4600.67138671875,,16057.0,,16057.0
2427c05877a23528,2,10,2025-10-23,"Equity Research, 마이크로컨텍솔",마이크로컨텍솔,098120,KRX,098120.KQ,2025-10-23_equity-research-마이크로컨텍솔.pdf,http://snusmic.com/wp-content/uploads/2025/10/25-2_1주차-수정보고서_4팀_마이크로컨텍솔.pdf,26300.0,,58200.0,,58200.0,58200.0,KRW,KRW,KRW,2025-10-23_equity-research-마이크로컨텍솔.md,27100.0,,58200.0,,58200.0
9ea31c54d63ef212,2,9,2025-10-23,"Equity Research, 로보티즈",로보티즈,108490,KRX,108490.KQ,2025-10-23_equity-research-로보티즈.pdf,http://snusmic.com/wp-content/uploads/2025/10/25-2_1주차_수정보고서_5팀_로보티즈.pdf,192200.0,250900.0,355800.0,646500.0,355800.0,355800.0,KRW,KRW,KRW,2025-10-23_equity-research-로보티즈.md,187000.0,250900.0,355800.0,646500.0,355800.0
590bbdbb186eccf6,3,1,2025-10-23,"Equity Research, 하이브",하이브,352820,KRX,352820.KS,2025-10-23_equity-research-하이브-3.pdf,http://snusmic.com/wp-content/uploads/2025/10/25-2_1주차-수정보고서_1팀_하이브.pdf,269500.0,,393000.0,,393000.0,393000.0,KRW,KRW,KRW,2025-10-23_equity-research-하이브-3.md,288500.0,,393000.0,,393000.0
b8e4eb25010494a7,2,11,2025-10-23,"Equity Research, Coreweave",Coreweave,CRWV,NASDAQ,CRWV,2025-10-23_equity-research-coreweave.pdf,http://snusmic.com/wp-content/uploads/2025/10/25-2_1주차_수정보고서_3팀_CoreWeave_Inc.pdf,140.0,,241.0,,241.0,344726.40588378906,USD,USD,KRW,2025-10-23_equity-research-coreweave.md,176425.53377294913,,344726.40588378906,,344726.40588378906
a45f9d90222e517c,2,12,2025-10-23,"Equity Research, Corning",Corning,GLW,NYSE,GLW,2025-10-23_equity-research-corning-3.pdf,http://snusmic.com/wp-content/uploads/2025/10/25-2_1주차-수정보고서_2팀_Corning.pdf,86.24,,144.0,,144.0,205977.603515625,USD,USD,KRW,2025-10-23_equity-research-corning-3.md,122785.5328574218,,205977.603515625,,205977.603515625
370191c7afc9d3fc,2,4,2025-11-11,"Equity Research, 두산",두산,000150,KRX,000150.KS,2025-11-11_equity-research-두산.pdf,http://snusmic.com/wp-content/uploads/2025/11/25_2_2주차_수정보고서_5팀_두산.pdf,949000.0,,1874000.0,,1874000.0,1874000.0,KRW,KRW,KRW,2025-11-11_equity-research-두산.md,1014000.0,,1874000.0,,1874000.0
f0cba38be64424ad,2,5,2025-11-11,"Equity Research, 한국카본",한국카본,017960,KRX,017960.KS,2025-11-11_equity-research-한국카본-3.pdf,http://snusmic.com/wp-content/uploads/2025/11/25_2_2주차_수정보고서_4팀_한국카본.pdf,36600.0,,64000.0,,64000.0,64000.0,KRW,KRW,KRW,2025-11-11_equity-research-한국카본-3.md,32000.0,,64000.0,,64000.0
98a3453a7f6ebe08,2,8,2025-11-11,"Equity Research, 풍산",풍산,103140,KRX,103140.KS,2025-11-11_equity-research-풍산-2.pdf,http://snusmic.com/wp-content/uploads/2025/11/25-2_2주차-수정보고서_1팀-풍산.pdf,110000.0,,120700.0,,120700.0,120700.0,KRW,KRW,KRW,2025-11-11_equity-research-풍산-2.md,102200.0,,120700.0,,120700.0
26a1eefc429193c6,2,7,2025-11-11,"Equity Research, 지투지바이오",지투지바이오,456160,KRX,456160.KQ,2025-11-11_equity-research-지투지바이오.pdf,http://snusmic.com/wp-content/uploads/2025/11/25_2_2주차_수정보고서_2팀_지투지바이오.pdf,55696.0,,319800.0,2023.0,319800.0,319800.0,KRW,KRW,KRW,2025-11-11_equity-research-지투지바이오.md,89600.0,,319800.0,2023.0,319800.0
9783da1e007737e2,2,6,2025-11-11,"Equity Research, 코오롱티슈진",코오롱티슈진,950160,KRX,950160.KQ,2025-11-11_equity-research-코오롱티슈진.pdf,http://snusmic.com/wp-content/uploads/2025/11/25_2_2주차_수정보고서_3팀_코오롱티슈진.pdf,44800.0,,121000.0,233000.0,121000.0,121000.0,KRW,KRW,KRW,2025-11-11_equity-research-코오롱티슈진.md,47600.0,,121000.0,233000.0,121000.0
25e4f4697656dffa,2,2,2025-12-01,"Equity Research, JAC recruitment Co. Ltd",JAC recruitment Co. Ltd,2124,TYO,2124.T,2025-12-01_equity-research-jac-recruitment-co-ltd.pdf,http://snusmic.com/wp-content/uploads/2025/12/25_2_3주차_수정보고서_2팀_JAC_recruitment_Co._Ltd..pdf,1108.0,,1686.0,,1686.0,15847.84302520752,JPY,JPY,KRW,2025-12-01_equity-research-jac-recruitment-co-ltd.md,10198.641567230225,,15847.84302520752,,15847.84302520752
69575019ea6dce78,2,3,2025-12-01,"Equity Research, Establishment Labs Holdings",Establishment Labs Holdings,ESTA,NASDAQ,ESTA,2025-12-01_equity-research-establishment-labs-holdings.pdf,http://snusmic.com/wp-content/uploads/2025/12/25_2_3주차_수정보고서_1팀_Establishment_Labs_Holdings.pdf,66.05,,118.76,,118.76,174057.0306201172,USD,USD,KRW,2025-12-01_equity-research-establishment-labs-holdings.md,99354.38081080932,,174057.0306201172,,174057.0306201172
554d2e862320e96a,2,1,2025-12-01,"Equity Research, IMAX Corp",IMAX Corp,IMAX,NYSE,IMAX,2025-12-01_equity-research-imax-corp.pdf,http://snusmic.com/wp-content/uploads/2025/12/25_2_3주차_수정보고서_3팀_IMAX_Corp.pdf,35.4,,54.6,,54.6,80022.85173339843,USD,USD,KRW,2025-12-01_equity-research-imax-corp.md,53993.44084375305,,80022.85173339843,,80022.85173339843
cfa62286ec8e7734,1,11,2025-12-01,"Equity Research, Iradimed Corporation",Iradimed Corporation,IRMD,NASDAQ,IRMD,2025-12-01_equity-research-iradimed-corporation.pdf,http://snusmic.com/wp-content/uploads/2025/12/25_2_3주차_수정보고서_5팀_Iradimed_Corporation.pdf,,,146.0,,146.0,213980.51928710938,USD,USD,KRW,2025-12-01_equity-research-iradimed-corporation.md,135291.37817109376,,213980.51928710938,,213980.51928710938
3b0f47d453265251,1,12,2025-12-01,"Equity Research, Sensient Technologies Corp",Sensient Technologies Corp,SXT,NYSE,SXT,2025-12-01_equity-research-sensient-technologies-corp.pdf,http://snusmic.com/wp-content/uploads/2025/12/25_2_3주차_수정보고서_4팀_Sensient_Technologies_Corp.pdf,,,238.0,,238.0,348817.5588378906,USD,USD,KRW,2025-12-01_equity-research-sensient-technologies-corp.md,140186.55476931762,,348817.5588378906,,348817.5588378906
afb1d9eef8e32a49,1,6,2025-12-15,"Equity Research, S-oil",S-oil,010950,KRX,010950.KS,2025-12-15_equity-research-s-oil-4.pdf,http://snusmic.com/wp-content/uploads/2025/12/25_2_4주차_수정보고서_5팀_S_Oil.pdf,80500.0,,128400.0,,128400.0,128400.0,KRW,KRW,KRW,2025-12-15_equity-research-s-oil-4.md,86400.0,,128400.0,,128400.0
33e51b94729d7750,1,8,2025-12-15,"Equity Research, 예스티",예스티,122640,KRX,122640.KQ,2025-12-15_equity-research-예스티-2.pdf,http://snusmic.com/wp-content/uploads/2025/12/25_2_4주차_수정보고서_3팀_예스티.pdf,19000.0,,40500.0,,40500.0,40500.0,KRW,KRW,KRW,2025-12-15_equity-research-예스티-2.md,17970.0,,40500.0,,40500.0
81b5548d4613ed52,1,9,2025-12-15,"Equity Research, 파마리서치",파마리서치,214450,KRX,214450.KQ,2025-12-15_equity-research-파마리서치-2.pdf,http://snusmic.com/wp-content/uploads/2025/12/25_2_4주차_수정보고서_2팀_파마리서치.pdf,401500.0,,805000.0,,805000.0,805000.0,KRW,KRW,KRW,2025-12-15_equity-research-파마리서치-2.md,380500.0,,805000.0,,805000.0
89bb20c313cdab2e,1,7,2025-12-15,"Equity Research, 알지노믹스",알지노믹스,476830,KRX,476830.KQ,2025-12-15_equity-research-알지노믹스.pdf,http://snusmic.com/wp-content/uploads/2025/12/25_2_4주차_수정보고서_4팀_알지노믹스.pdf,,,105000.0,2024.0,105000.0,105000.0,KRW,KRW,KRW,2025-12-15_equity-research-알지노믹스.md,117000.0,,105000.0,2024.0,105000.0
b724efa4bec6fd8e,1,10,2025-12-15,"Equity Research, Lumentum Holdings Inc",Lumentum Holdings Inc,LITE,NASDAQ,LITE,2025-12-15_equity-research-lumentum-holdings-inc.pdf,http://snusmic.com/wp-content/uploads/2025/12/25_2_4주차_수정보고서_1팀_Lumentum_Holdings_Inc.pdf,327.85,,498.63,,498.63,734437.1303430175,USD,USD,KRW,2025-12-15_equity-research-lumentum-holdings-inc.md,492968.2629355714,,734437.1303430175,,734437.1303430175
fee8fb34906543bb,1,5,2026-04-16,"Equity Research, 비츠로셀",비츠로셀,082920,KRX,082920.KS,2026-04-16_equity-research-비츠로셀-3.pdf,http://snusmic.com/wp-content/uploads/2026/04/26-1_1주차_수정보고서_1팀_비츠로셀.pdf,45250.0,,78450.0,,78450.0,78450.0,KRW,KRW,KRW,2026-04-16_equity-research-비츠로셀-3.md,56500.0,,78450.0,,78450.0
e711a4b15b4d7167,1,1,2026-04-16,"Equity Research, SK오션플랜트",SK오션플랜트,100090,KRX,100090.KS,2026-04-16_equity-research-sk오션플랜트.pdf,http://snusmic.com/wp-content/uploads/2026/04/26-1_1주차_수정보고서_5팀_SK오션플랜트.pdf,23300.0,,41600.0,,41600.0,41600.0,KRW,KRW,KRW,2026-04-16_equity-research-sk오션플랜트.md,23950.0,,41600.0,,41600.0
9b1ba6904e3832d1,1,2,2026-04-16,"Equity Research, 세아제강",세아제강,306200,KRX,306200.KS,2026-04-16_equity-research-세아제강.pdf,http://snusmic.com/wp-content/uploads/2026/04/26-1_1주차_수정보고서_4팀_세아제강.pdf,156400.0,,286700.0,,286700.0,286700.0,KRW,KRW,KRW,2026-04-16_equity-research-세아제강.md,147000.0,,286700.0,,286700.0
23d6d08a6edd02cd,1,4,2026-04-16,"Equity Research, Camtek",Camtek,CAMT,NASDAQ,CAMT,2026-04-16_equity-research-camteck.pdf,http://snusmic.com/wp-content/uploads/2026/04/26-1_1주차_수정보고서_2팀_Camtek.pdf,176.51,,238.67,,238.67,351813.9141845703,USD,USD,KRW,2026-04-16_equity-research-camteck.md,266259.47558134794,,351813.9141845703,,351813.9141845703
cfc5e7b11b6755e1,1,3,2026-04-16,"Equity Research, Golar LNG",Golar LNG,GLNG,NASDAQ,GLNG,2026-04-16_equity-research-golar-lng.pdf,http://snusmic.com/wp-content/uploads/2026/04/26-1_1주차_수정보고서_3팀_Golar_LNG_Limited.pdf,,,97.8,,97.8,144163.07373046875,USD,USD,KRW,2026-04-16_equity-research-golar-lng.md,78552.66187200323,,144163.07373046875,,144163.07373046875
