매수일,매수가(시가),매수사유,종목명,티커,시장,비중(%),커버학회수,트리거학회,리포트날짜들,목표가들,매도일,매도가,보유일수,수익률(%),매도사유
2026-04-15,37300.0,"학회 매수리포트 발간 → 익일 시가 진입 (KOSPI 파킹 매도 후 전환) (트리거: yig 2026-04-14, star 2023-02-16)",DN오토모티브,007340,KR,5.0,2,star|yig,2023-02-16|2026-04-14,27887.02|60800.0,2026-06-09,38600.0,55,2.81,t_chandelier_ATR4.25
2026-05-21,254000.0,"학회 매수리포트 발간 → 익일 시가 진입 (KOSPI 파킹 매도 후 전환) (트리거: voera 2026-05-20, star 2022-08-16)",LS ELECTRIC,010120,KR,5.0,2,star|voera,2022-08-16|2026-05-20,15325.38|360000.0,2026-06-09,218500.0,19,-14.53,t_chandelier_ATR4.25
2026-05-19,17280.0,"학회 매수리포트 발간 → 익일 시가 진입 (KOSPI 파킹 매도 후 전환) (트리거: kuvic 2026-05-18, star 2026-03-14, ewha 2020-11-21, smic 2020-10-31)",진성티이씨,036890,KR,5.0,4,ewha|kuvic|smic|star,2020-11-21|2020-10-31|2026-03-14|2026-05-18,13250.0|20350.0|27000.0|29000.0,2026-06-09,12680.0,21,-27.1,t_chandelier_ATR4.25
2025-11-21,250000.0,"학회 매수리포트 발간 → 익일 시가 진입 (KOSPI 파킹 매도 후 전환) (트리거: kuvic 2025-11-20, smic 2020-05-31)",이오테크닉스,039030,KR,5.0,2,kuvic|smic,2020-05-31|2025-11-20,107593.0|416000.0,2026-06-09,404500.0,200,60.75,t_chandelier_ATR4.25
2026-05-22,74600.0,"학회 매수리포트 발간 → 익일 시가 진입 (KOSPI 파킹 매도 후 전환) (트리거: kuvic 2026-05-21, yig 2026-04-14, star 2026-03-14, smic 2024-12-05)",한화엔진,082740,KR,5.0,4,kuvic|smic|star|yig,2026-03-14|2024-12-05|2026-04-14|2026-05-21,73700.0|24352.0|64200.0|121000.0,2026-06-09,52000.0,18,-30.75,t_chandelier_ATR4.25
2026-01-26,35100.0,"학회 매수리포트 발간 → 익일 시가 진입 (KOSPI 파킹 매도 후 전환) (트리거: yig 2026-01-23, star 2025-12-12, ewha 2025-07-25, smic 2024-12-05)",RFHIC,218410,KR,5.0,4,ewha|smic|star|yig,2024-12-05|2025-07-25|2025-12-12|2026-01-23,17650.0|39500.0|42050.0|50500.0,2026-06-09,78600.0,134,122.48,t_chandelier_ATR4.25
2026-03-06,59300.0,"학회 매수리포트 발간 → 익일 시가 진입 (KOSPI 파킹 매도 후 전환) (트리거: voera 2026-03-05, star 2025-12-12)",대덕전자,353200,KR,5.0,2,star|voera,2025-12-12|2026-03-05,100100.0,2026-06-09,148600.0,95,148.96,t_chandelier_ATR4.25
2026-03-05,74000.0,"학회 매수리포트 발간 → 익일 시가 진입 (KOSPI 파킹 매도 후 전환) (트리거: voera 2026-03-04, ewha 2024-10-05, star 2024-03-11)",코스메카코리아,241710,KR,5.0,3,ewha|star|voera,2024-03-11|2024-10-05|2026-03-04,62800.0|116600.0|99200.0,2026-05-28,69800.0,84,-6.29,t_chandelier_ATR4.25
2026-04-01,73300.0,학회 매수리포트 발간 → 익일 시가 진입 (KOSPI 파킹 매도 후 전환) (트리거: yig 2026-03-31),포스코인터내셔널,047050,KR,5.0,1,yig,2026-03-31,99800.0,2026-05-21,69000.0,50,-6.48,t_chandelier_ATR4.25
2025-11-26,95500.0,"학회 매수리포트 발간 → 익일 시가 진입 (KOSPI 파킹 매도 후 전환) (트리거: yig 2025-11-25, kuvic 2024-02-28)",HD건설기계,267270,KR,5.0,2,kuvic|yig,2024-02-28|2025-11-25,81000.0|128300.0,2026-05-21,163900.0,176,70.51,t_chandelier_ATR4.25
2025-11-18,17130.0,학회 매수리포트 발간 → 익일 시가 진입 (KOSPI 파킹 매도 후 전환) (트리거: kuvic 2025-11-17),제이에스링크,127120,KR,5.0,1,kuvic,2025-11-17,48200.0,2026-05-18,36100.0,181,109.37,t_chandelier_ATR4.25
2026-02-10,118900.0,"학회 매수리포트 발간 → 익일 시가 진입 (KOSPI 파킹 매도 후 전환) (트리거: kuvic 2026-02-09, ewha 2024-06-01, star 2022-10-31)",비나텍,126340,KR,5.0,3,ewha|kuvic|star,2024-06-01|2022-10-31|2026-02-09,80200.0|65400.0|165100.0,2026-04-08,108800.0,57,-9.09,t_chandelier_ATR4.25
2026-01-26,55200.0,"학회 매수리포트 발간 → 익일 시가 진입 (KOSPI 파킹 매도 후 전환) (트리거: ewha 2026-01-24, star 2023-04-22, smic 2021-06-06)",에스엘,005850,KR,5.0,3,ewha|smic|star,2026-01-24|2021-06-06|2023-04-22,82300.0|50000.0|39000.0,2026-04-01,58300.0,65,4.93,t_chandelier_ATR4.25
2026-02-09,98000.0,"학회 매수리포트 발간 → 익일 시가 진입 (KOSPI 파킹 매도 후 전환) (트리거: yig 2026-02-06, star 2024-01-06)",선익시스템,171090,KR,5.0,2,star|yig,2024-01-06|2026-02-06,54700.0|131400.0,2026-03-20,105800.0,39,7.26,t_chandelier_ATR4.25
2025-12-15,301500.0,학회 매수리포트 발간 → 익일 시가 진입 (KOSPI 파킹 매도 후 전환) (트리거: star 2025-12-12),삼성SDI,006400,KR,5.0,1,star,2025-12-12,479000.0,2026-03-05,391000.0,80,28.84,t_chandelier_ATR4.25
2026-01-02,115200.0,"학회 매수리포트 발간 → 익일 시가 진입 (KOSPI 파킹 매도 후 전환) (트리거: yig 2026-01-01, ewha 2021-08-21)",OCI홀딩스,010060,KR,5.0,2,ewha|yig,2021-08-21|2026-01-01,113156.0|159300.0,2026-03-05,131600.0,62,13.49,t_chandelier_ATR4.25
2025-11-12,32450.0,"학회 매수리포트 발간 → 익일 시가 진입 (KOSPI 파킹 매도 후 전환) (트리거: smic 2025-11-11, ewha 2025-10-03, star 2025-01-09)",한국카본,017960,KR,5.0,3,ewha|smic|star,2025-01-09|2025-10-03|2025-11-11,18100.0|64000.0,2026-02-03,32750.0,83,0.27,t_chandelier_ATR4.25
2025-11-18,65900.0,학회 매수리포트 발간 → 익일 시가 진입 (KOSPI 파킹 매도 후 전환) (트리거: kuvic 2025-11-17),프로티나,468530,KR,5.0,1,kuvic,2025-11-17,90700.0,2026-02-03,77400.0,77,16.69,t_chandelier_ATR4.25
2025-07-28,25173.0,"학회 매수리포트 발간 → 익일 시가 진입 (KOSPI 파킹 매도 후 전환) (트리거: ewha 2025-07-25, smic 2024-11-07)",티엘비,356860,KR,5.0,2,ewha|smic,2024-11-07|2025-07-25,,2026-01-22,53286.0,178,110.31,t_chandelier_ATR4.25
2025-11-12,88700.0,학회 매수리포트 발간 → 익일 시가 진입 (KOSPI 파킹 매도 후 전환) (트리거: smic 2025-11-11),지투지바이오,456160,KR,5.0,1,smic,2025-11-11,319800.0,2025-12-26,66800.0,44,-25.18,t_chandelier_ATR4.25
2025-11-07,123200.0,"학회 매수리포트 발간 → 익일 시가 진입 (KOSPI 파킹 매도 후 전환) (트리거: yig 2025-11-06, star 2023-03-01, ewha 2022-11-25)",엘앤에프,066970,KR,5.0,3,ewha|star|yig,2022-11-25|2023-03-01|2025-11-06,261600.0|457300.0|184000.0,2025-12-19,109600.0,42,-11.62,t_chandelier_ATR4.25
2025-11-07,28582.0,"학회 매수리포트 발간 → 익일 시가 진입 (KOSPI 파킹 매도 후 전환) (트리거: yig 2025-11-06, star 2025-08-31)",씨어스,458870,KR,5.0,2,star|yig,2025-08-31|2025-11-06,54600.0|44407.77,2025-12-10,36886.0,33,28.22,t_chandelier_ATR4.25
2025-08-20,490500.0,학회 매수리포트 발간 → 익일 시가 진입 (KOSPI 파킹 매도 후 전환) (트리거: kuvic 2025-08-19),두산,000150,KR,5.0,2,kuvic,2025-08-19,,2025-11-26,827000.0,98,67.51,t_chandelier_ATR4.25
2025-08-20,107000.0,학회 매수리포트 발간 → 익일 시가 진입 (KOSPI 파킹 매도 후 전환) (트리거: kuvic 2025-08-19),산일전기,062040,KR,5.0,3,kuvic,2025-08-19,,2025-11-24,134500.0,96,24.89,t_chandelier_ATR4.25
2025-04-07,116200.0,"학회 매수리포트 발간 → 익일 시가 진입 (KOSPI 파킹 매도 후 전환) (트리거: ewha 2025-04-04, star 2024-09-11)",삼성전기,009150,KR,5.0,3,ewha|star,2024-09-11|2025-04-04,207500.0|187900.0,2025-11-19,208000.0,226,77.84,t_chandelier_ATR4.25
2025-10-24,188200.0,"학회 매수리포트 발간 → 익일 시가 진입 (KOSPI 파킹 매도 후 전환) (트리거: smic 2025-10-23, yig 2025-10-10, voera 2025-03-01)",로보티즈,108490,KR,5.0,3,smic|voera|yig,2025-03-01|2025-10-10|2025-10-23,45700.0|254100.0|355800.0,2025-11-18,203500.0,25,7.43,t_chandelier_ATR4.25
2025-10-24,28800.0,학회 매수리포트 발간 → 익일 시가 진입 (KOSPI 파킹 매도 후 전환) (트리거: smic 2025-10-23),마이크로컨텍솔,098120,KR,5.0,1,smic,2025-10-23,58200.0,2025-11-17,18740.0,24,-35.35,t_chandelier_ATR4.25
2025-10-15,10440.0,학회 매수리포트 발간 → 익일 시가 진입 (KOSPI 파킹 매도 후 전환) (트리거: yig 2025-10-14),동방메디컬,240550,KR,5.0,1,yig,2025-10-14,14520.0,2025-11-10,8410.0,26,-19.97,t_chandelier_ATR4.25
2025-10-15,29950.0,"학회 매수리포트 발간 → 익일 시가 진입 (KOSPI 파킹 매도 후 전환) (트리거: yig 2025-10-14, ewha 2023-10-07, star 2022-08-16)",제이브이엠,054950,KR,5.0,3,ewha|star|yig,2022-08-16|2023-10-07|2025-10-14,26320.0|39700.0|41350.0,2025-11-05,27300.0,21,-9.44,t_chandelier_ATR4.25
2025-09-03,29100.0,"학회 매수리포트 발간 → 익일 시가 진입 (KOSPI 파킹 매도 후 전환) (트리거: star 2025-09-02, smic 2024-05-09)",율촌화학,008730,KR,5.0,2,smic|star,2024-05-09|2025-09-02,69000.0|47550.0,2025-10-31,31900.0,58,8.91,t_chandelier_ATR4.25
2025-07-28,27900.0,"학회 매수리포트 발간 → 익일 시가 진입 (KOSPI 파킹 매도 후 전환) (트리거: ewha 2025-07-25, smic 2024-12-05)",RFHIC,218410,KR,5.0,4,ewha|smic,2024-12-05|2025-07-25,17650.0|39500.0,2025-10-27,27000.0,91,-3.85,t_chandelier_ATR4.25
2025-07-21,7210.0,"학회 매수리포트 발간 → 익일 시가 진입 (KOSPI 파킹 매도 후 전환) (트리거: yig 2025-07-18, smic 2023-04-13)",JTC,950170,KR,5.0,2,smic|yig,2023-04-13|2025-07-18,7100.0|9270.0,2025-10-23,6390.0,94,-11.95,t_chandelier_ATR4.25
2025-08-20,32908.0,학회 매수리포트 발간 → 익일 시가 진입 (KOSPI 파킹 매도 후 전환) (트리거: kuvic 2025-08-19),디앤디파마텍,347850,KR,5.0,1,kuvic,2025-08-19,,2025-10-17,41691.0,58,25.87,t_chandelier_ATR4.25
2024-11-08,592000.0,학회 매수리포트 발간 → 익일 시가 진입 (KOSPI 파킹 매도 후 전환) (트리거: yig 2024-11-07),삼양식품,003230,KR,5.0,2,yig,2024-11-07,909000.0,2025-10-15,1407000.0,341,136.13,t_chandelier_ATR4.25
2025-04-21,116900.0,학회 매수리포트 발간 → 익일 시가 진입 (KOSPI 파킹 매도 후 전환) (트리거: smic 2025-04-19),CJ,001040,KR,5.0,1,smic,2025-04-19,,2025-10-14,171800.0,176,46.01,t_chandelier_ATR4.25
2025-04-21,19540.0,"학회 매수리포트 발간 → 익일 시가 진입 (KOSPI 파킹 매도 후 전환) (트리거: smic 2025-04-19, star 2025-03-10)",지엔씨에너지,119850,KR,5.0,3,smic|star,2025-03-10|2025-04-19,32000.0|39610.0,2025-09-02,28250.0,134,43.64,t_chandelier_ATR4.25
2025-04-14,104700.0,학회 매수리포트 발간 → 익일 시가 진입 (KOSPI 파킹 매도 후 전환) (트리거: yig 2025-04-11),현대로템,064350,KR,5.0,2,yig,2025-04-11,137300.0,2025-08-20,167100.0,128,58.56,t_chandelier_ATR4.25
2025-07-21,22100.0,학회 매수리포트 발간 → 익일 시가 진입 (KOSPI 파킹 매도 후 전환) (트리거: yig 2025-07-18),지니언스,263860,KR,5.0,1,yig,2025-07-18,32500.0,2025-08-20,17750.0,30,-20.2,t_chandelier_ATR4.25
2025-04-07,64600.0,"학회 매수리포트 발간 → 익일 시가 진입 (KOSPI 파킹 매도 후 전환) (트리거: yig 2025-04-04, kuvic 2024-10-07, star 2023-09-08)",경동나비엔,009450,KR,5.0,3,kuvic|star|yig,2023-09-08|2024-10-07|2025-04-04,80300.0|146700.0|98800.0,2025-08-14,80700.0,129,24.11,t_chandelier_ATR4.25
2025-05-28,64700.0,학회 매수리포트 발간 → 익일 시가 진입 (KOSPI 파킹 매도 후 전환) (트리거: ewha 2025-05-27),현대건설,000720,KR,5.0,2,ewha,2025-05-27,,2025-07-24,66600.0,57,2.27,t_chandelier_ATR4.25
2024-12-06,13840.0,"학회 매수리포트 발간 → 익일 시가 진입 (KOSPI 파킹 매도 후 전환) (트리거: smic 2024-12-05, voera 2024-07-26)",동성화인텍,033500,KR,5.0,3,smic|voera,2024-07-26|2024-12-05,19730.0|20600.0,2025-07-14,21650.0,220,55.42,t_chandelier_ATR4.25
2025-04-21,836999.0,학회 매수리포트 발간 → 익일 시가 진입 (KOSPI 파킹 매도 후 전환) (트리거: smic 2025-04-19),한화에어로스페이스,012450,KR,5.0,2,smic,2025-04-19,1205000.0,2025-07-07,762000.0,77,-9.55,t_chandelier_ATR4.25
2025-04-14,34250.0,"학회 매수리포트 발간 → 익일 시가 진입 (KOSPI 파킹 매도 후 전환) (트리거: yig 2025-04-11, star 2023-06-12, smic 2022-12-08)",SNT에너지,100840,KR,5.0,3,smic|star|yig,2022-12-08|2023-06-12|2025-04-11,11361.55|11425.12|47000.0,2025-07-07,34600.0,84,0.37,t_chandelier_ATR4.25
2025-04-07,12287.0,학회 매수리포트 발간 → 익일 시가 진입 (KOSPI 파킹 매도 후 전환) (트리거: ewha 2025-04-04),LS마린솔루션,060370,KR,5.0,1,ewha,2025-04-04,21130.0,2025-05-28,15788.0,51,27.66,t_chandelier_ATR4.25
2025-02-26,239500.0,"학회 매수리포트 발간 → 익일 시가 진입 (KOSPI 파킹 매도 후 전환) (트리거: kuvic 2025-02-25, yig 2024-05-04)",SK가스,018670,KR,5.0,3,kuvic|yig,2024-05-04|2025-02-25,320000.0,2025-04-15,227000.0,48,-5.83,t_chandelier_ATR4.25
2024-09-12,41300.0,학회 매수리포트 발간 → 익일 시가 진입 (KOSPI 파킹 매도 후 전환) (트리거: star 2024-09-11),KT,030200,KR,5.0,1,star,2024-09-11,49600.0,2025-04-10,47100.0,210,13.3,t_chandelier_ATR4.25
2025-01-10,27959.0,"학회 매수리포트 발간 → 익일 시가 진입 (KOSPI 파킹 매도 후 전환) (트리거: star 2025-01-09, ewha 2023-03-11, smic 2022-11-13)",이수페타시스,007660,KR,5.0,3,ewha|smic|star,2022-11-13|2023-03-11|2025-01-09,7600.0|15600.0|51600.0,2025-04-08,30100.0,88,6.96,t_chandelier_ATR4.25
2024-11-08,244000.0,"학회 매수리포트 발간 → 익일 시가 진입 (KOSPI 파킹 매도 후 전환) (트리거: smic 2024-11-07, ewha 2021-08-21)",현대모비스,012330,KR,5.0,2,ewha|smic,2021-08-21|2024-11-07,356000.0|386100.0,2025-04-08,250500.0,151,2.0,t_chandelier_ATR4.25
2025-01-10,24750.0,"학회 매수리포트 발간 → 익일 시가 진입 (KOSPI 파킹 매도 후 전환) (트리거: star 2025-01-09, ewha 2022-08-13)",성광벤드,014620,KR,5.0,2,ewha|star,2022-08-13|2025-01-09,17800.0|35650.0,2025-04-08,23300.0,88,-6.47,t_chandelier_ATR4.25
2024-11-12,35950.0,학회 매수리포트 발간 → 익일 시가 진입 (KOSPI 파킹 매도 후 전환) (트리거: kuvic 2024-11-11),유진테크,084370,KR,5.0,2,kuvic,2024-11-11,,2025-04-07,32750.0,146,-9.49,t_chandelier_ATR4.25
2025-02-10,8310.0,학회 매수리포트 발간 → 익일 시가 진입 (KOSPI 파킹 매도 후 전환) (트리거: yig 2025-02-07),오스테오닉,226400,KR,5.0,2,yig,2025-02-07,12560.0,2025-04-01,6570.0,50,-21.45,t_chandelier_ATR4.25
2025-02-27,293000.0,"학회 매수리포트 발간 → 익일 시가 진입 (KOSPI 파킹 매도 후 전환) (트리거: voera 2025-02-26, star 2024-09-11)",LIG디펜스앤에어로스페이스,079550,KR,5.0,2,star|voera,2024-09-11|2025-02-26,267000.0|350000.0,2025-03-27,256500.0,28,-13.03,t_chandelier_ATR4.25
2024-11-21,27150.0,"학회 매수리포트 발간 → 익일 시가 진입 (KOSPI 파킹 매도 후 전환) (트리거: yig 2024-11-20, kuvic 2023-10-12)",실리콘투,257720,KR,5.0,3,kuvic|yig,2023-10-12|2024-11-20,17602.0|60000.0,2025-02-27,26800.0,98,-1.93,t_chandelier_ATR4.25
2024-11-15,25450.0,학회 매수리포트 발간 → 익일 시가 진입 (KOSPI 파킹 매도 후 전환) (트리거: yig 2024-11-14),일진전기,103590,KR,5.0,2,yig,2024-11-14,36900.0,2025-02-26,28950.0,103,13.01,t_chandelier_ATR4.25
2024-08-19,110500.0,"학회 매수리포트 발간 → 익일 시가 진입 (KOSPI 파킹 매도 후 전환) (트리거: kuvic 2024-08-16, star 2023-07-14, ewha 2021-02-20)",HD현대미포,010620,KR,5.0,4,ewha|kuvic|star,2021-02-20|2023-07-14|2024-08-16,69100.0|111300.0|193000.0,2025-02-10,109900.0,175,-1.19,t_chandelier_ATR4.25
2024-11-18,89700.0,학회 매수리포트 발간 → 익일 시가 진입 (KOSPI 파킹 매도 후 전환) (트리거: kuvic 2024-11-15),에코프로머티,450080,KR,5.0,1,kuvic,2024-11-15,119364.0,2024-12-26,70500.0,38,-21.91,t_chandelier_ATR4.25
2024-11-12,23750.0,학회 매수리포트 발간 → 익일 시가 진입 (KOSPI 파킹 매도 후 전환) (트리거: kuvic 2024-11-11),대한항공,003490,KR,5.0,1,kuvic,2024-11-11,24500.0,2024-12-10,23400.0,28,-2.11,t_chandelier_ATR4.25
2024-11-15,15540.0,"학회 매수리포트 발간 → 익일 시가 진입 (KOSPI 파킹 매도 후 전환) (트리거: kuvic 2024-11-14, ewha 2024-06-01, star 2024-03-11)",비에이치아이,083650,KR,5.0,4,ewha|kuvic|star,2024-03-11|2024-06-01|2024-11-14,10440.0|15150.0|16190.0,2024-12-05,15010.0,20,-4.04,t_chandelier_ATR4.25
2024-08-16,294000.0,"학회 매수리포트 발간 → 익일 시가 진입 (KOSPI 파킹 매도 후 전환) (트리거: kuvic 2024-08-15, smic 2024-05-09)",알테오젠,196170,KR,5.0,2,kuvic|smic,2024-05-09|2024-08-15,242200.0,2024-11-21,344000.0,97,16.25,t_chandelier_ATR4.25
2024-10-07,13330.0,학회 매수리포트 발간 → 익일 시가 진입 (KOSPI 파킹 매도 후 전환) (트리거: ewha 2024-10-04),대한전선,001440,KR,5.0,1,ewha,2024-10-04,18230.0,2024-11-14,11000.0,38,-18.01,t_chandelier_ATR4.25
2024-09-12,48450.0,학회 매수리포트 발간 → 익일 시가 진입 (KOSPI 파킹 매도 후 전환) (트리거: star 2024-09-11),한국공항,005430,KR,5.0,1,star,2024-09-11,94400.0,2024-11-14,50800.0,63,4.17,t_chandelier_ATR4.25
2024-09-12,35050.0,학회 매수리포트 발간 → 익일 시가 진입 (KOSPI 파킹 매도 후 전환) (트리거: star 2024-09-11),한올바이오파마,009420,KR,5.0,1,star,2024-09-11,54250.0,2024-11-14,40950.0,63,16.08,t_chandelier_ATR4.25
2024-09-12,41850.0,학회 매수리포트 발간 → 익일 시가 진입 (KOSPI 파킹 매도 후 전환) (트리거: star 2024-09-11),피에스케이홀딩스,031980,KR,5.0,1,star,2024-09-11,89300.0,2024-11-12,39150.0,61,-7.06,t_chandelier_ATR4.25
2024-11-06,60900.0,"학회 매수리포트 발간 → 익일 시가 진입 (KOSPI 파킹 매도 후 전환) (트리거: yig 2024-11-05, smic 2024-10-17, kuvic 2024-10-08, star 2024-03-11, ewha 2023-05-27, voera 2021-05-14)",씨에스윈드,112610,KR,5.0,6,ewha|kuvic|smic|star|voera|yig,2023-05-27|2021-05-14|2024-11-05|2024-03-11|2024-10-08|2024-10-17,103200.0|90900.0|73853.78|100500.0|96684.0|134400.0,2024-11-12,45850.0,6,-25.2,t_chandelier_ATR4.25
2024-09-12,41000.0,"학회 매수리포트 발간 → 익일 시가 진입 (KOSPI 파킹 매도 후 전환) (트리거: star 2024-09-11, ewha 2022-04-09)",롯데에너지머티리얼즈,020150,KR,5.0,2,ewha|star,2022-04-09|2024-09-11,135500.0|77500.0,2024-11-07,33550.0,56,-18.7,t_chandelier_ATR4.25
2024-09-30,853.8034,"학회 매수리포트 발간 → 익일 시가 진입 (KOSPI 파킹 매도 후 전환) (트리거: yig 2024-09-28, smic 2023-11-22)",LLY,LLY,US,5.0,2,smic|yig,2023-11-22|2024-09-28,745.2|1390.0,2024-10-31,826.1406,31,1.22,t_chandelier_ATR4.25
2024-09-12,128700.0,"학회 매수리포트 발간 → 익일 시가 진입 (KOSPI 파킹 매도 후 전환) (트리거: star 2024-09-11, ewha 2022-04-09)",삼성전기,009150,KR,5.0,3,ewha|star,2024-09-11|2022-04-09,207500.0,2024-10-21,123400.0,39,-4.74,t_chandelier_ATR4.25
2024-08-19,57300.0,학회 매수리포트 발간 → 익일 시가 진입 (KOSPI 파킹 매도 후 전환) (트리거: kuvic 2024-08-16),더존비즈온,012510,KR,5.0,2,kuvic,2024-08-16,75900.0,2024-10-02,51600.0,44,-10.53,t_chandelier_ATR4.25
2024-05-27,19610.0,"학회 매수리포트 발간 → 익일 시가 진입 (KOSPI 파킹 매도 후 전환) (트리거: yig 2024-05-24, star 2024-03-11)",쏘카,403550,KR,5.0,2,star|yig,2024-03-11|2024-05-24,26300.0,2024-09-26,17880.0,122,-9.41,t_chandelier_ATR4.25
2024-07-29,7480.0,"학회 매수리포트 발간 → 익일 시가 진입 (KOSPI 파킹 매도 후 전환) (트리거: ewha 2024-07-26, smic 2021-11-03)",세경하이테크,148150,KR,5.0,2,ewha|smic,2021-11-03|2024-07-26,10742.69|12230.0,2024-09-11,5600.0,44,-25.62,t_chandelier_ATR4.25
2024-07-29,112500.0,학회 매수리포트 발간 → 익일 시가 진입 (KOSPI 파킹 매도 후 전환) (트리거: ewha 2024-07-26),티씨케이,064760,KR,5.0,4,ewha,2024-07-26,166600.0,2024-09-06,92200.0,39,-18.58,t_chandelier_ATR4.25
2024-07-29,18730.0,학회 매수리포트 발간 → 익일 시가 진입 (KOSPI 파킹 매도 후 전환) (트리거: ewha 2024-07-27),디아이티,110990,KR,5.0,1,ewha,2024-07-27,28500.0,2024-09-06,13980.0,39,-25.84,t_chandelier_ATR4.25
2024-07-26,22900.0,"학회 매수리포트 발간 → 익일 시가 진입 (KOSPI 파킹 매도 후 전환) (트리거: ewha 2024-07-25, star 2024-03-11)",오로스테크놀로지,322310,KR,5.0,2,ewha|star,2024-03-11|2024-07-25,48200.0|37000.0,2024-09-06,16330.0,42,-29.15,t_chandelier_ATR4.25
2024-07-29,14070.0,학회 매수리포트 발간 → 익일 시가 진입 (KOSPI 파킹 매도 후 전환) (트리거: voera 2024-07-26),동성화인텍,033500,KR,5.0,3,voera,2024-07-26,19730.0,2024-09-05,11580.0,38,-18.23,t_chandelier_ATR4.25
2024-07-26,27550.0,학회 매수리포트 발간 → 익일 시가 진입 (KOSPI 파킹 매도 후 전환) (트리거: ewha 2024-07-25),에스티아이,039440,KR,5.0,3,ewha,2024-07-25,41450.0,2024-09-05,20800.0,41,-24.99,t_chandelier_ATR4.25
2024-06-28,28100.0,"학회 매수리포트 발간 → 익일 시가 진입 (KOSPI 파킹 매도 후 전환) (트리거: kuvic 2024-06-27, ewha 2021-03-13, smic 2021-01-16)",한화솔루션,009830,KR,5.0,3,ewha|kuvic|smic,2021-01-16|2021-03-13|2024-06-27,59700.0|49500.0,2024-08-06,23200.0,39,-17.97,t_chandelier_ATR4.25
2024-03-12,9200.0,학회 매수리포트 발간 → 익일 시가 진입 (KOSPI 파킹 매도 후 전환) (트리거: star 2024-03-11),한화엔진,082740,KR,5.0,4,star,2024-03-11,12430.0,2024-08-06,12700.0,147,37.15,t_chandelier_ATR4.25
2023-10-20,70300.0,"학회 매수리포트 발간 → 익일 시가 진입 (KOSPI 파킹 매도 후 전환) (트리거: smic 2023-10-19, ewha 2022-10-07)",HD현대일렉트릭,267260,KR,5.0,2,ewha|smic,2022-10-07|2023-10-19,44250.0|140100.0,2024-08-06,280000.0,291,295.71,t_chandelier_ATR4.25
2024-04-18,29400.0,학회 매수리포트 발간 → 익일 시가 진입 (KOSPI 파킹 매도 후 전환) (트리거: smic 2024-04-17),한화오션,042660,KR,5.0,2,smic,2024-04-17,54500.0,2024-07-26,29400.0,99,-0.65,t_chandelier_ATR4.25
2023-10-20,124300.0,학회 매수리포트 발간 → 익일 시가 진입 (KOSPI 파킹 매도 후 전환) (트리거: smic 2023-10-19),SK하이닉스,000660,KR,5.0,1,smic,2023-10-19,164600.0,2024-07-23,208500.0,277,66.65,t_chandelier_ATR4.25
2024-02-19,113700.0,"학회 매수리포트 발간 → 익일 시가 진입 (KOSPI 파킹 매도 후 전환) (트리거: ewha 2024-02-16, smic 2023-12-06)",코스맥스,192820,KR,5.0,4,ewha|smic,2023-12-06|2024-02-16,142000.0|167700.0,2024-07-22,147700.0,154,29.06,t_chandelier_ATR4.25
2024-04-18,237000.0,학회 매수리포트 발간 → 익일 시가 진입 (KOSPI 파킹 매도 후 전환) (트리거: smic 2024-04-17),현대차,005380,KR,5.0,1,smic,2024-04-17,314900.0,2024-07-19,258500.0,92,8.36,t_chandelier_ATR4.25
2024-04-08,21850.0,"학회 매수리포트 발간 → 익일 시가 진입 (KOSPI 파킹 매도 후 전환) (트리거: ewha 2024-04-06, kuvic 2024-04-05, star 2022-10-31)",하이비젼시스템,126700,KR,5.0,3,ewha|kuvic|star,2022-10-31|2024-04-05|2024-04-06,31420.0,2024-07-19,22300.0,102,1.4,t_chandelier_ATR4.25
2024-06-03,11740.0,"학회 매수리포트 발간 → 익일 시가 진입 (KOSPI 파킹 매도 후 전환) (트리거: ewha 2024-06-01, star 2024-03-11)",비에이치아이,083650,KR,5.0,4,ewha|star,2024-03-11|2024-06-01,10440.0|15150.0,2024-07-03,8170.0,30,-30.86,t_chandelier_ATR4.25
2024-04-08,7360.0,학회 매수리포트 발간 → 익일 시가 진입 (KOSPI 파킹 매도 후 전환) (트리거: kuvic 2024-04-05),뉴프렉스,085670,KR,5.0,1,kuvic,2024-04-05,11469.0,2024-06-19,6580.0,72,-11.18,t_chandelier_ATR4.25
2024-03-12,53700.0,"학회 매수리포트 발간 → 익일 시가 진입 (KOSPI 파킹 매도 후 전환) (트리거: star 2024-03-11, kuvic 2023-11-19, smic 2022-12-08)",한국항공우주,047810,KR,5.0,4,kuvic|smic|star,2022-12-08|2023-11-19|2024-03-11,67000.0|69400.0|71500.0,2024-06-03,52400.0,83,-3.05,t_chandelier_ATR4.25
2024-02-29,124100.0,학회 매수리포트 발간 → 익일 시가 진입 (KOSPI 파킹 매도 후 전환) (트리거: kuvic 2024-02-28),CJ대한통운,000120,KR,5.0,2,kuvic,2024-02-28,,2024-05-22,111400.0,83,-10.82,t_chandelier_ATR4.25
2024-03-18,436500.0,"학회 매수리포트 발간 → 익일 시가 진입 (KOSPI 파킹 매도 후 전환) (트리거: voera 2024-03-15, smic 2022-12-08)",POSCO홀딩스,005490,KR,5.0,2,smic|voera,2022-12-08|2024-03-15,365000.0|572000.0,2024-04-16,386000.0,29,-12.14,t_chandelier_ATR4.25
2024-02-19,21350.0,학회 매수리포트 발간 → 익일 시가 진입 (KOSPI 파킹 매도 후 전환) (트리거: ewha 2024-02-16),두산퓨얼셀,336260,KR,5.0,1,ewha,2024-02-16,32100.0,2024-04-16,18800.0,57,-12.52,t_chandelier_ATR4.25
2024-01-22,18650.0,학회 매수리포트 발간 → 익일 시가 진입 (KOSPI 파킹 매도 후 전환) (트리거: ewha 2024-01-20),제우스,079370,KR,5.0,1,ewha,2024-01-20,70800.0,2024-04-08,17600.0,77,-6.24,t_chandelier_ATR4.25
2024-02-29,6800.0,학회 매수리포트 발간 → 익일 시가 진입 (KOSPI 파킹 매도 후 전환) (트리거: kuvic 2024-02-28),한국컴퓨터,054040,KR,5.0,1,kuvic,2024-02-28,15140.0,2024-04-04,6190.0,35,-9.56,t_chandelier_ATR4.25
2024-01-22,187000.0,"학회 매수리포트 발간 → 익일 시가 진입 (KOSPI 파킹 매도 후 전환) (트리거: ewha 2024-01-20, smic 2020-05-06)",파크시스템스,140860,KR,5.0,4,ewha|smic,2020-05-06|2024-01-20,55993.0|254300.0,2024-03-18,159100.0,56,-15.47,t_chandelier_ATR4.25
2023-10-05,6920.0,학회 매수리포트 발간 → 익일 시가 진입 (KOSPI 파킹 매도 후 전환) (트리거: star 2023-10-04),우신시스템,017370,KR,5.0,1,star,2023-10-04,15800.0,2024-03-07,8100.0,154,16.29,t_chandelier_ATR4.25
2024-01-08,54000.0,학회 매수리포트 발간 → 익일 시가 진입 (KOSPI 파킹 매도 후 전환) (트리거: star 2024-01-06),코웨이,021240,KR,5.0,1,star,2024-01-06,93600.0,2024-03-05,52300.0,57,-3.78,t_chandelier_ATR4.25
2023-12-07,38550.0,학회 매수리포트 발간 → 익일 시가 진입 (KOSPI 파킹 매도 후 전환) (트리거: smic 2023-12-06),동진쎄미켐,005290,KR,5.0,2,smic,2023-12-06,62950.0,2024-02-26,36400.0,81,-6.19,t_chandelier_ATR4.25
2023-10-20,9080.0,학회 매수리포트 발간 → 익일 시가 진입 (KOSPI 파킹 매도 후 전환) (트리거: smic 2023-10-19),코세스,089890,KR,5.0,1,smic,2023-10-19,18600.0,2024-02-06,15480.0,109,69.38,t_chandelier_ATR4.25
2023-10-20,21250.0,학회 매수리포트 발간 → 익일 시가 진입 (KOSPI 파킹 매도 후 전환) (트리거: smic 2023-10-19),에이디테크놀로지,200710,KR,5.0,1,smic,2023-10-19,75100.0,2024-02-01,25850.0,104,20.86,t_chandelier_ATR4.25
2023-11-20,77000.0,"학회 매수리포트 발간 → 익일 시가 진입 (KOSPI 파킹 매도 후 전환) (트리거: voera 2023-11-17, ewha 2023-10-07, kuvic 2023-09-20, smic 2021-12-13)",인텔리안테크,189300,KR,5.0,5,ewha|kuvic|smic|voera,2023-10-07|2021-12-13|2023-09-20|2023-11-17,113710.0|122000.0|293000.0|96600.0,2024-01-25,61300.0,66,-20.91,t_chandelier_ATR4.25
2023-10-16,9420.0,"학회 매수리포트 발간 → 익일 시가 진입 (KOSPI 파킹 매도 후 전환) (트리거: kuvic 2023-10-13, ewha 2023-02-08)",원텍,336570,KR,5.0,2,ewha|kuvic,2023-02-08|2023-10-13,6200.0,2024-01-18,8620.0,94,-9.09,t_chandelier_ATR4.25
2023-10-05,18000.0,학회 매수리포트 발간 → 익일 시가 진입 (KOSPI 파킹 매도 후 전환) (트리거: star 2023-10-04),바디텍메드,206640,KR,5.0,2,star,2023-10-04,33370.0,2024-01-17,17820.0,104,-1.64,t_chandelier_ATR4.25
2023-09-21,3610.0,학회 매수리포트 발간 → 익일 시가 진입 (KOSPI 파킹 매도 후 전환) (트리거: kuvic 2023-09-20),감성코퍼레이션,036620,KR,5.0,2,kuvic,2023-09-20,5100.0,2023-12-28,3145.0,98,-13.45,t_chandelier_ATR4.25
2023-10-05,5000.0,학회 매수리포트 발간 → 익일 시가 진입 (KOSPI 파킹 매도 후 전환) (트리거: star 2023-10-04),삼영,003720,KR,5.0,3,star,2023-10-04,7820.0,2023-12-06,4580.0,62,-8.99,t_chandelier_ATR4.25
2023-10-05,205000.0,"학회 매수리포트 발간 → 익일 시가 진입 (KOSPI 파킹 매도 후 전환) (트리거: star 2023-10-04, smic 2021-12-13)",세아제강지주,003030,KR,5.0,2,smic|star,2021-12-13|2023-10-04,154000.0|283700.0,2023-11-14,175800.0,40,-14.8,t_chandelier_ATR4.25
2023-08-02,134000.0,"학회 매수리포트 발간 → 익일 시가 진입 (KOSPI 파킹 매도 후 전환) (트리거: star 2023-08-01, ewha 2023-02-08)",에스엠,041510,KR,5.0,2,ewha|star,2023-02-08|2023-08-01,135600.0|189200.0,2023-10-20,114500.0,79,-15.11,t_chandelier_ATR4.25
2023-04-06,23566.0,"학회 매수리포트 발간 → 익일 시가 진입 (KOSPI 파킹 매도 후 전환) (트리거: voera 2023-04-05, ewha 2023-02-11, smic 2022-04-16)",인터로조,119610,KR,5.0,3,ewha|smic|voera,2022-04-16|2023-02-11|2023-04-05,45500.0|40400.0|42550.0,2023-10-20,22156.0,197,-6.59,t_chandelier_ATR4.25
2023-08-21,54400.0,"학회 매수리포트 발간 → 익일 시가 진입 (KOSPI 파킹 매도 후 전환) (트리거: star 2023-08-20, ewha 2022-03-12)",두산밥캣,241560,KR,5.0,2,ewha|star,2022-03-12|2023-08-20,51300.0|96100.0,2023-10-20,44900.0,60,-18.0,t_chandelier_ATR4.25
2023-03-13,49480.0,학회 매수리포트 발간 → 익일 시가 진입 (KOSPI 파킹 매도 후 전환) (트리거: ewha 2023-03-11),유한양행,000100,KR,5.0,1,ewha,2023-03-11,79300.0,2023-10-19,58189.0,220,16.84,t_chandelier_ATR4.25
2023-08-28,33500.0,"학회 매수리포트 발간 → 익일 시가 진입 (KOSPI 파킹 매도 후 전환) (트리거: ewha 2023-08-26, star 2023-04-22, smic 2021-06-06)",에스엘,005850,KR,5.0,3,ewha|smic|star,2023-08-26|2021-06-06|2023-04-22,49600.0|50000.0|39000.0,2023-10-16,30300.0,49,-10.14,t_chandelier_ATR4.25
2023-08-11,4033.0,"학회 매수리포트 발간 → 익일 시가 진입 (KOSPI 파킹 매도 후 전환) (트리거: yig 2023-08-10, smic 2023-04-13)",글로벌텍스프리,204620,KR,5.0,3,smic|yig,2023-04-13|2023-08-10,3800.0|8370.0,2023-10-05,4930.0,55,21.45,t_chandelier_ATR4.25
2023-08-21,404688.0,"학회 매수리포트 발간 → 익일 시가 진입 (KOSPI 파킹 매도 후 전환) (트리거: star 2023-08-20, ewha 2021-09-28)",포스코퓨처엠,003670,KR,5.0,2,ewha|star,2021-09-28|2023-08-20,192000.0|650000.0,2023-09-26,357677.0,36,-12.19,t_chandelier_ATR4.25
2023-05-12,18330.0,학회 매수리포트 발간 → 익일 시가 진입 (KOSPI 파킹 매도 후 전환) (트리거: smic 2023-05-11),태광,023160,KR,5.0,2,smic,2023-05-11,28840.0,2023-09-22,18580.0,133,0.71,t_chandelier_ATR4.25
2023-08-21,1134714.0,"학회 매수리포트 발간 → 익일 시가 진입 (KOSPI 파킹 매도 후 전환) (트리거: star 2023-08-20, voera 2021-08-17)",삼성바이오로직스,207940,KR,5.0,2,star|voera,2021-08-17|2023-08-20,1307000.0,2023-09-22,1037579.0,32,-9.15,t_chandelier_ATR4.25
2023-02-09,4840.0,학회 매수리포트 발간 → 익일 시가 진입 (KOSPI 파킹 매도 후 전환) (트리거: ewha 2023-02-08),원텍,336570,KR,5.0,2,ewha,2023-02-08,6200.0,2023-09-20,11610.0,223,138.32,t_chandelier_ATR4.25
2023-04-10,11710.0,학회 매수리포트 발간 → 익일 시가 진입 (KOSPI 파킹 매도 후 전환) (트리거: ewha 2023-04-08),아비코전자,036010,KR,5.0,1,ewha,2023-04-08,15070.0,2023-08-11,14120.0,123,19.8,t_chandelier_ATR4.25
2023-02-13,20400.0,학회 매수리포트 발간 → 익일 시가 진입 (KOSPI 파킹 매도 후 전환) (트리거: ewha 2023-02-11),월덱스,101160,KR,5.0,2,ewha,2023-02-11,31050.0,2023-08-11,24500.0,179,19.32,t_chandelier_ATR4.25
2023-03-13,8284.0,"학회 매수리포트 발간 → 익일 시가 진입 (KOSPI 파킹 매도 후 전환) (트리거: ewha 2023-03-11, smic 2022-11-13)",이수페타시스,007660,KR,5.0,3,ewha|smic,2022-11-13|2023-03-11,7600.0|15600.0,2023-08-08,30634.0,148,267.4,t_chandelier_ATR4.25
2023-04-10,15650.0,학회 매수리포트 발간 → 익일 시가 진입 (KOSPI 파킹 매도 후 전환) (트리거: ewha 2023-04-08),텔레칩스,054450,KR,5.0,1,ewha,2023-04-08,22310.0,2023-08-08,18680.0,120,18.59,t_chandelier_ATR4.25
2023-07-05,28300.0,"학회 매수리포트 발간 → 익일 시가 진입 (KOSPI 파킹 매도 후 전환) (트리거: star 2023-07-04, smic 2019-11-05)",비에이치,090460,KR,5.0,3,smic|star,2019-11-05|2023-07-04,45300.0|39000.0,2023-07-31,24450.0,26,-14.16,t_chandelier_ATR4.25
2023-02-09,77000.0,학회 매수리포트 발간 → 익일 시가 진입 (KOSPI 파킹 매도 후 전환) (트리거: ewha 2023-02-08),파마리서치,214450,KR,5.0,6,ewha,2023-02-08,107000.0,2023-07-27,119800.0,168,54.57,t_chandelier_ATR4.25
2023-04-24,17420.0,학회 매수리포트 발간 → 익일 시가 진입 (KOSPI 파킹 매도 후 전환) (트리거: star 2023-04-22),송원산업,004430,KR,5.0,1,star,2023-04-22,23530.0,2023-07-05,18490.0,72,5.45,t_chandelier_ATR4.25
2022-11-01,37419.0,"학회 매수리포트 발간 → 익일 시가 진입 (KOSPI 파킹 매도 후 전환) (트리거: star 2022-10-31, ewha 2021-05-22)",비나텍,126340,KR,5.0,3,ewha|star,2021-05-22|2022-10-31,51800.0|65400.0,2023-05-10,56011.0,190,48.71,t_chandelier_ATR4.25
2023-03-02,16990.0,학회 매수리포트 발간 → 익일 시가 진입 (KOSPI 파킹 매도 후 전환) (트리거: star 2023-03-01),파라다이스,034230,KR,5.0,2,star,2023-03-01,27700.0,2023-04-24,14700.0,53,-14.04,t_chandelier_ATR4.25
2022-09-29,5750.0,학회 매수리포트 발간 → 익일 시가 진입 (KOSPI 파킹 매도 후 전환) (트리거: voera 2022-09-28),아난티,025980,KR,5.0,2,voera,2022-09-28,10630.0,2023-03-15,6700.0,167,15.77,t_chandelier_ATR4.25
2022-11-10,7250.0,"학회 매수리포트 발간 → 익일 시가 진입 (KOSPI 파킹 매도 후 전환) (트리거: yig 2022-11-09, ewha 2022-04-09)",제이시스메디칼,287410,KR,5.0,3,ewha|yig,2022-04-09|2022-11-09,12250.0|15100.0,2023-03-15,8650.0,125,18.54,t_chandelier_ATR4.25
2023-02-09,100000.0,학회 매수리포트 발간 → 익일 시가 진입 (KOSPI 파킹 매도 후 전환) (트리거: ewha 2023-02-08),에스엠,041510,KR,5.0,2,ewha,2023-02-08,135600.0,2023-03-14,114400.0,33,13.66,t_chandelier_ATR4.25
2022-11-01,15450.0,학회 매수리포트 발간 → 익일 시가 진입 (KOSPI 파킹 매도 후 전환) (트리거: star 2022-10-31),하이비젼시스템,126700,KR,5.0,3,star,2022-10-31,31420.0,2023-03-13,17850.0,132,14.78,t_chandelier_ATR4.25
2022-10-14,6331.0,학회 매수리포트 발간 → 익일 시가 진입 (KOSPI 파킹 매도 후 전환) (트리거: smic 2022-10-13),바이오플러스,099430,KR,5.0,1,smic,2022-10-13,9149.05,2023-03-09,7160.0,146,12.36,t_chandelier_ATR4.25
2022-11-01,15750.0,"학회 매수리포트 발간 → 익일 시가 진입 (KOSPI 파킹 매도 후 전환) (트리거: star 2022-10-31, smic 2019-11-05)",삼양패키징,272550,KR,5.0,2,smic|star,2019-11-05|2022-10-31,23687.0|25800.0,2023-03-02,17560.0,121,10.77,t_chandelier_ATR4.25
2023-01-03,137000.0,학회 매수리포트 발간 → 익일 시가 진입 (KOSPI 파킹 매도 후 전환) (트리거: voera 2023-01-02),휴젤,145020,KR,5.0,4,voera,2023-01-02,387000.0,2023-02-13,140000.0,41,1.53,t_chandelier_ATR4.25
2022-11-25,79200.0,"학회 매수리포트 발간 → 익일 시가 진입 (KOSPI 파킹 매도 후 전환) (트리거: kuvic 2022-11-24, star 2022-08-16, yig 2022-05-18, voera 2021-05-14, ewha 2020-08-22)",씨에스윈드,112610,KR,5.0,6,ewha|kuvic|star|voera|yig,2020-08-22|2021-05-14|2022-05-18|2022-08-16|2022-11-24,107000.0|90900.0|79200.0|66210.0|113000.0,2023-01-05,65000.0,41,-18.46,t_chandelier_ATR4.25
2022-11-01,7680.0,"학회 매수리포트 발간 → 익일 시가 진입 (KOSPI 파킹 매도 후 전환) (트리거: star 2022-10-31, ewha 2022-10-07)",코엔텍,029960,KR,5.0,2,ewha|star,2022-10-07|2022-10-31,11320.0,2022-12-29,7600.0,58,-1.68,t_chandelier_ATR4.25
2022-10-14,13400.0,학회 매수리포트 발간 → 익일 시가 진입 (KOSPI 파킹 매도 후 전환) (트리거: smic 2022-10-13),HPSP,403870,KR,5.0,3,smic,2022-10-13,19911.91,2022-12-26,13775.0,73,2.13,t_chandelier_ATR4.25
2022-10-14,73000.0,"학회 매수리포트 발간 → 익일 시가 진입 (KOSPI 파킹 매도 후 전환) (트리거: smic 2022-10-13, ewha 2022-02-12, voera 2021-09-15)",SOOP,067160,KR,5.0,3,ewha|smic|voera,2021-09-15|2022-02-12|2022-10-13,185200.0|173000.0|101500.0,2022-12-22,76700.0,69,4.39,t_chandelier_ATR4.25
2022-10-14,28626.0,학회 매수리포트 발간 → 익일 시가 진입 (KOSPI 파킹 매도 후 전환) (트리거: smic 2022-10-13),KT나스미디어,089600,KR,5.0,2,smic,2022-10-13,45500.0,2022-11-22,25025.0,39,-13.15,t_chandelier_ATR4.25
2022-10-14,8306.0,학회 매수리포트 발간 → 익일 시가 진입 (KOSPI 파킹 매도 후 전환) (트리거: smic 2022-10-13),아이씨에이치,368600,KR,5.0,1,smic,2022-10-13,31100.0,2022-11-03,7850.0,20,-6.1,t_chandelier_ATR4.25
2022-09-08,166000.0,학회 매수리포트 발간 → 익일 시가 진입 (KOSPI 파킹 매도 후 전환) (트리거: ewha 2022-09-07),대웅제약,069620,KR,5.0,1,ewha,2022-09-07,225000.0,2022-10-13,149500.0,35,-10.52,t_chandelier_ATR4.25
2022-09-08,26500.0,학회 매수리포트 발간 → 익일 시가 진입 (KOSPI 파킹 매도 후 전환) (트리거: ewha 2022-09-07),SK오션플랜트,100090,KR,5.0,3,ewha,2022-09-07,38850.0,2022-10-12,20450.0,34,-23.33,t_chandelier_ATR4.25
2022-08-17,22050.0,학회 매수리포트 발간 → 익일 시가 진입 (KOSPI 파킹 매도 후 전환) (트리거: star 2022-08-16),명신산업,009900,KR,5.0,1,star,2022-08-16,26760.0,2022-09-27,19650.0,41,-11.46,t_chandelier_ATR4.25
2022-08-17,21400.0,학회 매수리포트 발간 → 익일 시가 진입 (KOSPI 파킹 매도 후 전환) (트리거: star 2022-08-16),제이브이엠,054950,KR,5.0,3,star,2022-08-16,26320.0,2022-09-27,18100.0,41,-15.97,t_chandelier_ATR4.25
2022-09-08,23400.0,학회 매수리포트 발간 → 익일 시가 진입 (KOSPI 파킹 매도 후 전환) (트리거: ewha 2022-09-07),TKG휴켐스,069260,KR,5.0,1,ewha,2022-09-07,28188.0,2022-09-26,19750.0,18,-16.15,t_chandelier_ATR4.25
2022-08-17,11520.0,학회 매수리포트 발간 → 익일 시가 진입 (KOSPI 파킹 매도 후 전환) (트리거: star 2022-08-16),LS ELECTRIC,010120,KR,5.0,2,star,2022-08-16,15325.38,2022-09-20,10280.0,34,-11.34,t_chandelier_ATR4.25
2022-08-17,64500.0,"학회 매수리포트 발간 → 익일 시가 진입 (KOSPI 파킹 매도 후 전환) (트리거: star 2022-08-16, yig 2022-05-18, voera 2021-05-14, ewha 2020-08-22)",씨에스윈드,112610,KR,5.0,6,ewha|star|voera|yig,2020-08-22|2021-05-14|2022-05-18|2022-08-16,107000.0|90900.0|79200.0|66210.0,2022-09-20,61000.0,34,-6.04,t_chandelier_ATR4.25
2022-08-17,5671.0,학회 매수리포트 발간 → 익일 시가 진입 (KOSPI 파킹 매도 후 전환) (트리거: star 2022-08-16),로젠,033290,KR,5.0,1,star,2022-08-16,8370.0,2022-09-16,5126.0,30,-10.2,t_chandelier_ATR4.25
2022-08-01,84900.0,학회 매수리포트 발간 → 익일 시가 진입 (KOSPI 파킹 매도 후 전환) (트리거: voera 2022-07-29),HD한국조선해양,009540,KR,5.0,1,voera,2022-07-29,120000.0,2022-09-08,88900.0,38,4.03,t_chandelier_ATR4.25
2022-08-17,8670.0,학회 매수리포트 발간 → 익일 시가 진입 (KOSPI 파킹 매도 후 전환) (트리거: star 2022-08-16),씨티씨바이오,060590,KR,5.0,1,star,2022-08-16,19150.0,2022-09-08,7660.0,22,-12.22,t_chandelier_ATR4.25
2022-05-19,47300.0,"학회 매수리포트 발간 → 익일 시가 진입 (KOSPI 파킹 매도 후 전환) (트리거: yig 2022-05-18, voera 2021-05-14, ewha 2020-08-22)",씨에스윈드,112610,KR,5.0,6,ewha|voera|yig,2020-08-22|2021-05-14|2022-05-18,107000.0|90900.0|79200.0,2022-07-07,48550.0,49,1.98,t_chandelier_ATR4.25
2022-03-14,160000.0,학회 매수리포트 발간 → 익일 시가 진입 (KOSPI 파킹 매도 후 전환) (트리거: ewha 2022-03-12),롯데칠성,005300,KR,5.0,1,ewha,2022-03-12,242000.0,2022-07-06,166000.0,114,3.08,t_chandelier_ATR4.25
2022-04-18,63400.0,학회 매수리포트 발간 → 익일 시가 진입 (KOSPI 파킹 매도 후 전환) (트리거: smic 2022-04-16),JYP Ent.,035900,KR,5.0,3,smic,2022-04-16,92400.0,2022-06-23,48900.0,66,-23.37,t_chandelier_ATR4.25
2022-05-13,28500.0,학회 매수리포트 발간 → 익일 시가 진입 (KOSPI 파킹 매도 후 전환) (트리거: smic 2022-05-12),인바디,041830,KR,5.0,2,smic,2022-05-12,43000.0,2022-06-23,24000.0,41,-16.34,t_chandelier_ATR4.25
2022-05-30,24909.0,학회 매수리포트 발간 → 익일 시가 진입 (KOSPI 파킹 매도 후 전환) (트리거: ewha 2022-05-28),JW중외제약,001060,KR,5.0,2,ewha,2022-05-28,38300.0,2022-06-21,20860.0,22,-16.8,t_chandelier_ATR4.25
2022-05-26,85.4492,학회 매수리포트 발간 → 익일 시가 진입 (KOSPI 파킹 매도 후 전환) (트리거: smic 2022-05-25),EAF,EAF,US,5.0,1,smic,2022-05-25,,2022-06-21,76.5163,26,-9.22,t_chandelier_ATR4.25
2022-05-13,3540.0,학회 매수리포트 발간 → 익일 시가 진입 (KOSPI 파킹 매도 후 전환) (트리거: smic 2022-05-12),벽산,007210,KR,5.0,1,smic,2022-05-12,5300.0,2022-06-16,3085.0,34,-13.42,t_chandelier_ATR4.25
2022-05-13,8960.0,학회 매수리포트 발간 → 익일 시가 진입 (KOSPI 파킹 매도 후 전환) (트리거: smic 2022-05-12),한솔아이원스,114810,KR,5.0,1,smic,2022-05-12,16450.0,2022-06-16,8480.0,34,-5.97,t_chandelier_ATR4.25
2022-05-13,173300.0,학회 매수리포트 발간 → 익일 시가 진입 (KOSPI 파킹 매도 후 전환) (트리거: smic 2022-05-12),골프존,215000,KR,5.0,1,smic,2022-05-12,268300.0,2022-06-14,149900.0,32,-14.06,t_chandelier_ATR4.25
2022-02-14,111000.0,학회 매수리포트 발간 → 익일 시가 진입 (KOSPI 파킹 매도 후 전환) (트리거: ewha 2022-02-12),현대오토에버,307950,KR,5.0,2,ewha,2022-02-12,,2022-06-14,113000.0,120,1.14,t_chandelier_ATR4.25
2022-03-16,153500.0,학회 매수리포트 발간 → 익일 시가 진입 (KOSPI 파킹 매도 후 전환) (트리거: star 2022-03-15),삼성전기,009150,KR,5.0,3,star,2022-03-15,267000.0,2022-05-27,152000.0,72,-1.62,t_chandelier_ATR4.25
2022-03-16,8610.0,학회 매수리포트 발간 → 익일 시가 진입 (KOSPI 파킹 매도 후 전환) (트리거: star 2022-03-15),아세아제지,002310,KR,5.0,1,star,2022-03-15,12418.26,2022-05-25,8380.0,70,-3.3,t_chandelier_ATR4.25
2022-03-14,37050.0,학회 매수리포트 발간 → 익일 시가 진입 (KOSPI 파킹 매도 후 전환) (트리거: ewha 2022-03-12),두산밥캣,241560,KR,5.0,2,ewha,2022-03-12,51300.0,2022-05-19,36800.0,66,-1.32,t_chandelier_ATR4.25
2022-03-14,49550.0,학회 매수리포트 발간 → 익일 시가 진입 (KOSPI 파킹 매도 후 전환) (트리거: ewha 2022-03-12),심텍,222800,KR,5.0,2,ewha,2022-03-12,66900.0,2022-05-09,47650.0,56,-4.46,t_chandelier_ATR4.25
2021-11-04,11600.0,학회 매수리포트 발간 → 익일 시가 진입 (KOSPI 파킹 매도 후 전환) (트리거: smic 2021-11-03),주성엔지니어링,036930,KR,5.0,4,smic,2021-11-03,26700.0,2022-04-26,22300.0,173,90.99,t_chandelier_ATR4.25
2022-02-14,140000.0,"학회 매수리포트 발간 → 익일 시가 진입 (KOSPI 파킹 매도 후 전환) (트리거: ewha 2022-02-12, voera 2021-09-15)",SOOP,067160,KR,5.0,3,ewha|voera,2021-09-15|2022-02-12,185200.0|173000.0,2022-04-26,131000.0,71,-7.04,t_chandelier_ATR4.25
2022-02-14,41900.0,학회 매수리포트 발간 → 익일 시가 진입 (KOSPI 파킹 매도 후 전환) (트리거: ewha 2022-02-12),현대건설,000720,KR,5.0,2,ewha,2022-02-12,56200.0,2022-04-19,43900.0,64,4.09,t_chandelier_ATR4.25
2022-02-14,283500.0,학회 매수리포트 발간 → 익일 시가 진입 (KOSPI 파킹 매도 후 전환) (트리거: ewha 2022-02-12),효성화학,298000,KR,5.0,1,ewha,2022-02-12,408000.0,2022-04-12,240000.0,57,-15.89,t_chandelier_ATR4.25
2022-02-14,51400.0,"학회 매수리포트 발간 → 익일 시가 진입 (KOSPI 파킹 매도 후 전환) (트리거: ewha 2022-02-12, smic 2021-12-13)",쿠콘,294570,KR,5.0,2,ewha|smic,2021-12-13|2022-02-12,104100.0|82900.0,2022-03-16,46000.0,30,-11.09,t_chandelier_ATR4.25
2022-02-14,11300.0,학회 매수리포트 발간 → 익일 시가 진입 (KOSPI 파킹 매도 후 전환) (트리거: ewha 2022-02-12),파트론,091700,KR,5.0,2,ewha,2022-02-12,17100.0,2022-03-15,9880.0,29,-13.13,t_chandelier_ATR4.25
2021-11-04,7741.0,학회 매수리포트 발간 → 익일 시가 진입 (KOSPI 파킹 매도 후 전환) (트리거: smic 2021-11-03),세경하이테크,148150,KR,5.0,2,smic,2021-11-03,10742.69,2022-01-26,7925.0,83,1.71,t_chandelier_ATR4.25
2021-12-01,28.11,학회 매수리포트 발간 → 익일 시가 진입 (KOSPI 파킹 매도 후 전환) (트리거: smic 2021-11-30),CHGG,CHGG,US,5.0,1,smic,2021-11-30,43.5,2022-01-26,25.84,56,-7.65,t_chandelier_ATR4.25
2021-11-22,7520.0,학회 매수리포트 발간 → 익일 시가 진입 (KOSPI 파킹 매도 후 전환) (트리거: smic 2021-11-19),NPC,004250,KR,5.0,1,smic,2021-11-19,9290.0,2022-01-25,8410.0,64,11.11,t_chandelier_ATR4.25
2021-11-22,39800.0,학회 매수리포트 발간 → 익일 시가 진입 (KOSPI 파킹 매도 후 전환) (트리거: smic 2021-11-19),원티드랩,376980,KR,5.0,1,smic,2021-11-19,50900.0,2022-01-20,31500.0,59,-21.37,t_chandelier_ATR4.25
2021-11-29,121500.0,학회 매수리포트 발간 → 익일 시가 진입 (KOSPI 파킹 매도 후 전환) (트리거: ewha 2021-11-27),대주전자재료,078600,KR,5.0,2,ewha,2021-11-27,142000.0,2022-01-10,96000.0,42,-21.5,t_chandelier_ATR4.25
2021-11-22,104900.0,학회 매수리포트 발간 → 익일 시가 진입 (KOSPI 파킹 매도 후 전환) (트리거: smic 2021-11-19),카카오게임즈,293490,KR,5.0,1,smic,2021-11-19,151300.0,2022-01-07,74600.0,46,-29.35,t_chandelier_ATR4.25
2021-12-01,16.0,학회 매수리포트 발간 → 익일 시가 진입 (KOSPI 파킹 매도 후 전환) (트리거: smic 2021-11-30),OPEN,OPEN,US,5.0,1,smic,2021-11-30,,2022-01-07,11.8,37,-25.31,t_chandelier_ATR4.25
2021-12-01,77.45,학회 매수리포트 발간 → 익일 시가 진입 (KOSPI 파킹 매도 후 전환) (트리거: smic 2021-11-30),INMD,INMD,US,5.0,1,smic,2021-11-30,172.11,2022-01-06,56.46,36,-26.57,t_chandelier_ATR4.25
2021-11-22,395000.0,학회 매수리포트 발간 → 익일 시가 진입 (KOSPI 파킹 매도 후 전환) (트리거: smic 2021-11-19),하이브,352820,KR,5.0,6,smic,2021-11-19,628000.0,2021-12-21,325500.0,29,-18.13,t_chandelier_ATR4.25
2021-11-25,75700.0,"학회 매수리포트 발간 → 익일 시가 진입 (KOSPI 파킹 매도 후 전환) (트리거: ewha 2021-11-24, voera 2021-09-17)",현대백화점,069960,KR,5.0,2,ewha|voera,2021-09-17|2021-11-24,119100.0|110500.0,2021-12-01,67000.0,6,-12.07,t_chandelier_ATR4.25
2021-08-23,83000.0,"학회 매수리포트 발간 → 익일 시가 진입 (KOSPI 파킹 매도 후 전환) (트리거: ewha 2021-08-21, voera 2020-09-04)",스튜디오드래곤,253450,KR,5.0,3,ewha|voera,2020-09-04|2021-08-21,116000.0,2021-12-01,85000.0,100,1.75,t_chandelier_ATR4.25
2021-11-04,51400.0,학회 매수리포트 발간 → 익일 시가 진입 (KOSPI 파킹 매도 후 전환) (트리거: smic 2021-11-03),넥스틴,348210,KR,5.0,2,smic,2021-11-03,72400.0,2021-12-01,45600.0,27,-11.86,t_chandelier_ATR4.25
2021-09-13,18700.0,학회 매수리포트 발간 → 익일 시가 진입 (KOSPI 파킹 매도 후 전환) (트리거: ewha 2021-09-11),KG이니시스,035600,KR,5.0,1,ewha,2021-09-11,23945.0,2021-11-29,16450.0,77,-12.6,t_chandelier_ATR4.25
2021-08-23,64700.0,학회 매수리포트 발간 → 익일 시가 진입 (KOSPI 파킹 매도 후 전환) (트리거: ewha 2021-08-21),롯데정밀화학,004000,KR,5.0,1,ewha,2021-08-21,105575.0,2021-11-08,82300.0,77,26.38,t_chandelier_ATR4.25
2021-08-23,144400.0,학회 매수리포트 발간 → 익일 시가 진입 (KOSPI 파킹 매도 후 전환) (트리거: ewha 2021-08-21),CJ ENM,035760,KR,5.0,1,ewha,2021-08-21,200300.0,2021-11-04,167200.0,73,15.04,t_chandelier_ATR4.25
2021-08-23,81055.0,학회 매수리포트 발간 → 익일 시가 진입 (KOSPI 파킹 매도 후 전환) (트리거: ewha 2021-08-21),OCI홀딩스,010060,KR,5.0,2,ewha,2021-08-21,113156.0,2021-10-28,111252.0,66,36.36,t_chandelier_ATR4.25
2021-09-29,156544.0,학회 매수리포트 발간 → 익일 시가 진입 (KOSPI 파킹 매도 후 전환) (트리거: ewha 2021-09-28),포스코퓨처엠,003670,KR,5.0,2,ewha,2021-09-28,192000.0,2021-10-25,142488.0,26,-9.57,t_chandelier_ATR4.25
2021-09-13,431500.0,"학회 매수리포트 발간 → 익일 시가 진입 (KOSPI 파킹 매도 후 전환) (트리거: ewha 2021-09-11, voera 2020-05-17)",CJ제일제당,097950,KR,5.0,2,ewha|voera,2020-05-17|2021-09-11,395000.0|551000.0,2021-10-07,391000.0,24,-9.97,t_chandelier_ATR4.25
2021-08-23,71900.0,학회 매수리포트 발간 → 익일 시가 진입 (KOSPI 파킹 매도 후 전환) (트리거: ewha 2021-08-21),코오롱인더,120110,KR,5.0,3,ewha,2021-08-21,90876.0,2021-10-07,90800.0,45,25.47,t_chandelier_ATR4.25
2021-08-23,40050.0,학회 매수리포트 발간 → 익일 시가 진입 (KOSPI 파킹 매도 후 전환) (트리거: ewha 2021-08-21),디앤씨미디어,263720,KR,5.0,1,ewha,2021-08-21,65700.0,2021-10-07,36550.0,45,-9.33,t_chandelier_ATR4.25
2021-08-23,254000.0,학회 매수리포트 발간 → 익일 시가 진입 (KOSPI 파킹 매도 후 전환) (트리거: ewha 2021-08-21),현대모비스,012330,KR,5.0,2,ewha,2021-08-21,356000.0,2021-09-29,247000.0,37,-3.39,t_chandelier_ATR4.25
2021-08-18,1479245.0,학회 매수리포트 발간 → 익일 시가 진입 (KOSPI 파킹 매도 후 전환) (트리거: voera 2021-08-17),삼성바이오로직스,207940,KR,5.0,2,voera,2021-08-17,,2021-09-29,1242159.0,42,-16.57,t_chandelier_ATR4.25
2021-05-17,345500.0,"학회 매수리포트 발간 → 익일 시가 진입 (KOSPI 파킹 매도 후 전환) (트리거: voera 2021-05-14, smic 2020-06-09)",NAVER,035420,KR,5.0,3,smic|voera,2020-06-09|2021-05-14,300766.0|525000.0,2021-09-10,398000.0,116,14.45,t_chandelier_ATR4.25
2021-03-11,30100.0,학회 매수리포트 발간 → 익일 시가 진입 (KOSPI 파킹 매도 후 전환) (트리거: ewha 2021-03-10),해성디에스,195870,KR,5.0,2,ewha,2021-03-10,53700.0,2021-08-18,39100.0,160,29.06,t_chandelier_ATR4.25
2021-05-07,7600.0,학회 매수리포트 발간 → 익일 시가 진입 (KOSPI 파킹 매도 후 전환) (트리거: smic 2021-05-06),쌍용C&E,003410,KR,5.0,1,smic,2021-05-06,11897.51,2021-08-03,7900.0,88,3.27,t_chandelier_ATR4.25
2021-03-15,80500.0,학회 매수리포트 발간 → 익일 시가 진입 (KOSPI 파킹 매도 후 전환) (트리거: ewha 2021-03-13),KT&G,033780,KR,5.0,1,ewha,2021-03-13,110136.0,2021-08-02,82600.0,140,1.94,t_chandelier_ATR4.25
2021-03-15,50000.0,학회 매수리포트 발간 → 익일 시가 진입 (KOSPI 파킹 매도 후 전환) (트리거: ewha 2021-03-13),서흥,008490,KR,5.0,1,ewha,2021-03-13,69525.0,2021-07-26,54800.0,133,8.89,t_chandelier_ATR4.25
2021-03-15,24900.0,학회 매수리포트 발간 → 익일 시가 진입 (KOSPI 파킹 매도 후 전환) (트리거: ewha 2021-03-13),연우,115960,KR,5.0,1,ewha,2021-03-13,36300.0,2021-07-22,28200.0,129,12.52,t_chandelier_ATR4.25
2021-03-11,6210.0,학회 매수리포트 발간 → 익일 시가 진입 (KOSPI 파킹 매도 후 전환) (트리거: ewha 2021-03-10),팬오션,028670,KR,5.0,1,ewha,2021-03-10,6436.0,2021-07-21,7450.0,132,19.19,t_chandelier_ATR4.25
2021-02-22,51500.0,학회 매수리포트 발간 → 익일 시가 진입 (KOSPI 파킹 매도 후 전환) (트리거: ewha 2021-02-20),HD현대미포,010620,KR,5.0,4,ewha,2021-02-20,69100.0,2021-07-14,79600.0,142,53.56,t_chandelier_ATR4.25
2021-02-22,12500.0,학회 매수리포트 발간 → 익일 시가 진입 (KOSPI 파킹 매도 후 전환) (트리거: ewha 2021-02-20),유니셈,036200,KR,5.0,1,ewha,2021-02-20,16400.0,2021-06-10,12950.0,108,2.93,t_chandelier_ATR4.25
2020-11-02,10050.0,"학회 매수리포트 발간 → 익일 시가 진입 (KOSPI 파킹 매도 후 전환) (트리거: smic 2020-10-31, ewha 2020-10-10)",진성티이씨,036890,KR,5.0,4,ewha|smic,2020-10-10|2020-10-31,14375.0|20350.0,2021-06-09,13400.0,219,32.47,t_chandelier_ATR4.25
2021-03-15,55393.0,"학회 매수리포트 발간 → 익일 시가 진입 (KOSPI 파킹 매도 후 전환) (트리거: ewha 2021-03-13, smic 2021-01-16)",한화솔루션,009830,KR,5.0,3,ewha|smic,2021-01-16|2021-03-13,59700.0,2021-05-14,55081.0,60,-1.21,t_chandelier_ATR4.25
2021-02-22,10098.0,학회 매수리포트 발간 → 익일 시가 진입 (KOSPI 파킹 매도 후 전환) (트리거: ewha 2021-02-20),한솔테크닉스,004710,KR,5.0,1,ewha,2021-02-20,14900.0,2021-05-03,9753.0,70,-4.04,t_chandelier_ATR4.25
2021-01-18,276500.0,학회 매수리포트 발간 → 익일 시가 진입 (KOSPI 파킹 매도 후 전환) (트리거: smic 2021-01-16),대한유화,006650,KR,5.0,2,smic,2021-01-16,394500.0,2021-03-11,317000.0,52,13.9,t_chandelier_ATR4.25
2020-08-24,19633.0,학회 매수리포트 발간 → 익일 시가 진입 (KOSPI 파킹 매도 후 전환) (트리거: voera 2020-08-21),태영건설,009410,KR,5.0,1,voera,2020-08-21,29300.0,2021-03-11,23397.0,199,18.4,t_chandelier_ATR4.25
2020-09-14,49000.0,학회 매수리포트 발간 → 익일 시가 진입 (KOSPI 파킹 매도 후 전환) (트리거: ewha 2020-09-12),LX세미콘,108320,KR,5.0,1,ewha,2020-09-12,66700.0,2021-03-02,66100.0,169,34.02,t_chandelier_ATR4.25
2020-08-24,7260.0,학회 매수리포트 발간 → 익일 시가 진입 (KOSPI 파킹 매도 후 전환) (트리거: ewha 2020-08-22),SY동아,041930,KR,5.0,1,ewha,2020-08-22,13900.0,2021-02-25,12900.0,185,76.53,t_chandelier_ATR4.25
2020-08-24,36962.0,학회 매수리포트 발간 → 익일 시가 진입 (KOSPI 파킹 매도 후 전환) (트리거: ewha 2020-08-22),씨에스윈드,112610,KR,5.0,6,ewha,2020-08-22,107000.0,2021-02-25,72100.0,185,93.8,t_chandelier_ATR4.25
2021-01-18,66621.0,학회 매수리포트 발간 → 익일 시가 진입 (KOSPI 파킹 매도 후 전환) (트리거: smic 2021-01-16),한화솔루션,009830,KR,5.0,3,smic,2021-01-16,,2021-02-24,59385.0,37,-11.44,t_chandelier_ATR4.25
2020-11-13,22300.0,"학회 매수리포트 발간 → 익일 시가 진입 (KOSPI 파킹 매도 후 전환) (트리거: voera 2020-11-12, smic 2019-11-05)",에코마케팅,230360,KR,5.0,2,smic|voera,2019-11-05|2020-11-12,52500.0|35000.0,2021-02-22,26250.0,101,16.95,t_chandelier_ATR4.25
2020-11-02,14700.0,학회 매수리포트 발간 → 익일 시가 진입 (KOSPI 파킹 매도 후 전환) (트리거: smic 2020-10-31),에스제이그룹,306040,KR,5.0,1,smic,2020-10-31,23500.0,2021-01-29,16400.0,88,10.84,t_chandelier_ATR4.25
2020-11-02,11692.0,학회 매수리포트 발간 → 익일 시가 진입 (KOSPI 파킹 매도 후 전환) (트리거: smic 2020-10-31),HLB테라퓨틱스,115450,KR,5.0,1,smic,2020-10-31,,2021-01-27,10262.0,86,-12.8,t_chandelier_ATR4.25
2020-11-02,9820.0,학회 매수리포트 발간 → 익일 시가 진입 (KOSPI 파킹 매도 후 전환) (트리거: smic 2020-10-31),현대이지웰,090850,KR,5.0,1,smic,2020-10-31,11560.0,2020-12-22,10450.0,50,5.73,t_chandelier_ATR4.25
2020-11-02,5237.0,학회 매수리포트 발간 → 익일 시가 진입 (KOSPI 파킹 매도 후 전환) (트리거: smic 2020-10-31),이지바이오,353810,KR,5.0,1,smic,2020-10-31,6922.4,2020-12-09,6200.0,37,17.62,t_chandelier_ATR4.25
2020-10-12,16621.0,학회 매수리포트 발간 → 익일 시가 진입 (KOSPI 파킹 매도 후 전환) (트리거: ewha 2020-10-10),동화기업,025900,KR,5.0,1,ewha,2020-10-10,58100.0,2020-10-27,12676.0,15,-24.23,t_chandelier_ATR4.25
2020-08-24,21500.0,학회 매수리포트 발간 → 익일 시가 진입 (KOSPI 파킹 매도 후 전환) (트리거: ewha 2020-08-22),프로텍,053610,KR,5.0,2,ewha,2020-08-22,31700.0,2020-10-27,24550.0,64,13.45,t_chandelier_ATR4.25
2020-08-24,48150.0,학회 매수리포트 발간 → 익일 시가 진입 (KOSPI 파킹 매도 후 전환) (트리거: ewha 2020-08-21),LIG아큐버,073490,KR,5.0,2,ewha,2020-08-21,59900.0,2020-10-27,50000.0,64,3.17,t_chandelier_ATR4.25
2020-05-07,15007.0,학회 매수리포트 발간 → 익일 시가 진입 (KOSPI 파킹 매도 후 전환) (트리거: smic 2020-05-06),노바렉스,194700,KR,5.0,2,smic,2020-05-06,35545.0,2020-10-27,19420.0,173,28.57,t_chandelier_ATR4.25
2020-05-07,37600.0,학회 매수리포트 발간 → 익일 시가 진입 (KOSPI 파킹 매도 후 전환) (트리거: smic 2020-05-06),파크시스템스,140860,KR,5.0,4,smic,2020-05-06,55993.0,2020-10-23,61800.0,169,63.3,t_chandelier_ATR4.25
2020-05-07,8920.0,학회 매수리포트 발간 → 익일 시가 진입 (KOSPI 파킹 매도 후 전환) (트리거: smic 2020-05-06),인텍플러스,064290,KR,5.0,1,smic,2020-05-06,12534.0,2020-10-20,12200.0,166,35.88,t_chandelier_ATR4.25
2020-08-24,33300.0,학회 매수리포트 발간 → 익일 시가 진입 (KOSPI 파킹 매도 후 전환) (트리거: ewha 2020-08-22),덕산네오룩스,213420,KR,5.0,4,ewha,2020-08-22,46600.0,2020-09-25,30300.0,32,-9.6,t_chandelier_ATR4.25
2020-05-18,315500.0,학회 매수리포트 발간 → 익일 시가 진입 (KOSPI 파킹 매도 후 전환) (트리거: voera 2020-05-17),CJ제일제당,097950,KR,5.0,2,voera,2020-05-17,395000.0,2020-09-10,381500.0,115,20.13,t_chandelier_ATR4.25
2020-06-23,28350.0,학회 매수리포트 발간 → 익일 시가 진입 (KOSPI 파킹 매도 후 전환) (트리거: smic 2020-06-22),네패스,033640,KR,5.0,1,smic,2020-06-22,58383.0,2020-08-21,29200.0,59,2.33,t_chandelier_ATR4.25
2020-06-01,16450.0,학회 매수리포트 발간 → 익일 시가 진입 (KOSPI 파킹 매도 후 전환) (트리거: ewha 2020-05-30),원익피앤이,131390,KR,5.0,1,ewha,2020-05-30,,2020-08-21,20650.0,81,24.72,t_chandelier_ATR4.25
2020-05-15,13115.0,학회 매수리포트 발간 → 익일 시가 진입 (KOSPI 파킹 매도 후 전환) (트리거: voera 2020-05-14),제주항공,089590,KR,5.0,2,voera,2020-05-14,20000.0,2020-08-19,12202.0,96,-7.57,t_chandelier_ATR4.25
2020-06-01,16300.0,학회 매수리포트 발간 → 익일 시가 진입 (KOSPI 파킹 매도 후 전환) (트리거: ewha 2020-05-30),이노메트리,302430,KR,5.0,1,ewha,2020-05-30,22700.0,2020-08-19,23700.0,79,44.46,t_chandelier_ATR4.25
2020-06-23,4050.0,학회 매수리포트 발간 → 익일 시가 진입 (KOSPI 파킹 매도 후 전환) (트리거: smic 2020-06-22),세진중공업,075580,KR,5.0,3,smic,2020-06-22,,2020-07-14,3793.0,21,-6.95,t_chandelier_ATR4.25
2020-05-07,16400.0,학회 매수리포트 발간 → 익일 시가 진입 (KOSPI 파킹 매도 후 전환) (트리거: smic 2020-05-06),펌텍코리아,251970,KR,5.0,3,smic,2020-05-06,20224.0,2020-06-24,15000.0,48,-9.13,t_chandelier_ATR4.25
2020-05-15,240500.0,학회 매수리포트 발간 → 익일 시가 진입 (KOSPI 파킹 매도 후 전환) (트리거: voera 2020-05-14),신세계,004170,KR,5.0,2,voera,2020-05-14,278000.0,2020-06-16,219500.0,32,-9.32,t_chandelier_ATR4.25
2020-05-07,36574.0,학회 매수리포트 발간 → 익일 시가 진입 (KOSPI 파킹 매도 후 전환) (트리거: smic 2020-05-06),에치에프알,230240,KR,5.0,2,smic,2020-05-06,45900.0,2020-06-16,30676.0,40,-16.67,t_chandelier_ATR4.25
2020-03-02,1235000.0,학회 매수리포트 발간 → 익일 시가 진입 (KOSPI 파킹 매도 후 전환) (트리거: voera 2020-02-28),LG생활건강,051900,KR,5.0,1,voera,2020-02-28,,2020-03-17,1050000.0,15,-15.53,t_chandelier_ATR4.25
2020-01-02,12730.0,학회 매수리포트 발간 → 익일 시가 진입 (KOSPI 파킹 매도 후 전환) (트리거: smic 2019-08-11),NHN KCP,060250,KR,5.0,1,smic,2019-08-11,19300.0,2020-03-12,14880.0,70,16.13,t_chandelier_ATR4.25
2020-01-02,2675.0,학회 매수리포트 발간 → 익일 시가 진입 (KOSPI 파킹 매도 후 전환) (트리거: smic 2019-08-11),알서포트,131370,KR,5.0,1,smic,2019-08-11,5200.0,2020-03-06,3045.0,64,13.09,t_chandelier_ATR4.25
2020-01-02,12000.0,학회 매수리포트 발간 → 익일 시가 진입 (KOSPI 파킹 매도 후 전환) (트리거: smic 2019-08-11),디와이피엔에프,104460,KR,5.0,2,smic,2019-08-11,12600.0,2020-03-02,11600.0,60,-3.96,t_chandelier_ATR4.25
2020-01-02,7780.0,학회 매수리포트 발간 → 익일 시가 진입 (KOSPI 파킹 매도 후 전환) (트리거: smic 2019-08-11),덱스터,206560,KR,5.0,1,smic,2019-08-11,11700.0,2020-02-25,7200.0,54,-8.06,t_chandelier_ATR4.25
2020-01-02,23500.0,학회 매수리포트 발간 → 익일 시가 진입 (KOSPI 파킹 매도 후 전환) (트리거: smic 2019-08-11),지노믹트리,228760,KR,5.0,2,smic,2019-08-11,,2020-02-11,19400.0,40,-17.98,t_chandelier_ATR4.25
2020-01-02,3057.0,학회 매수리포트 발간 → 익일 시가 진입 (KOSPI 파킹 매도 후 전환) (트리거: smic 2019-12-24),세진중공업,075580,KR,5.0,3,smic,2019-12-24,,2020-02-03,2639.0,32,-14.23,t_chandelier_ATR4.25
2020-01-02,111500.0,학회 매수리포트 발간 → 익일 시가 진입 (KOSPI 파킹 매도 후 전환) (트리거: smic 2019-08-11),HS효성첨단소재,298050,KR,5.0,3,smic,2019-08-11,143300.0,2020-02-03,97200.0,32,-13.39,t_chandelier_ATR4.25
2020-01-02,27700.0,학회 매수리포트 발간 → 익일 시가 진입 (KOSPI 파킹 매도 후 전환) (트리거: smic 2019-08-11),콜마비앤에이치,200130,KR,5.0,1,smic,2019-08-11,34500.0,2020-01-31,26500.0,29,-4.95,t_chandelier_ATR4.25
2020-01-02,8466.0,학회 매수리포트 발간 → 익일 시가 진입 (KOSPI 파킹 매도 후 전환) (트리거: smic 2019-08-11),이엠텍,091120,KR,5.0,1,smic,2019-08-11,19500.0,2020-01-30,9765.0,28,14.6,t_chandelier_ATR4.25
2020-01-02,33350.0,학회 매수리포트 발간 → 익일 시가 진입 (KOSPI 파킹 매도 후 전환) (트리거: yig 2019-11-01),한국타이어앤테크놀로지,161390,KR,5.0,3,yig,2019-11-01,71500.0,2020-01-29,29100.0,27,-13.31,t_chandelier_ATR4.25
