report_id,date,company,ticker,exchange,symbol,title,rating,target_price_krw,publication_price_krw,entry_price_krw,target_upside_at_pub,target_hit,target_hit_date,days_to_target,last_close_krw,last_close_date,current_return,peak_return,trough_return,target_gap_pct,caveat_flags,pdf_url
7e687ca6a743eff4,2020-10-31,이지바이오,353810,KRX,353810.KQ,"Equity Research, 이지바이오",,103500.0,77000.0,5379.95,18.24,False,,,8020.0,2026-04-15,0.49,0.92,-0.43,-0.92,,http://snusmic.com/wp-content/uploads/2020/11/201031_이지바이오_5팀.pdf
02f44f98e36b5ee9,2020-12-05,Gaztransport&technigaz,GTT,EPA,GTT.PA,"Equity Research, Gaztransport&technigaz",,124901.5678527832,105191.1168224793,105191.12,0.19,True,2022-03-07,457.0,346932.59,2026-04-15,2.3,2.48,-0.18,1.78,,http://snusmic.com/wp-content/uploads/2020/12/201124__Gaztransporttechnigaz-_5팀.pdf
044fd5b652cd7b71,2020-12-05,Roku,ROKU,NASDAQ,ROKU,"Equity Research, Roku",,357538.24080322264,325112.3450952396,325112.35,0.1,True,2020-12-11,6.0,160651.7,2026-04-15,-0.51,0.7,-0.85,-0.55,,http://snusmic.com/wp-content/uploads/2020/12/201124_Roku_4팀.pdf
aca3b0e80e5d334c,2020-12-05,SEA ltd.,SE,NYSE,SE,"Equity Research, SEA ltd.",,317355.8403808594,215206.20835532248,215206.21,0.47,True,2021-06-17,194.0,132732.72,2026-04-15,-0.38,1.02,-0.79,-0.58,,http://snusmic.com/wp-content/uploads/2020/12/201124_SEA_ltd_3팀.pdf
5d0752b834ca2cb9,2020-12-05,Bili bili,BILI,NASDAQ,BILI,"Equity Research, Bili bili",,79611.79008178711,78628.24443292245,78628.24,0.01,True,2020-12-08,3.0,36662.03,2026-04-15,-0.53,1.21,-0.85,-0.54,,http://snusmic.com/wp-content/uploads/2020/12/201124_BilibiliUS_BILI_2팀.pdf
427716b6d195f77b,2020-12-05,Chewy,CHWY,NYSE,CHWY,"Equity Research, Chewy",,41824.83694152832,81045.06926784664,81045.07,-0.48,True,2020-12-07,2.0,39924.14,2026-04-15,-0.51,0.61,-0.75,-0.05,extraction_review:non_buy_rating:Sell,http://snusmic.com/wp-content/uploads/2020/12/201124_Chewy_1팀.pdf
fb850fafdb38be16,2021-01-16,하나머티리얼즈,166090,KRX,166090.KQ,"Equity Research, 하나머티리얼즈",,40400.0,31050.0,31050.0,0.3,True,2021-04-01,75.0,69800.0,2026-04-15,1.25,1.25,-0.29,0.73,,http://snusmic.com/wp-content/uploads/2021/01/201128_하나머티리얼즈_5팀.pdf
16ef439296056ba9,2021-01-16,대한유화,006650,KRX,006650.KS,"Equity Research, 대한유화",,394500.0,272500.0,272500.0,0.45,False,,,154000.0,2026-04-15,-0.43,0.44,-0.75,-0.61,,http://snusmic.com/wp-content/uploads/2021/01/201128_대한유화_4팀.pdf
61b8145c6d332ac7,2021-01-16,한화솔루션,009830,KRX,009830.KS,"Equity Research, 한화솔루션",,60700.0,57460.609375,57460.61,0.06,True,2021-01-19,3.0,42400.0,2026-04-15,-0.26,0.1,-0.74,-0.3,,http://snusmic.com/wp-content/uploads/2021/01/201128_한화솔루션_3팀.pdf
6078643ec9d84be5,2021-01-16,노바텍,285490,KRX,285490.KQ,"Equity Research, 노바텍",,139200.0,36809.5234375,36809.52,2.78,False,,,22350.0,2026-04-15,-0.39,0.31,-0.72,-0.84,,http://snusmic.com/wp-content/uploads/2021/01/201128_노바텍_2팀.pdf
74fbe4ce4444129a,2021-01-16,파이오링크,170790,KRX,170790.KQ,"Equity Research, 파이오링크",,20400.0,12500.0,12500.0,0.63,False,,,12440.0,2026-04-15,-0.0,0.5,-0.48,-0.39,,http://snusmic.com/wp-content/uploads/2021/01/201128_파이오링크_1팀.pdf
9ef8e475c404c2f2,2021-04-15,인선이엔티,060150,KRX,060150.KQ,"Equity Research, 인선이엔티",,21750.0,14600.0,14600.0,0.49,False,,,4355.0,2026-04-15,-0.7,0.0,-0.74,-0.8,,http://snusmic.com/wp-content/uploads/2021/04/21_1_1주차_보고서_5팀_인선이엔티.pdf
82013abc077ec06a,2021-04-15,국도화학,007690,KRX,007690.KS,"Equity Research, 국도화학",,146000.0,61268.0546875,61268.05,1.38,False,,,39100.0,2026-04-15,-0.36,0.44,-0.58,-0.73,extraction_review:missing_rating,http://snusmic.com/wp-content/uploads/2021/04/21_1_1주차_보고서_4팀_국도화학.pdf
b97e4a85c6c1ec4e,2021-04-15,대림제지,017650,KRX,017650.KS,"Equity Research, 대림제지",,21500.0,15100.0,15100.0,0.42,False,,,9020.0,2026-04-15,-0.4,0.08,-0.59,-0.58,,http://snusmic.com/wp-content/uploads/2021/04/21_1_1주차_보고서_3팀_대림제지.pdf
98ab527e6ec4bf16,2021-04-15,쌍용C&E,003410,KRX,003410.KS,"Equity Research,  쌍용C&E",,10000.0,7560.0,,,False,,,,,,,,,missing_price_history,http://snusmic.com/wp-content/uploads/2021/04/21_1_1주차_보고서_쌍용CE-1.pdf
1195e33544158456,2021-04-15,현대제철,004020,KRX,004020.KS,"Equity Research, 현대제철",,93800.0,49500.0,49500.0,0.89,False,,,40000.0,2026-04-15,-0.19,0.25,-0.6,-0.57,,http://snusmic.com/wp-content/uploads/2021/04/21-1-1주차-보고서_1팀-현대제철-1.pdf
d862376b69a0899b,2021-05-06,솔루엠,248070,KRX,248070.KS,"Equity Research, 솔루엠",,36900.0,24500.0,24500.0,0.51,False,,,19580.0,2026-04-15,-0.2,0.32,-0.43,-0.47,,http://snusmic.com/wp-content/uploads/2021/05/21_1_2주차_수정보고서_3팀_솔루엠.pdf
ba5672804816e8f8,2021-05-06,바이넥스,053030,KRX,053030.KQ,"Equity Research, 바이넥스",,43750.0,24400.0,24400.0,0.79,False,,,11720.0,2026-04-15,-0.52,0.11,-0.7,-0.73,,http://snusmic.com/wp-content/uploads/2021/05/21-1-2주차-보고서_5팀-바이넥스-수정.pdf
786a5c9006c4a1d7,2021-05-06,데브시스터즈,194480,KRX,194480.KQ,"Equity Research, 데브시스터즈",,198000.0,108600.0,108600.0,0.82,False,,,22800.0,2026-04-15,-0.79,0.73,-0.8,-0.88,,http://snusmic.com/wp-content/uploads/2021/05/21_1_2주차_보고서_4팀_데브시스터즈.pdf
0bb8a0b98b8d77ac,2021-05-06,쿠쿠홈시스,284740,KRX,284740.KS,"Equity Research, 쿠쿠홈시스",,66500.0,41600.0,41600.0,0.6,False,,,24200.0,2026-04-15,-0.42,0.25,-0.54,-0.64,,http://snusmic.com/wp-content/uploads/2021/05/21-1-2주차-보고서_2팀-쿠쿠홈시스-수정.pdf
a9abf8131be0116b,2021-05-06,케이씨씨글라스,344820,KRX,344820.KQ,"Equity Research, 케이씨씨글라스",,108000.0,63100.0,63100.0,0.71,False,,,28500.0,2026-04-15,-0.55,0.29,-0.61,-0.74,extraction_review:missing_rating,http://snusmic.com/wp-content/uploads/2021/05/21_1_2주차_보고서_1팀_케이씨씨글라스-수정.pdf
d524f1b9b99a53af,2021-05-31,Corning,GLW,NYSE,GLW,"Equity Research, Corning",,63432.44860839844,47732.97557543032,47732.98,0.33,True,2024-07-16,1142.0,247259.32,2026-04-15,4.18,4.44,-0.26,2.9,,http://snusmic.com/wp-content/uploads/2021/05/21_1_3주차_수정보고서_5팀_Corning.pdf
c899a139ba93106b,2021-05-31,Ping An Healthcare & Technology,1833,HKG,1833.HK,"Equity Research, Ping An Healthcare & Technology",,21505.59539794922,13061.064719588265,13061.06,0.65,False,,,2230.23,2026-04-15,-0.83,0.08,-0.92,-0.9,,http://snusmic.com/wp-content/uploads/2021/05/21_1_3주차_보고서_4팀_Ping_An_Healthcare.pdf
65b98e5336bd59f3,2021-05-31,West Fraser Timber. Co. Ltd,WFG,NYSE,WFG,"Equity Research, West Fraser Timber. Co. Ltd",,152460.44665527344,85503.13132664189,85503.13,0.78,False,,,96055.99,2026-04-15,0.12,0.63,-0.12,-0.37,extraction_review:missing_rating,http://snusmic.com/wp-content/uploads/2021/05/21_1_3주차_수정보고서_3팀_WFG.pdf
1488bad8a01bf103,2021-05-31,Star Bulk Carriers,SBLK,NASDAQ,SBLK,"Equity Research, Star Bulk Carriers",,42065.72907714843,22128.529556202702,22128.53,0.9,True,2022-05-23,357.0,36206.51,2026-04-15,0.64,0.93,-0.16,-0.14,,http://snusmic.com/wp-content/uploads/2021/05/21_1_3주차_보고서_2팀_Star_Bulk_Carriers-1.pdf
32a42b5c3654e918,2021-05-31,Cyber Agent,4751,TYO,4751.T,"Equity Research, Cyber Agent",,36545.46615600586,22251.228424072266,22251.23,0.64,False,,,12093.88,2026-04-15,-0.46,0.11,-0.69,-0.67,,http://snusmic.com/wp-content/uploads/2021/05/CyberAgent_Inc._TYO_4751_1팀.pdf
f69bbabda26dd3de,2021-06-06,LG유플러스,032640,KRX,032640.KS,"Equity Research, LG유플러스",,26450.0,15400.0,15400.0,0.72,False,,,17380.0,2026-04-15,0.13,0.16,-0.38,-0.34,,http://snusmic.com/wp-content/uploads/2021/06/21_1_4주차_수정보고서_5팀_LG유플러스.pdf
65e4ae8e1e885829,2021-06-06,에스엘,005850,KRX,005850.KS,"Equity Research, 에스엘",,50000.0,35000.0,35000.0,0.43,True,2026-01-16,1685.0,58500.0,2026-04-15,0.67,1.1,-0.36,0.17,,http://snusmic.com/wp-content/uploads/2021/06/21_1_4주차_수정보고서_4팀_에스엘.pdf
d3729cbe5407f44d,2021-06-06,시그넷이브이,075580,KRX,075580.KS,"Equity Research, 시그넷이브이",,40400.0,61300.0,7500.0,4.39,False,,,17660.0,2026-04-15,1.35,2.48,-0.43,-0.56,extraction_review:missing_rating,http://snusmic.com/wp-content/uploads/2021/06/21_1_4주차_보고서_3팀_시그넷이브이_수정보고서.pdf
ddf3b21845907899,2021-06-06,효성티앤씨,298020,KRX,298020.KQ,"Equity Research, 효성티앤씨",,975000.0,743000.0,743000.0,0.31,False,,,500000.0,2026-04-15,-0.33,0.26,-0.75,-0.49,,http://snusmic.com/wp-content/uploads/2021/06/21_1_4주차_수정보고서_효성티앤씨.pdf
ee12b562184f3778,2021-06-06,제이콘텐트리,036420,KRX,036420.KS,"Equity Research, 제이콘텐트리",,74500.0,51600.0,51600.0,0.44,False,,,5800.0,2026-04-15,-0.89,0.39,-0.9,-0.92,,http://snusmic.com/wp-content/uploads/2021/06/SMIC_1팀_제이콘텐트리.pdf
4a28ed5fae713919,2021-11-03,엔씨소프트,036570,KRX,036570.KS,"equity Research, 엔씨소프트",,372000.0,657000.0,657000.0,-0.43,True,2021-11-03,0.0,247500.0,2026-04-15,-0.62,0.2,-0.79,-0.33,extraction_review:non_buy_rating:Sell,http://snusmic.com/wp-content/uploads/2021/11/21_2_1주차_보고서_5팀_엔씨소프트_수정보고서.pdf
1600f5644e55a037,2021-11-03,넥스틴,348210,KRX,348210.KQ,"equity Research, 넥스틴",,72400.0,51200.0,51200.0,0.41,True,2022-04-19,167.0,75600.0,2026-04-15,0.48,0.92,-0.2,0.04,,http://snusmic.com/wp-content/uploads/2021/11/21_2_1주차_수정보고서_4팀_넥스틴.pdf
7d7e2a6e32013f08,2021-11-03,세경하이테크,148150,KRX,148150.KQ,"equity Research, 세경하이테크",,35000.0,7650.0,7650.0,3.58,False,,,4840.0,2026-04-15,-0.37,0.69,-0.56,-0.86,,http://snusmic.com/wp-content/uploads/2021/11/21_2_1주차_수정보고서_3팀_세경하이테크.pdf
037076d05c1f75ac,2021-11-03,키이스트,054780,KRX,054780.KQ,"equity Research, 키이스트",,20800.0,14750.0,14750.0,0.41,False,,,2950.0,2026-04-15,-0.8,0.03,-0.85,-0.86,,http://snusmic.com/wp-content/uploads/2021/11/21_2_1주차_수정보고서_2팀_키이스트.pdf
d4a970fee900b949,2021-11-03,주성엔지니어링,036930,KRX,036930.KQ,"Equity Research, 주성엔지니어링",,26700.0,11350.0,11350.0,1.35,True,2022-03-02,119.0,70600.0,2026-04-15,5.22,5.82,-0.08,1.64,,http://snusmic.com/wp-content/uploads/2021/11/21_2_1주차_수정보고서_1팀_주성엔지니어링-1.pdf
89f9f72c18472c7f,2021-11-19,NPC,004250,KRX,004250.KS,"Equity Research, NPC",,9290.0,7800.0,7800.0,0.19,True,2021-12-21,32.0,3970.0,2026-04-15,-0.49,0.53,-0.54,-0.57,,http://snusmic.com/wp-content/uploads/2021/11/21_2_2주차_수정보고서_5팀_NPC.pdf
3ae2cd0fef5cc5b6,2021-11-19,원티드랩,376980,KRX,376980.KQ,"Equity Research, 원티드랩",,50900.0,40300.0,40300.0,0.26,False,,,3510.0,2026-04-15,-0.91,0.0,-0.92,-0.93,,http://snusmic.com/wp-content/uploads/2021/11/21_2_2주차_수정보고서_4팀_원티드랩.pdf
6c3673eec1694092,2021-11-19,카카오게임즈,293490,KRX,293490.KQ,"Equity Research, 카카오게임즈",,151300.0,107500.0,107500.0,0.41,False,,,12290.0,2026-04-15,-0.89,0.0,-0.89,-0.92,,http://snusmic.com/wp-content/uploads/2021/11/21_2_2주차_수정_보고서_3팀_카카오게임즈.pdf
9afa1ee48cb453eb,2021-11-19,예스티,122640,KRX,122640.KQ,"Equity Research, 예스티",,25300.0,13400.0,13400.0,0.89,True,2023-09-01,651.0,29200.0,2026-04-15,1.18,1.18,-0.54,0.15,,http://snusmic.com/wp-content/uploads/2021/11/21_2_2주차_수정보고서_2팀_예스티.pdf
c94768069dbf6dbd,2021-11-19,하이브,352820,KRX,352820.KS,"Equity Research, 하이브",,628000.0,400500.0,400500.0,0.57,False,,,255500.0,2026-04-15,-0.36,0.01,-0.73,-0.59,,http://snusmic.com/wp-content/uploads/2021/11/21_2_2주차_수정보고서_1팀_하이브.pdf
e4f61fb5a56f7d82,2021-11-30,Inmode,INMD,NASDAQ,INMD,"Equity Research, Inmode",,204938.2597192383,90496.2392578125,90496.24,1.26,False,,,20939.24,2026-04-15,-0.77,0.0,-0.8,-0.9,,http://snusmic.com/wp-content/uploads/2021/11/21_2_3주차_수정보고서_5팀_Inmode.pdf
ab2a3cd1f6220db2,2021-11-30,Opendoor,OPEN,NASDAQ,OPEN,"Equity Research, Opendoor",,42116.47345458984,18861.321627005003,18861.32,1.23,False,,,7082.6,2026-04-15,-0.62,0.0,-0.96,-0.83,,http://snusmic.com/wp-content/uploads/2021/11/21_2_3주차_수정보고서_4팀_Opendoor_Technologies_.pdf
235ca36dccfc1783,2021-11-30,Z-holdings,4689,TYO,4689.T,"Equity Research, Z-holdings",,12660.48999786377,7868.337585449219,7868.34,0.61,False,,,4026.97,2026-04-15,-0.49,0.01,-0.61,-0.68,,http://snusmic.com/wp-content/uploads/2021/11/21_3주차_수정보고서_3팀_Z_Holdings_Corporation.pdf
27fa19d322870ea6,2021-11-30,Muyuan foods co ltd,002714,SZSE,002714.SZ,"equity Research, Muyuan foods co ltd",,23814.7998046875,11320.181750540156,11320.18,1.1,False,,,9948.37,2026-04-15,-0.12,0.24,-0.4,-0.58,,http://snusmic.com/wp-content/uploads/2021/11/21_2_3주차_수정보고서_2팀_목원식품.pdf
cefde513c9366947,2021-11-30,Chegg,CHGG,NYSE,CHGG,"Equity Research, Chegg",,51797.18957519531,33162.1091822586,33162.11,0.56,False,,,1601.67,2026-04-15,-0.95,0.36,-0.98,-0.97,,http://snusmic.com/wp-content/uploads/2021/11/21_2_3주차_수정보고서_1팀_Chegg.pdf
8b301da5f9cbeb69,2021-12-13,쿠콘,294570,KRX,294570.KQ,"Equity Research, 쿠콘",,104100.0,75100.0,75100.0,0.39,False,,,29400.0,2026-04-15,-0.61,0.0,-0.84,-0.72,,http://snusmic.com/wp-content/uploads/2021/12/21_2_4주차_수정보고서_5팀_쿠콘.pdf
ed3298464b2f98d5,2021-12-13,인텔리안테크,189300,KRX,189300.KQ,"Equity Research, 인텔리안테크",,122000.0,83500.0,83500.0,0.46,True,2026-02-09,1519.0,137000.0,2026-04-15,0.64,0.72,-0.63,0.12,,http://snusmic.com/wp-content/uploads/2021/12/21_2_4주차_수정보고서_4팀_인텔리안테크.pdf
53c1821b2b5f4ebd,2021-12-13,세아제강지주,003030,KRX,003030.KS,"Equity Research, 세아제강지주",,154000.0,113500.0,113500.0,0.36,True,2022-04-19,127.0,221500.0,2026-04-15,0.95,1.45,-0.14,0.44,,http://snusmic.com/wp-content/uploads/2021/12/21_2_4주차_수정보고서_3팀_세아제강지주.pdf
771f0f6cabce8bfa,2021-12-13,엔켐,348370,KRX,348370.KQ,"Equity Research, 엔켐",,174900.0,100100.0,100100.0,0.75,True,2024-02-01,780.0,39150.0,2026-04-15,-0.61,2.65,-0.7,-0.78,extraction_review:missing_rating,http://snusmic.com/wp-content/uploads/2021/12/21_2_4주차_수정보고서_2팀_엔켐.pdf
7df7f3246b237d57,2021-12-13,에스티팜,237690,KRX,237690.KQ,"Equity Research, 에스티팜",,185000.0,126500.0,126500.0,0.46,False,,,147500.0,2026-04-15,0.17,0.28,-0.52,-0.2,,http://snusmic.com/wp-content/uploads/2021/12/21_2_4주차_수정보고서_1팀_에스티팜.pdf
104c5fd3af9d4aab,2022-04-16,JYP Ent.,035900,KRX,035900.KQ,"Equity Research, JYP Ent.",,92400.0,58800.0,58800.0,0.57,True,2023-05-02,381.0,60900.0,2026-04-15,0.04,1.4,-0.26,-0.34,,http://snusmic.com/wp-content/uploads/2022/04/22_1_1주차_수정보고서_5팀_JYP_Ent..pdf
838c8ba80222a6dd,2022-04-16,인터로조,119610,KRX,119610.KQ,"Equity Research, 인터로조",,45500.0,34050.0,34050.0,0.34,False,,,20150.0,2026-04-15,-0.41,0.12,-0.56,-0.56,,http://snusmic.com/wp-content/uploads/2022/04/22_1_1주차_수정보고서_4팀_인터로조.pdf
d26e5d6dca5fdc4c,2022-04-16,롯데렌탈,089860,KRX,089860.KQ,"Equity Research, 롯데렌탈",,63529.0,45200.0,45200.0,0.41,False,,,32150.0,2026-04-15,-0.29,0.02,-0.44,-0.49,,http://snusmic.com/wp-content/uploads/2022/04/22_1_1주차_수정보고서_3팀_롯데렌탈.pdf
ad6c829b1bfc811b,2022-04-16,공구우먼,366030,KRX,366030.KQ,"Equity Research, 공구우먼",,37400.0,34600.0,5566.67,5.72,True,2022-07-05,80.0,5830.0,2026-04-15,0.05,6.69,-0.43,-0.84,extraction_review:non_buy_rating:Attention,http://snusmic.com/wp-content/uploads/2022/04/22_1_1주차_수정보고서_2팀_공구우먼.pdf
0498c71baf800437,2022-04-16,국순당,043650,KRX,043650.KQ,"Equity Research, 국순당",,13250.0,10900.0,10900.0,0.22,False,,,4280.0,2026-04-15,-0.61,0.08,-0.64,-0.68,,http://snusmic.com/wp-content/uploads/2022/04/22_1_1주차_수정보고서_1팀_국순당.pdf
c3c2941d58fd09db,2022-05-12,골프존,215000,KRX,215000.KQ,"Equity Research, 골프존",,268300.0,173300.0,173300.0,0.55,False,,,50200.0,2026-04-15,-0.71,0.02,-0.73,-0.81,,http://snusmic.com/wp-content/uploads/2022/05/22_1_2주차_수정보고서_5팀_골프존.pdf
d02635fcf57c9831,2022-05-12,인바디,041830,KRX,041830.KQ,"Equity Research, 인바디",,38300.0,28300.0,28300.0,0.35,False,,,29900.0,2026-04-15,0.06,0.26,-0.37,-0.22,,http://snusmic.com/wp-content/uploads/2022/05/22_1_2주차_수정보고서_4팀_인바디.pdf
cf6e90784928ec2e,2022-05-12,벽산,007210,KRX,007210.KS,"Equity Research, 벽산",,5300.0,3540.0,3540.0,0.5,False,,,2160.0,2026-04-15,-0.39,0.17,-0.54,-0.59,,http://snusmic.com/wp-content/uploads/2022/05/22_1_2주차_수정보고서_3팀_벽산.pdf
3d0eef9651bbf5f3,2022-05-12,애니플러스,310200,KRX,310200.KQ,"Equity Research, 애니플러스",,5310.0,3840.0,3840.0,0.38,True,2025-07-08,1153.0,2760.0,2026-04-15,-0.28,0.54,-0.39,-0.48,,http://snusmic.com/wp-content/uploads/2022/05/22_1_2주차_수정보고서_2팀_애니플러스.pdf
26bc78e8280443fa,2022-05-12,아이원스,114810,KRX,114810.KQ,"Equity Research, 아이원스",,16450.0,8880.0,8880.0,0.85,True,2025-11-05,1273.0,18420.0,2026-04-15,1.07,1.16,-0.39,0.12,,http://snusmic.com/wp-content/uploads/2022/05/22_1_2주차_수정보고서_1팀_아이원스.pdf
ae2cc012ee18fbdb,2022-05-25,GrafTech International Ltd.,EAF,NYSE,EAF,"Equity Research, GrafTech International Ltd.",,16518.968872070312,10403.167419433594,107184.15,-0.85,True,2022-05-25,0.0,11402.7,2026-04-15,-0.89,0.06,-0.93,-0.31,,http://snusmic.com/wp-content/uploads/2022/05/22_1_3주차_수정보고서_5팀_Graftech_International_Ltd.pdf
c631200d3a42357e,2022-05-25,"GEM Co., Ltd.",002340,SZSE,002340.SZ,"Equity Research, GEM Co., Ltd.",,14312.236389160156,1587.8498542753223,1587.85,8.01,False,,,1767.16,2026-04-15,0.11,0.39,-0.44,-0.88,,http://snusmic.com/wp-content/uploads/2022/05/22_1_3주차_수정보고서_4팀_GEM.pdf
3cb65668846f456b,2022-05-25,"Vertex Energy, Inc.",VTNR,NASDAQ,VTNR,"Equity Research, Vertex Energy, Inc.",,26556.449194335935,18511.333056640626,,,False,,,,,,,,,missing_price_history,http://snusmic.com/wp-content/uploads/2022/05/22_1_3주차_수정보고서_3팀_Vertex_Energy.pdf
ce21d8373593ec16,2022-05-25,TSMC,TSM,NYSE,TSM,"Equity Research, TSMC",,963396.3525390624,668324.6948242188,114006.11,7.45,False,,,551179.47,2026-04-15,3.83,3.92,-0.25,-0.43,,http://snusmic.com/wp-content/uploads/2022/05/22_1_3주차_수정보고서_2팀_TSMC.pdf
6405448206fb6311,2022-05-25,Scorpio Tankers Inc.,STNG,NYSE,STNG,"Equity Research, Scorpio Tankers Inc.",,56315.81296386718,39847.28417243576,39847.28,0.41,True,2022-08-29,96.0,108678.31,2026-04-15,1.73,1.98,-0.04,0.93,extraction_review:missing_rating,http://snusmic.com/wp-content/uploads/2022/05/22_1_3주차_수정보고서_1팀_Scorpio_Tankers.pdf
4945335edf0a3d6d,2022-06-08,동아쏘시오홀딩스,000640,KRX,000640.KS,"Equity Research, 동아쏘시오홀딩스",,155500.0,99915.1640625,99915.16,0.56,False,,,95500.0,2026-04-15,-0.04,0.21,-0.26,-0.39,,http://snusmic.com/wp-content/uploads/2022/06/22_1_4주차_수정보고서_5팀_동아쏘시오홀딩스.pdf
a9a5c7d8c6e6995d,2022-06-08,영원무역홀딩스,009970,KRX,009970.KS,"Equity Research, 영원무역홀딩스",,85000.0,57700.0,57700.0,0.47,True,2024-02-01,603.0,209000.0,2026-04-15,2.62,3.33,-0.2,1.46,,http://snusmic.com/wp-content/uploads/2022/06/22_1_4주차_수정보고서_4팀_영원무역홀딩스.pdf
c82e104c235c6247,2022-06-08,티와이홀딩스,363280,KRX,363280.KS,"Equity Research, 티와이홀딩스",,38100.0,25247.423828125,25247.42,0.51,False,,,2800.0,2026-04-15,-0.89,0.0,-0.92,-0.93,,http://snusmic.com/wp-content/uploads/2022/06/22_1_4주차_수정보고서_3팀_티와이홀딩스.pdf
6e5ccfe04b55d4c4,2022-06-08,DL,000210,KRX,000210.KS,"Equity Research, DL",,102000.0,67000.0,67000.0,0.52,False,,,64000.0,2026-04-15,-0.04,0.06,-0.58,-0.37,,http://snusmic.com/wp-content/uploads/2022/06/22_1_4주차_수정보고서_2팀_DL.pdf
c57f20ad93adf797,2022-06-08,LS,006260,KRX,006260.KS,"Equity Research, LS",,163000.0,68700.0,68700.0,1.37,True,2024-05-17,709.0,343500.0,2026-04-15,4.0,4.0,-0.25,1.11,,http://snusmic.com/wp-content/uploads/2022/06/22_1_4주차_수정보고서_1팀_LS.pdf
c36f87938dfe83da,2022-10-13,아이씨에이치,368600,KRX,368600.KQ,"Equity Research, 아이씨에이치",,31100.0,9050.0,9050.0,2.44,False,,,1468.0,2026-04-15,-0.84,0.07,-0.93,-0.95,,http://snusmic.com/wp-content/uploads/2022/10/22_2_1주차_수정보고서_5팀_아이씨에이치.pdf
abf8b4129d0067a3,2022-10-13,아프리카TV,067160,KRX,067160.KQ,"Equity Research, 아프리카TV",,101500.0,71300.0,71300.0,0.42,True,2024-01-09,453.0,60100.0,2026-04-15,-0.16,0.92,-0.2,-0.41,,http://snusmic.com/wp-content/uploads/2022/10/22_2_1주차_수정보고서_4팀_아프리카TV.pdf
269ab4f8ab06ddcc,2022-10-13,나스미디어,089600,KRX,089600.KQ,"Equity Research, 나스미디어",,45500.0,28363.63671875,28363.64,0.6,False,,,11730.0,2026-04-15,-0.59,0.11,-0.6,-0.74,,http://snusmic.com/wp-content/uploads/2022/10/22_2_1주차_수정보고서_3팀_나스미디어.pdf
f9eba10d5b1a6274,2022-10-13,HPSP,403870,KRX,403870.KQ,"Equity Research, HPSP",,89100.0,57500.0,12850.0,5.93,False,,,42550.0,2026-04-15,2.31,3.91,0.0,-0.52,,http://snusmic.com/wp-content/uploads/2022/10/22_2_1주차_수정보고서_2팀_HPSP.pdf
65fede2d24495586,2022-10-13,바이오플러스,099430,KRX,099430.KQ,"Equity Research, 바이오플러스",,42900.0,29100.0,6200.0,5.92,False,,,5630.0,2026-04-15,-0.09,0.44,-0.3,-0.87,,http://snusmic.com/wp-content/uploads/2022/10/22_2_1주차_수정보고서_1팀_바이오플러스.pdf
23dfbf83613d3029,2022-11-13,현대에너지솔루션,322000,KRX,322000.KS,"Equity Research, 현대에너지솔루션",,82700.0,61000.0,61000.0,0.36,True,2026-02-06,1181.0,160000.0,2026-04-15,1.62,2.13,-0.69,0.93,,http://snusmic.com/wp-content/uploads/2022/11/22_2_2주차_수정보고서_5팀_현대에너지솔루션.pdf
165ce2f1aeafe7fe,2022-11-13,이랜텍,054210,KRX,054210.KQ,"Equity Research, 이랜텍",,17500.0,12500.0,12500.0,0.4,False,,,10710.0,2026-04-15,-0.14,0.24,-0.68,-0.39,,http://snusmic.com/wp-content/uploads/2022/11/22_2_2주차_수정보고서_4팀_이랜텍.pdf
3ce25880fb8c6a07,2022-11-13,우리금융지주,316140,KRX,316140.KS,"Equity Research, 우리금융지주",,14700.0,11900.0,11900.0,0.24,True,2024-02-02,446.0,35350.0,2026-04-15,1.97,2.43,-0.08,1.4,,http://snusmic.com/wp-content/uploads/2022/11/22_2_2주차_수정보고서_3팀_우리금융지주.pdf
d1a34670c737d9ac,2022-11-13,S-OIL,010950,KRX,010950.KS,"Equity Research, S-OIL",,122500.0,89800.0,89800.0,0.36,True,2026-03-03,1206.0,117500.0,2026-04-15,0.31,0.57,-0.44,-0.04,,http://snusmic.com/wp-content/uploads/2022/11/22_2_2주차_수정보고서_2팀_S_OIL.pdf
fea27bf20d0f8d88,2022-11-13,이수페타시스,007660,KRX,007660.KS,"Equity Research, 이수페타시스",,7600.0,5730.0,5730.0,0.33,True,2023-01-30,78.0,123200.0,2026-04-15,20.5,24.86,-0.05,15.21,,http://snusmic.com/wp-content/uploads/2022/11/22_2_2주차_수정보고서_1팀_이수페타시스.pdf
4be410cfa6fd46e4,2022-11-25,Noble Corporation PLC,NE,NYSE,NE,"Equity Research, Noble Corporation PLC",,62151.69309082031,48037.092039405834,48037.09,0.29,True,2023-07-12,229.0,69679.9,2026-04-15,0.45,0.59,-0.44,0.12,,http://snusmic.com/wp-content/uploads/2022/11/22_2_3주차_수정보고서_5팀_Noble_Corporation_PLC.pdf
2dcae6668e7aa836,2022-11-25,MP Materials,MP,NYSE,MP,"Equity Research, MP Materials",,67739.54675292969,43846.20139063569,43846.2,0.54,True,2025-07-15,963.0,87459.88,2026-04-15,0.99,2.21,-0.67,0.29,,http://snusmic.com/wp-content/uploads/2022/11/22_2_3주차_수정보고서_4팀_MP_Materials.pdf
e48aad623ee4de4e,2022-11-25,Wolfspeed,WOLF,NYSE,WOLF,"Equity Research, Wolfspeed",,144546.17680664064,31132.490674098954,31132.49,3.64,False,,,35119.14,2026-04-15,0.13,0.62,-0.3,-0.76,,http://snusmic.com/wp-content/uploads/2022/11/22_2_3주차_수정보고서_3팀_Wolfspeed.pdf
9f7576102ac7fc38,2022-11-25,Tenaris S.A.,TS,NYSE,TS,"Equity Research, Tenaris S.A.",,32209.231958007815,44584.22160868533,44584.22,-0.28,True,2022-11-25,0.0,85064.73,2026-04-15,0.91,1.01,-0.27,1.64,,http://snusmic.com/wp-content/uploads/2022/11/22-2-3주차-수정보고서_2팀-Tenaris-S.A.-1.pdf
9ad4504d75edadfa,2022-11-25,Arista Networks,ANET,NYSE,ANET,"Equity Research, Arista Networks",,221076.0499572754,44729.18528732145,44729.19,3.94,True,2025-10-08,1048.0,226775.6,2026-04-15,4.07,4.17,-0.23,0.03,,http://snusmic.com/wp-content/uploads/2022/11/22_2_3주차_수정보고서_1팀_Arist_Networks.pdf
d9b3d180a37a3af7,2022-12-08,포스코홀딩스,005490,KRX,005490.KS,"Equity Research, 포스코홀딩스",,365000.0,286500.0,286500.0,0.27,True,2023-03-31,113.0,368000.0,2026-04-15,0.28,1.3,-0.2,0.01,,http://snusmic.com/wp-content/uploads/2022/12/22_2_4주차_수정보고서_5팀_POSCO홀딩스.pdf
756754d30bf2606b,2022-12-08,삼성엔지니어링,028050,KRX,028050.KS,"Equity Research, 삼성엔지니어링",,33800.0,23150.0,23150.0,0.46,True,2023-07-27,231.0,52400.0,2026-04-15,1.26,1.26,-0.3,0.55,,http://snusmic.com/wp-content/uploads/2022/12/22_2_4주차_수정보고서_4팀_삼성엔지니어링.pdf
9b739307066946a9,2022-12-08,SNT에너지,100840,KRX,100840.KQ,"Equity Research, SNT에너지",,35500.0,6716.66650390625,6716.67,4.29,True,2025-03-05,818.0,55700.0,2026-04-15,7.29,8.54,-0.12,0.57,,http://snusmic.com/wp-content/uploads/2022/12/22_2_4주차_수정보고서_3팀_SNT에너지.pdf
b52b85860ebe5b2f,2022-12-08,셀트리온,068270,KRX,068270.KS,"Equity Research, 셀트리온",,222000.0,155413.5,155413.5,0.43,True,2026-02-09,1159.0,202000.0,2026-04-15,0.3,0.6,-0.22,-0.09,,http://snusmic.com/wp-content/uploads/2022/12/22_2_4주차_수정보고서_2팀_셀트리온.pdf
65d963a7cd1c0daa,2022-12-08,한국항공우주,047810,KRX,047810.KS,"Equity Research, 한국항공우주",,67000.0,46150.0,46150.0,0.45,True,2024-11-11,704.0,190000.0,2026-04-15,3.12,3.38,-0.1,1.84,,http://snusmic.com/wp-content/uploads/2022/12/22_2_4주차_수정보고서_1팀_한국항공우주.pdf
e297c3688dff52fa,2023-04-13,파마리서치,214450,KRX,214450.KQ,"Equity Research, 파마리서치",,111600.0,90600.0,90600.0,0.23,True,2023-05-16,33.0,298500.0,2026-04-15,2.29,6.85,-0.02,1.67,,http://snusmic.com/wp-content/uploads/2023/04/23_1_1주차_수정보고서_5팀_파마리서치.pdf
a49675bcf9654922,2023-04-13,아스플로,159010,KRX,159010.KQ,"Equity Research, 아스플로",,20300.0,13990.0,13990.0,0.45,False,,,7990.0,2026-04-15,-0.43,0.13,-0.75,-0.61,,http://snusmic.com/wp-content/uploads/2023/04/23-1_1주차_수정보고서_4팀_아스플로.pdf
2b7cda74f6f72d97,2023-04-13,JTC,950170,KRX,950170.KQ,"Equity Research, JTC",,7100.0,4050.0,4050.0,0.75,True,2025-07-09,818.0,4630.0,2026-04-15,0.14,0.85,-0.18,-0.35,,http://snusmic.com/wp-content/uploads/2023/04/23_1_1주차_수정보고서_3팀_JTC.pdf
c356d64193bfcf87,2023-04-13,글로벌텍스프리,204620,KRX,204620.KQ,"Equity Research, 글로벌텍스프리",,4925.0,3350.73974609375,3350.74,0.47,True,2023-08-17,126.0,5150.0,2026-04-15,0.54,1.29,-0.15,0.05,,http://snusmic.com/wp-content/uploads/2023/04/23_1_1주차_보고서_2팀_글로벌텍스프리-1.pdf
d5e61dbccad3af20,2023-04-13,큐브엔터,182360,KRX,182360.KQ,"Equity Research, 큐브엔터",,41900.0,26100.0,26100.0,0.61,False,,,10180.0,2026-04-15,-0.61,0.05,-0.62,-0.76,,http://snusmic.com/wp-content/uploads/2023/04/23_1_1주차_수정보고서_1팀_큐브엔터.pdf
901dc44d3eedc130,2023-05-11,태광,023160,KRX,023160.KS,"Equity Research, 태광",,28840.0,18340.0,18340.0,0.57,True,2025-09-11,854.0,45200.0,2026-04-15,1.46,1.64,-0.39,0.57,,http://snusmic.com/wp-content/uploads/2023/05/23_1_2주차_수정보고서_5팀_태광.pdf
28902e013d64471e,2023-05-11,진시스템,363250,KRX,363250.KQ,"Equity Research, 진시스템",,32800.0,17830.0,17830.0,0.84,False,,,6320.0,2026-04-15,-0.65,0.79,-0.8,-0.81,,http://snusmic.com/wp-content/uploads/2023/05/23_1_2주차_수정보고서_4팀_진시스템.pdf
cc7b035df24effd5,2023-05-11,태웅,044490,KRX,044490.KQ,"Equity Research, 태웅",,28600.0,14070.0,14070.0,1.03,True,2025-06-10,761.0,51300.0,2026-04-15,2.65,3.07,-0.34,0.79,,http://snusmic.com/wp-content/uploads/2023/05/23_1_2주차_수정보고서_3팀_태웅.pdf
bf9bbe66a98dea96,2023-05-11,SK디앤디,210980,KRX,210980.KS,"Equity Research, SK디앤디",,38000.0,23400.0,23400.0,0.62,False,,,12940.0,2026-04-15,-0.45,0.5,-0.73,-0.66,,http://snusmic.com/wp-content/uploads/2023/05/23_1_2주차_수정보고서_2팀_SK디앤디.pdf
c80230176ec588e2,2023-05-11,레이,228670,KRX,228670.KQ,"Equity Research, 레이",,73700.0,34050.0,34050.0,1.16,False,,,10720.0,2026-04-15,-0.69,0.19,-0.88,-0.85,,http://snusmic.com/wp-content/uploads/2023/05/23_1_1주차_수정보고서_1팀_레이.pdf
2937539ac8e17f5c,2023-05-25,Bank of America Corp.,BAC,NYSE,BAC,"Equity Research, Bank of America Corp.",,43735.309047851566,37142.70905079041,37142.71,0.18,True,2023-12-14,203.0,79818.9,2026-04-15,1.15,1.24,-0.08,0.83,,http://snusmic.com/wp-content/uploads/2023/05/23_1_3주차_수정보고서_5팀_Bank_of_America_Corp.pdf
bb032f63980dd892,2023-05-25,기가비스,420770,KRX,420770.KQ,"Equity Research, 기가비스",,84800.0,74600.0,74600.0,0.14,True,2023-06-23,29.0,86800.0,2026-04-15,0.16,0.4,-0.72,0.02,,http://snusmic.com/wp-content/uploads/2023/05/23_1_3주차_수정보고서_4팀_기가비스.pdf
73eb3af5c6c360ec,2023-05-25,루닛,328130,KRX,328130.KQ,"Equity Research, 루닛",,122700.0,40200.0,40200.0,2.05,True,2023-09-07,105.0,38900.0,2026-04-15,-0.03,2.19,-0.21,-0.68,extraction_review:note_case_target_ambiguous,http://snusmic.com/wp-content/uploads/2023/05/23_1_3주차_수정보고서_3팀_루닛.pdf
93c78f6ec8b53672,2023-05-25,JW중외제약,001060,KRX,001060.KS,"Equity Research, JW중외제약",,35600.0,23774.509765625,23774.51,0.5,True,2023-07-18,54.0,31300.0,2026-04-15,0.32,0.98,-0.16,-0.12,,http://snusmic.com/wp-content/uploads/2023/05/23_1_3주차_수정보고서_2팀_JW중외제약.pdf
69e082beafe7c93a,2023-05-25,Eneti Inc.,NETI,NYSE,NETI,"Equity Research, Eneti Inc.",,19303.1330859375,11062.382963867189,,,False,,,,,,,,,missing_price_history,http://snusmic.com/wp-content/uploads/2023/05/23_1_3주차_수정보고서_1팀_Eneti_Inc.pdf
f676409a881dd9d4,2023-06-09,롯데웰푸드,280360,KRX,280360.KQ,"Equity Research, 롯데웰푸드",,220500.0,110500.0,110500.0,1.0,False,,,114000.0,2026-04-15,0.03,0.75,-0.16,-0.48,,http://snusmic.com/wp-content/uploads/2023/06/23_1_4주차_수정보고서_5팀_롯데웰푸드.pdf
5d9c4bc6c432e222,2023-06-09,현대그린푸드,453340,KRX,453340.KQ,"Equity Research, 현대그린푸드",,21600.0,12650.0,12650.0,0.71,False,,,16000.0,2026-04-15,0.26,0.45,-0.15,-0.26,,http://snusmic.com/wp-content/uploads/2023/06/23_1_4주차_수정보고서_4팀_현대그린푸드.pdf
07c7395490c32f67,2023-06-09,DI동일,001530,KRX,001530.KS,"Equity Research, DI동일",,30700.0,18848.515625,18848.52,0.63,True,2024-09-20,469.0,22650.0,2026-04-15,0.2,1.54,-0.2,-0.26,,http://snusmic.com/wp-content/uploads/2023/06/23_1_4주차_수정보고서_3팀_DI동일.pdf
9dd7015afab39338,2023-06-09,메쎄이상,408920,KRX,408920.KQ,"Equity Research, 메쎄이상",,4620.0,2835.0,2835.0,0.63,False,,,3470.0,2026-04-15,0.22,0.33,-0.3,-0.25,,http://snusmic.com/wp-content/uploads/2023/06/23_1_4주차_수정보고서_2팀_메쎄이상.pdf
b9143e5e11be8dd3,2023-06-09,제이시스메디칼,287410,KRX,287410.KQ,"Equity Research, 제이시스메디칼",,15420.0,9590.0,,,False,,,,,,,,,missing_price_history,http://snusmic.com/wp-content/uploads/2023/06/23_1_4주차_수정보고서_1팀_제이시스메디칼.pdf
0448a5a1bc4adf29,2023-10-19,SK하이닉스,000660,KRX,000660.KS,"Equity Research, SK하이닉스",,164600.0,125700.0,125700.0,0.31,True,2024-03-04,137.0,1136000.0,2026-04-15,8.04,8.04,-0.07,5.9,,http://snusmic.com/wp-content/uploads/2023/10/23_2_1주차_수정보고서_5팀_SK하이닉스.pdf
6d9d512e26b0f33c,2023-10-19,에이디테크놀로지,200710,KRX,200710.KQ,"Equity Research, 에이디테크놀로지",,75100.0,21550.0,21550.0,2.48,False,,,54500.0,2026-04-15,1.53,1.73,-0.44,-0.27,,http://snusmic.com/wp-content/uploads/2023/10/23_2_1주차_수정보고서_4팀_에이디테크놀로지.pdf
a5904b4b761c1514,2023-10-19,코세스,089890,KRX,089890.KQ,"Equity Research, 코세스",,18600.0,9.6,9210.0,1.02,True,2024-01-25,98.0,27750.0,2026-04-15,2.01,2.44,-0.37,0.49,,http://snusmic.com/wp-content/uploads/2023/10/23_2_1주차_수정보고서_3팀_코세스.pdf
98f5913a5681e6f8,2023-10-19,HD현대일렉트릭,267260,KRX,267260.KS,"Equity Research, HD현대일렉트릭",,140100.0,71000.0,71000.0,0.97,True,2024-03-13,146.0,1050000.0,2026-04-15,13.79,14.65,-0.04,6.49,,http://snusmic.com/wp-content/uploads/2023/10/23_2_1주차_수정보고서_2팀_HD현대일렉트릭.pdf
43cf21f96cadad79,2023-10-19,하이브,352820,KRX,352820.KS,"Equity Research, 하이브",,334500.0,227500.0,227500.0,0.47,True,2025-10-31,743.0,255500.0,2026-04-15,0.12,0.78,-0.31,-0.24,,http://snusmic.com/wp-content/uploads/2023/10/23_2-1주차-수정보고서_1팀-하이브.pdf
f02894f6b517e70d,2023-11-12,파두,440110,KRX,440110.KQ,"Equity Research, 파두",,34600.0,19040.0,19040.0,0.82,True,2026-02-04,815.0,60900.0,2026-04-15,2.2,2.73,-0.54,0.76,extraction_review:non_buy_rating:Hold,http://snusmic.com/wp-content/uploads/2023/11/23_2_2주차_수정보고서_5팀_파두.pdf
365952811d249b70,2023-11-12,LX인터내셔널,001120,KRX,001120.KS,"Equity Research, LX인터내셔널",,26300.0,29350.0,29350.0,-0.1,True,2023-11-13,1.0,49200.0,2026-04-15,0.68,0.82,-0.19,0.87,extraction_review:note_case_target_ambiguous,http://snusmic.com/wp-content/uploads/2023/11/23_2_2주차_수정보고서_4팀_lx인터내셔널.pdf
89d8aced121019d6,2023-11-12,DL이앤씨,375500,KRX,375500.KS,"Equity Research, DL이앤씨",,82600.0,36900.0,36900.0,1.24,True,2026-04-08,878.0,102500.0,2026-04-15,1.78,1.78,-0.21,0.24,,http://snusmic.com/wp-content/uploads/2023/11/23_2_2주차_수정보고서_3팀_DL이앤씨.pdf
252af1ebaf6e7424,2023-11-12,효성티앤씨,298020,KRX,298020.KQ,"Equity Research, 효성티앤씨",,514000.0,370000.0,370000.0,0.39,False,,,500000.0,2026-04-15,0.35,0.36,-0.49,-0.03,,http://snusmic.com/wp-content/uploads/2023/11/23_2_2주차_수정보고서_2팀_효성티앤씨.pdf
6288504ba75cd344,2023-11-12,두산테스나,131970,KRX,131970.KQ,"Equity Research, 두산테스나",,66500.0,53900.0,53900.0,0.23,True,2026-01-28,808.0,97000.0,2026-04-15,0.8,1.01,-0.59,0.46,,http://snusmic.com/wp-content/uploads/2023/11/23_2_2주차_수정보고서_1팀_두산테스나.pdf
f6ba22fa65ef060a,2023-11-22,BYD,1211,HKG,1211.HK,"Equity Research, BYD",,55109.51847076416,13291.412353515623,13291.41,3.15,False,,,20126.49,2026-04-15,0.51,1.06,-0.26,-0.63,,http://snusmic.com/wp-content/uploads/2023/11/23_2_3주차_수정보고서_5팀_BYD.pdf
2706f0a40fb7c071,2023-11-22,Eli Lilly & Co.,LLY,NYSE,LLY,"Equity Research, Eli Lilly & Co.",,965175.5443359376,770754.6170143783,770754.62,0.25,True,2024-02-08,78.0,1329869.27,2026-04-15,0.73,1.12,-0.04,0.38,extraction_review:missing_rating,http://snusmic.com/wp-content/uploads/2023/11/23_2_3주차_수정보고서_4팀_Eli_Lilly__Co.pdf
616b5a7fe9444744,2023-11-22,Vertiv Holdings Co.,VRT,NYSE,VRT,"Equity Research, Vertiv Holdings Co.",,80262.92066894531,56366.6668428909,56366.67,0.42,True,2024-02-02,72.0,442530.55,2026-04-15,6.85,7.14,-0.03,4.51,,http://snusmic.com/wp-content/uploads/2023/11/23_2_3주차_수정보고서_3팀_Vertiv_Holdings_Co.pdf
2123a3988d72c5e2,2023-11-22,Lonza Group AG,LONN,SIX,LONN.SW,"Equity Research, Lonza Group AG",,602781.3987304687,516433.7326453626,516433.73,0.17,True,2024-01-26,65.0,1004419.61,2026-04-15,0.94,1.05,-0.06,0.67,,http://snusmic.com/wp-content/uploads/2023/11/23_2_3주차_수정보고서_2팀_Lonza_Group_AG.pdf
17625b05df5d5a99,2023-11-22,BE Semiconductor Industries N.V.,BESI,AMS,BESI.AS,"Equity Research, BE Semiconductor Industries N.V.",,215908.16323242185,168689.67119073495,168689.67,0.28,True,2024-02-08,78.0,377085.59,2026-04-15,1.24,1.24,-0.23,0.75,,http://snusmic.com/wp-content/uploads/2023/11/23-2-3주차-수정보고서_1팀-BE-Semiconductor-Industries-N.V.pdf
8756207870a55bd2,2023-12-06,코스맥스,192820,KRX,192820.KS,"Equity Research, 코스맥스",,142000.0,121000.0,121000.0,0.17,True,2024-05-09,155.0,198000.0,2026-04-15,0.64,1.33,-0.17,0.39,,http://snusmic.com/wp-content/uploads/2023/12/23-2-4주차-수정보고서_5팀-코스맥스.pdf
87b49960c560227a,2023-12-06,화승인더,006060,KRX,006060.KS,"Equity Research, 화승인더",,6700.0,3465.0,3465.0,0.93,False,,,3420.0,2026-04-15,-0.01,0.52,-0.1,-0.49,,http://snusmic.com/wp-content/uploads/2023/12/23-2-4주차-수정보고서_4팀_화승인더.pdf
15968b8b703279d7,2023-12-06,아난티,025980,KRX,025980.KS,"Equity Research, 아난티",,12700.0,6600.0,6600.0,0.92,False,,,7440.0,2026-04-15,0.13,0.72,-0.31,-0.41,,http://snusmic.com/wp-content/uploads/2023/12/23_2_4주차-수정보고서_3팀-아난티.pdf
125064b6b657b898,2023-12-06,동진쎄미켐,005290,KRX,005290.KS,"Equity Research, 동진쎄미켐",,62950.0,38850.0,38850.0,0.62,False,,,56500.0,2026-04-15,0.45,0.45,-0.47,-0.1,,http://snusmic.com/wp-content/uploads/2023/12/23-2-4주차-수정보고서_2팀-동진쎄미켐.pdf
6615fd1894ed9c54,2023-12-06,비에이치,090460,KRX,090460.KS,"Equity Research, 비에이치",,31000.0,21800.0,21800.0,0.42,False,,,23950.0,2026-04-15,0.1,0.25,-0.49,-0.23,,http://snusmic.com/wp-content/uploads/2023/12/23-2-4주차-수정보고서_1팀-비에이치.pdf
f4b4743cad6757a2,2024-04-17,현대차,005380,KRX,005380.KS,"Equity Research, 현대차",,314900.0,233500.0,233500.0,0.35,True,2025-12-05,597.0,508000.0,2026-04-15,1.18,1.89,-0.24,0.61,,http://snusmic.com/wp-content/uploads/2024/04/24-1-1주차-수정보고서_5팀-현대차.pdf
2ad3482d1c1cdd6b,2024-04-17,에스티팜,237690,KRX,237690.KQ,"Equity Research, 에스티팜",,114301.0,80900.0,80900.0,0.41,True,2024-08-26,131.0,147500.0,2026-04-15,0.82,1.0,-0.17,0.29,,http://snusmic.com/wp-content/uploads/2024/04/24_1_1주차_수정보고서_4팀_에스티팜.pdf
d49f749544244267,2024-04-17,한전기술,052690,KRX,052690.KS,"Equity Research, 한전기술",,95000.0,54400.0,54400.0,0.75,True,2025-06-13,422.0,178500.0,2026-04-15,2.28,2.28,-0.08,0.88,,http://snusmic.com/wp-content/uploads/2024/04/24_1_1주차_수정보고서_3팀_한전기술.pdf
b0158f20a113fb69,2024-04-17,한화오션,042660,KRX,042660.KS,"Equity Research, 한화오션",,50100.0,29000.0,29000.0,0.73,True,2025-01-15,273.0,125800.0,2026-04-15,3.34,4.17,-0.08,1.51,,http://snusmic.com/wp-content/uploads/2024/04/24_1_1주차_수정보고서_2팀_한화오션.pdf
254371e2fffbde07,2024-04-17,한양디지텍,078350,KRX,078350.KS,"Equity Research, 한양디지텍",,47800.0,22500.0,22500.0,1.12,False,,,29100.0,2026-04-15,0.29,0.55,-0.67,-0.39,,http://snusmic.com/wp-content/uploads/2024/04/24_1_1주차_수정보고서_1팀_한양디지텍.pdf
900365bad5804ccf,2024-05-09,롯데관광개발,032350,KRX,032350.KS,"Equity Research, 롯데관광개발",,19220.0,9830.0,9830.0,0.96,True,2025-09-22,501.0,18500.0,2026-04-15,0.88,1.7,-0.23,-0.04,,http://snusmic.com/wp-content/uploads/2024/05/24_1_2주차_수정보고서_5팀_롯데관광개발.pdf
da8ce74880802085,2024-05-09,율촌화학,008730,KRX,008730.KS,"Equity Research, 율촌화학",,69000.0,32750.0,32750.0,1.11,False,,,26400.0,2026-04-15,-0.19,0.24,-0.4,-0.62,,http://snusmic.com/wp-content/uploads/2024/05/24_1_2주차_수정보고서_4팀_율촌화학.pdf
7eaa6f87b4ef8f44,2024-05-09,알테오젠,196170,KRX,196170.KQ,"Equity Research, 알테오젠",,242200.0,169900.0,169900.0,0.43,True,2024-06-07,29.0,373000.0,2026-04-15,1.2,2.29,-0.03,0.54,,http://snusmic.com/wp-content/uploads/2024/05/24_1_2주차_수정보고서_3팀_알테오젠.pdf
5acb22971c94d24f,2024-05-09,데브시스터즈,194480,KRX,194480.KQ,"Equity Research, 데브시스터즈",,87700.0,50800.0,50800.0,0.73,False,,,22800.0,2026-04-15,-0.55,0.49,-0.56,-0.74,,http://snusmic.com/wp-content/uploads/2024/05/24_1_2주차_수정보고서_2팀_데브시스터즈.pdf
d2fe718659694902,2024-05-09,에이피알,278470,KRX,278470.KS,"Equity Research, 에이피알",,414000.0,297000.0,64000.0,5.47,False,,,413000.0,2026-04-15,5.45,5.45,-0.36,-0.0,,http://snusmic.com/wp-content/uploads/2024/05/24_1_2주차_수정보고서_1팀_에이피알.pdf
edabc743b3fa8967,2024-05-24,Intuitive Surgical,ISRG,NASDAQ,ISRG,"Equity Research, Intuitive Surgical",,716359.3534423828,553680.9633704834,553680.96,0.29,True,2024-11-07,167.0,688217.55,2026-04-15,0.24,0.58,-0.02,-0.04,,http://snusmic.com/wp-content/uploads/2024/05/24_1_3주차_수정보고서_5팀_Intuitive_Surgical.pdf
bafddc2de3fbd482,2024-05-24,"OSAKA Titanium Technologies Co.,Ltd.",5726,TYO,5726.T,"Equity Research, OSAKA Titanium Technologies Co.,Ltd.",,37464.265060424805,20169.714794158936,20169.71,0.86,False,,,25501.7,2026-04-15,0.26,0.54,-0.35,-0.32,,http://snusmic.com/wp-content/uploads/2024/05/24-1-3주차-수정보고서_4팀-OSAKA-Titanium-Technologies-Co.Ltd_..pdf
6c514ea82bbdec4a,2024-05-24,Palantir Technologies Inc.,PLTR,NASDAQ,PLTR,"Equity Research, Palantir Technologies Inc.",,55921.981600341795,28733.696410435485,28733.7,0.95,True,2024-10-09,138.0,208878.05,2026-04-15,6.27,9.29,-0.01,2.74,,http://snusmic.com/wp-content/uploads/2024/05/24_1_3주차_수정보고서_3팀_Palantir_Technologies_Inc..pdf
1986a142e4bb3a97,2024-05-24,Fluence Energy Inc.,FLNC,NASDAQ,FLNC,"Equity Research, Fluence Energy Inc.",,44981.021639404295,31797.16488647461,31797.16,0.41,True,2026-01-29,615.0,22349.88,2026-04-15,-0.3,0.47,-0.84,-0.5,,http://snusmic.com/wp-content/uploads/2024/05/24_1_3주차_수정보고서_2팀_Fluence_Energy_Inc.pdf
978bb1d9f47f5b6d,2024-05-24,Centrus Energy Corp,LEU,NYSE,LEU,"Equity Research, Centrus Energy Corp",,41028.599853515625,65604.73283522949,65604.73,-0.37,True,2024-05-24,0.0,290636.58,2026-04-15,3.43,8.5,-0.28,6.08,,http://snusmic.com/wp-content/uploads/2024/05/24_1_3주차_수정보고서_1팀_Centrus_Energy_Corp.pdf
807e330510c4104c,2024-06-07,쿠쿠홀딩스,192400,KRX,192400.KQ,"Equity Research, 쿠쿠홀딩스",,28900.0,21900.0,21900.0,0.32,True,2025-05-20,347.0,28500.0,2026-04-15,0.3,0.59,-0.08,-0.01,,http://snusmic.com/wp-content/uploads/2024/06/24_1_4주차_수정보고서_5팀_쿠쿠홀딩스.pdf
76e64766d8e46565,2024-06-07,케이씨,029460,KRX,029460.KS,"Equity Research, 케이씨",,28100.0,21300.0,21300.0,0.32,True,2025-10-02,482.0,35650.0,2026-04-15,0.67,0.68,-0.27,0.27,,http://snusmic.com/wp-content/uploads/2024/06/24_1_4주차_수정보고서_4팀_케이씨.pdf
6b2cc6f2924c7060,2024-06-07,넥센,005720,KRX,005720.KS,"Equity Research, 넥센",,6080.0,4595.0,4595.0,0.32,True,2025-06-09,367.0,6770.0,2026-04-15,0.47,0.75,-0.08,0.11,,http://snusmic.com/wp-content/uploads/2024/06/24_1_4주차_수정보고서_3팀_넥센.pdf
44609d0e5c225983,2024-06-07,KG스틸,016380,KRX,016380.KS,"Equity Research, KG스틸",,9600.0,6790.0,6790.0,0.41,False,,,5690.0,2026-04-15,-0.16,0.03,-0.26,-0.41,,http://snusmic.com/wp-content/uploads/2024/06/24_1_4주차_수정보고서_2팀_KG스틸.pdf
ff506c1298a97f9a,2024-06-07,오리온,271560,KRX,271560.KS,"Equity Research, 오리온",,116200.0,92400.0,92400.0,0.26,True,2025-03-19,285.0,138000.0,2026-04-15,0.49,0.53,-0.09,0.19,,http://snusmic.com/wp-content/uploads/2024/06/24_1_4주차_수정보고서_1팀_오리온.pdf
4cf882eed5b38e99,2024-10-17,HDC현대산업개발,294870,KRX,294870.KS,"Equity Research, HDC현대산업개발",,35600.0,22400.0,22400.0,0.59,False,,,23500.0,2026-04-15,0.05,0.21,-0.28,-0.34,,http://snusmic.com/wp-content/uploads/2024/10/24-2-1주차-수정보고서_5팀-HDC현대산업개발.pdf
4c2dc334664b299b,2024-10-17,SOOP,067160,KRX,067160.KQ,"Equity Research, SOOP",,182500.0,93700.0,93700.0,0.95,False,,,60100.0,2026-04-15,-0.36,0.36,-0.39,-0.67,,http://snusmic.com/wp-content/uploads/2024/10/24-2-1주차-수정보고서_4팀-SOOP.pdf
a5af3dc5e4745791,2024-10-17,크래프톤,259960,KRX,259960.KQ,"Equity Research, 크래프톤",,600500.0,334500.0,334500.0,0.8,False,,,244000.0,2026-04-15,-0.27,0.15,-0.37,-0.59,extraction_review:missing_rating,http://snusmic.com/wp-content/uploads/2024/10/24-2-1주차-수정보고서_3팀-크래프톤.pdf
19571cb8a9cccd3f,2024-10-17,인카금융서비스,211050,KRX,211050.KQ,"Equity Research, 인카금융서비스",,8100.0,5210.0,5210.0,0.55,True,2025-04-29,194.0,11730.0,2026-04-15,1.25,2.26,-0.03,0.45,,http://snusmic.com/wp-content/uploads/2024/10/24-2-1주차-수정보고서_2팀-인카금융서비스.pdf
f40ba70b1416ef74,2024-10-17,씨에스윈드,112610,KRX,112610.KS,"Equity Research, 씨에스윈드",,134400.0,61600.0,61600.0,1.18,False,,,64000.0,2026-04-15,0.04,0.25,-0.51,-0.52,,http://snusmic.com/wp-content/uploads/2024/10/24-2-1주차-수정보고서_1팀-씨에스윈드.pdf
bfea9c6b92abf111,2024-11-07,에스트래픽,234300,KRX,234300.KQ,"Equity Research, 에스트래픽",,6900.0,4195.0,4195.0,0.64,False,,,3590.0,2026-04-15,-0.14,0.02,-0.23,-0.48,,http://snusmic.com/wp-content/uploads/2024/11/24-2-2주차-수정보고서_5팀-에스트래픽.pdf
e4e7907cde7ff1a7,2024-11-07,티엘비,356860,KRX,356860.KQ,"Equity Research, 티엘비",,26000.0,13850.0,13850.0,0.88,True,2025-07-23,258.0,81400.0,2026-04-15,4.88,4.88,-0.23,2.13,,http://snusmic.com/wp-content/uploads/2024/11/24-2-2주차-수정보고서_4팀-티엘비.pdf
b76ee313aed5d2f4,2024-11-07,현대모비스,012330,KRX,012330.KS,"Equity Research, 현대모비스",,386100.0,242500.0,242500.0,0.59,True,2026-01-07,426.0,415500.0,2026-04-15,0.71,1.18,-0.03,0.08,,http://snusmic.com/wp-content/uploads/2024/11/24-2-2주차-수정보고서_3팀-현대모비스.pdf
98b34d5d521966a4,2024-11-07,브이티,018290,KRX,018290.KS,"Equity Research, 브이티",,55700.0,33000.0,33000.0,0.69,False,,,15990.0,2026-04-15,-0.52,0.35,-0.57,-0.71,,http://snusmic.com/wp-content/uploads/2024/11/24-2-2주차-수정보고서_2팀-브이티.pdf
23d9adf40ef1d062,2024-11-07,한국전력,015760,KRX,015760.KS,"Equity Research, 한국전력",,37630.0,22800.0,22800.0,0.65,True,2025-06-25,230.0,44350.0,2026-04-15,0.95,1.98,-0.14,0.18,,http://snusmic.com/wp-content/uploads/2024/11/24-2-2주차-수정보고서_1팀-한국전력.pdf
b3f38ee317977754,2024-11-21,Round One Corp,4680,TYO,4680.T,"Equity Research, Round One Corp",,12599.76634979248,9062.831938743591,9062.83,0.39,True,2024-12-19,28.0,9155.07,2026-04-15,0.01,0.71,-0.17,-0.27,,http://snusmic.com/wp-content/uploads/2024/11/24-2-3주차-수정보고서_5팀-Round-One-Corp.pdf
3871aacd23309b30,2024-11-21,Cover Corp,5253,TYO,5253.T,"Equity Research, Cover Corp",,61198.86512756348,24344.54855442047,24344.55,1.51,False,,,13602.14,2026-04-15,-0.44,0.32,-0.48,-0.78,,http://snusmic.com/wp-content/uploads/2024/11/24-2-3주차-수정보고서_4팀-Cover-Corp.pdf
42bfead83e507f2d,2024-11-21,Grindr Inc.,GRND,NYSE,GRND,"Equity Research, Grindr Inc.",,34018.07068115234,20866.466953619383,20866.47,0.63,True,2025-05-08,168.0,19014.29,2026-04-15,-0.09,0.64,-0.32,-0.44,extraction_review:missing_rating,http://snusmic.com/wp-content/uploads/2024/11/24-2-3주차-수정보고서_3팀-Grindr-Inc..pdf
3d77b9f898008ae2,2024-11-21,Funko Inc.,FNKO,NASDAQ,FNKO,"Equity Research, Funko Inc.",,22501.68192138672,14437.414442930603,14437.41,0.56,False,,,5833.6,2026-04-15,-0.6,0.46,-0.76,-0.74,,http://snusmic.com/wp-content/uploads/2024/11/24-2-3주차-수정보고서_2팀-Funko-Inc..pdf
d06874cf9f0f98b8,2024-11-21,Levi Strauss & Co,LEVI,NYSE,LEVI,"Equity Research, Levi Strauss & Co",,36799.33447143555,22319.991695226287,22319.99,0.65,False,,,32723.99,2026-04-15,0.47,0.56,-0.18,-0.11,,http://snusmic.com/wp-content/uploads/2024/11/24-2-3주차-수정보고서_1팀-Levi-Strauss-Co..pdf
c6d191d72b2077ce,2024-12-05,JYP Ent.,035900,KRX,035900.KQ,"Equity Research, JYP Ent.",,116604.0,72500.0,72500.0,0.61,False,,,60900.0,2026-04-15,-0.16,0.17,-0.21,-0.48,,http://snusmic.com/wp-content/uploads/2024/12/24-2-4주차-수정보고서_5팀-JYP_Ent..pdf
a7d2436e22605d74,2024-12-05,한화엔진,082740,KRX,082740.KS,"Equity Research, 한화엔진",,24352.0,15140.0,15140.0,0.61,True,2025-01-15,41.0,48300.0,2026-04-15,2.19,2.92,-0.06,0.98,,http://snusmic.com/wp-content/uploads/2024/12/24-2-4주차-수정보고서_4팀-한화엔진.pdf
918efca8ecaf4fcc,2024-12-05,Advantest Corporation,6857,TYO,6857.T,"Equity Research, Advantest Corporation",,135499.53608322144,85358.24332809448,85358.24,0.59,True,2025-09-18,287.0,255248.35,2026-04-15,1.99,2.1,-0.41,0.88,,http://snusmic.com/wp-content/uploads/2024/12/24-2-4주차-수정보고서_3팀-Advantest_Corporation.pdf
d035a6ff1fc0c798,2024-12-05,동성화인텍,033500,KRX,033500.KQ,"Equity Research, 동성화인텍",,20600.0,13900.0,13900.0,0.48,True,2025-01-22,48.0,26450.0,2026-04-15,0.9,1.45,-0.07,0.28,,http://snusmic.com/wp-content/uploads/2024/12/24-2-4주차-수정보고서_2팀-동성화인텍.pdf
151f576bb9361278,2024-12-05,RFHIC,218410,KRX,218410.KQ,"Equity Research, RFHIC",,17650.0,11900.0,11900.0,0.48,True,2025-02-06,63.0,96600.0,2026-04-15,7.12,7.12,-0.11,4.47,,http://snusmic.com/wp-content/uploads/2024/12/24-2-4주차-수정보고서_1팀-RFHIC.pdf
d10fea659a518441,2025-04-19,한화에어로스페이스,012450,KRX,012450.KS,"Equity Research, 한화에어로스페이스",,1205000.0,830000.0,830000.0,0.45,True,2026-01-09,265.0,1509000.0,2026-04-15,0.82,0.85,-0.06,0.25,,http://snusmic.com/wp-content/uploads/2025/04/25_1_1주차_수정보고서_5팀_한화에어로스페이스.pdf
9d989772df4a7b0f,2025-04-19,지엔씨에너지,119850,KRX,119850.KQ,"Equity Research, 지엔씨에너지",,39610.0,19250.0,19250.0,1.06,True,2025-10-15,179.0,33900.0,2026-04-15,0.76,1.28,0.0,-0.14,,http://snusmic.com/wp-content/uploads/2025/04/25_1_1주차_수정보고서_4팀_지엔씨에너지.pdf
dc9c54887b60b8a3,2025-04-19,노머스,473980,KRX,473980.KQ,"Equity Research, 노머스",,37950.0,25400.0,25400.0,0.49,False,,,18710.0,2026-04-15,-0.26,0.44,-0.38,-0.51,,http://snusmic.com/wp-content/uploads/2025/04/25_1_1주차_수정보고서_3팀_노머스.pdf
8b7a226ac2c09a02,2025-04-19,한화비전,489790,KRX,489790.KS,"Equity Research, 한화비전",,111600.0,55900.0,55900.0,1.0,False,,,80400.0,2026-04-15,0.44,0.66,-0.36,-0.28,,http://snusmic.com/wp-content/uploads/2025/04/25_1_1주차_수정보고서_2팀_한화비전.pdf
24474fb2032a5660,2025-04-19,CJ,001040,KRX,001040.KS,"Equity Research, CJ",,143696.0,114100.0,114100.0,0.26,True,2025-06-04,46.0,205000.0,2026-04-15,0.8,1.03,-0.01,0.43,,http://snusmic.com/wp-content/uploads/2025/04/25_1_1주차_수정보고서_1팀_CJ.pdf
93ea8d6194cfd690,2025-05-11,한화솔루션,009830,KRX,009830.KS,"Equity Research, 한화솔루션",,53000.0,32800.0,32800.0,0.62,True,2026-02-19,284.0,42400.0,2026-04-15,0.29,0.78,-0.2,-0.2,,http://snusmic.com/wp-content/uploads/2025/05/25_1_2주차_수정보고서_5팀_한화솔루션.pdf
074acdbfeb5be678,2025-05-11,토모큐브,475960,KRX,475960.KQ,"Equity Research, 토모큐브",,64550.0,21000.0,21000.0,2.07,True,2026-02-23,288.0,58100.0,2026-04-15,1.77,2.16,0.0,-0.1,,http://snusmic.com/wp-content/uploads/2025/05/25_1_2주차_수정보고서_4팀_토모큐브.pdf
1f8d82763b000479,2025-05-11,HD현대미포,010620,KRX,010620.KS,"Equity Research, HD현대미포",,250000.0,171700.0,,,False,,,,,,,,,missing_price_history,http://snusmic.com/wp-content/uploads/2025/05/25_1_2주차_수정보고서_3팀_HD현대미포.pdf
59236fd46aa3c8bd,2025-05-11,펄어비스,263750,KRX,263750.KQ,"Equity Research, 펄어비스",,12300.0,35150.0,35150.0,-0.65,True,2025-05-12,1.0,56000.0,2026-04-15,0.59,1.05,-0.16,3.55,extraction_review:non_buy_rating:Sell,http://snusmic.com/wp-content/uploads/2025/05/25_1_2주차_수정보고서_2팀_펄어비스.pdf
d8688cca92a9f924,2025-05-11,에스앤에스텍,101490,KRX,101490.KQ,"Equity Research, 에스앤에스텍",,54700.0,36100.0,36100.0,0.52,True,2025-08-26,107.0,102100.0,2026-04-15,1.83,1.86,-0.11,0.87,,http://snusmic.com/wp-content/uploads/2025/05/25_1_2주차_수정보고서_1팀-에스앤에스텍.pdf
b28f6fdfc2ee056e,2025-05-25,Life360 Inc,LIF,NASDAQ,LIF,"Equity Research, Life360 Inc",,142830.5524658203,85711.46555801388,85711.47,0.67,True,2025-09-08,106.0,62582.6,2026-04-15,-0.27,0.82,-0.35,-0.56,,http://snusmic.com/wp-content/uploads/2025/05/25-1_3주차-수정보고서_5팀-life360-Inc.pdf
afafe74c5dc92db9,2025-05-25,Doximity,DOCS,NYSE,DOCS,"Equity Research, Doximity",,142664.79166992186,71278.00664047245,71278.01,1.0,False,,,35119.14,2026-04-15,-0.51,0.48,-0.56,-0.75,extraction_review:note_case_target_ambiguous,http://snusmic.com/wp-content/uploads/2025/05/25-1_3주차-수정보고서_4팀_Doximity.pdf
bb8b54c6c0db0df2,2025-05-25,Sportradar,SRAD,NASDAQ,SRAD,"Equity Research, Sportradar",,52380.41150390625,32601.822313835142,32601.82,0.61,False,,,25332.8,2026-04-15,-0.22,0.36,-0.31,-0.52,extraction_review:missing_rating,http://snusmic.com/wp-content/uploads/2025/05/25-1_3주차-수정보고서_3팀-Sportradar.pdf
91d1a46a03353151,2025-05-25,Tempus AI Inc,TEM,NASDAQ,TEM,"Equity Research, Tempus AI Inc",,315636.1821899414,90116.74914944451,90116.75,2.5,False,,,82889.98,2026-04-15,-0.08,0.62,-0.3,-0.74,,http://snusmic.com/wp-content/uploads/2025/05/25-1_3주차-수정보고서_2팀_Tempus-AI.pdf
a3c8fafb9892885e,2025-05-25,Cellebrite DI,CLBT,NASDAQ,CLBT,"Equity Research, Cellebrite DI",,41025.79698486328,23476.5953722992,23476.6,0.75,False,,,18382.45,2026-04-15,-0.22,0.21,-0.31,-0.55,,http://snusmic.com/wp-content/uploads/2025/05/25-1_3주차-수정보고서_1팀-Cellebrite-DI.pdf
6045b80eb31dfc42,2025-06-10,애니플러스,310200,KRX,310200.KQ,"Equity Research, 애니플러스",,7680.0,3995.0,3995.0,0.92,False,,,2760.0,2026-04-15,-0.31,0.48,-0.35,-0.64,,http://snusmic.com/wp-content/uploads/2025/06/25_1_4주차_수정보고서_5팀_애니플러스.pdf
3dd9258766a7bcef,2025-06-10,월덱스,101160,KRX,101160.KQ,"Equity Research, 월덱스",,26250.0,19490.0,19490.0,0.35,True,2025-10-27,139.0,31750.0,2026-04-15,0.63,0.67,0.0,0.21,,http://snusmic.com/wp-content/uploads/2025/06/25_1_4주차_수정보고서_4팀_월덱스.pdf
891215e30e9ee8b4,2025-06-10,폰드그룹,472850,KRX,472850.KQ,"Equity Research, 폰드그룹",,16057.0,4600.67138671875,4600.67,2.49,False,,,5520.0,2026-04-15,0.2,0.56,-0.06,-0.66,,http://snusmic.com/wp-content/uploads/2025/06/25_1_4주차_수정보고서_3팀_폰드그룹.pdf
abbac514215ca627,2025-06-10,고려신용정보,049720,KRX,049720.KQ,"Equity Research, 고려신용정보",,18600.0,9990.0,9990.0,0.86,False,,,10250.0,2026-04-15,0.03,0.12,-0.01,-0.45,,http://snusmic.com/wp-content/uploads/2025/06/25-1_4주차_수정보고서_2팀_고려신용정보.pdf
444fe65d5237a1d8,2025-06-10,아이스크림미디어,461300,KRX,461300.KQ,"Equity Research, 아이스크림미디어",,25700.0,18650.0,18650.0,0.38,True,2025-09-22,104.0,15760.0,2026-04-15,-0.15,0.41,-0.23,-0.39,,http://snusmic.com/wp-content/uploads/2025/06/25_1_4주차_수정보고서_1팀_아이스크림미디어.pdf
9ea31c54d63ef212,2025-10-23,로보티즈,108490,KRX,108490.KQ,"Equity Research, 로보티즈",,355800.0,187000.0,187000.0,0.9,False,,,262500.0,2026-04-15,0.4,0.81,0.0,-0.26,,http://snusmic.com/wp-content/uploads/2025/10/25-2_1주차_수정보고서_5팀_로보티즈.pdf
2427c05877a23528,2025-10-23,마이크로컨텍솔,098120,KRX,098120.KQ,"Equity Research, 마이크로컨텍솔",,58200.0,27100.0,27100.0,1.15,False,,,34600.0,2026-04-15,0.28,0.28,-0.41,-0.41,,http://snusmic.com/wp-content/uploads/2025/10/25-2_1주차-수정보고서_4팀_마이크로컨텍솔.pdf
b8e4eb25010494a7,2025-10-23,Coreweave,CRWV,NASDAQ,CRWV,"Equity Research, Coreweave",,344726.40588378906,176425.53377294913,176425.53,0.95,False,,,174405.47,2026-04-15,-0.01,0.13,-0.46,-0.49,,http://snusmic.com/wp-content/uploads/2025/10/25-2_1주차_수정보고서_3팀_CoreWeave_Inc.pdf
a45f9d90222e517c,2025-10-23,Corning,GLW,NYSE,GLW,"Equity Research, Corning",,205977.603515625,122785.5328574218,122785.53,0.68,True,2026-02-23,123.0,247259.32,2026-04-15,1.01,1.11,-0.07,0.2,,http://snusmic.com/wp-content/uploads/2025/10/25-2_1주차-수정보고서_2팀_Corning.pdf
590bbdbb186eccf6,2025-10-23,하이브,352820,KRX,352820.KS,"Equity Research, 하이브",,393000.0,288500.0,288500.0,0.36,True,2026-02-19,119.0,255500.0,2026-04-15,-0.11,0.4,-0.15,-0.35,,http://snusmic.com/wp-content/uploads/2025/10/25-2_1주차-수정보고서_1팀_하이브.pdf
370191c7afc9d3fc,2025-11-11,두산,000150,KRX,000150.KS,"Equity Research, 두산",,1874000.0,1014000.0,1014000.0,0.85,False,,,1358000.0,2026-04-15,0.34,0.35,-0.26,-0.28,,http://snusmic.com/wp-content/uploads/2025/11/25_2_2주차_수정보고서_5팀_두산.pdf
f0cba38be64424ad,2025-11-11,한국카본,017960,KRX,017960.KS,"Equity Research, 한국카본",,64000.0,32000.0,32000.0,1.0,False,,,51100.0,2026-04-15,0.6,0.6,-0.17,-0.2,,http://snusmic.com/wp-content/uploads/2025/11/25_2_2주차_수정보고서_4팀_한국카본.pdf
9783da1e007737e2,2025-11-11,코오롱티슈진,950160,KRX,950160.KQ,"Equity Research, 코오롱티슈진",,121000.0,47600.0,47600.0,1.54,True,2026-03-27,136.0,104800.0,2026-04-15,1.2,1.67,0.0,-0.13,,http://snusmic.com/wp-content/uploads/2025/11/25_2_2주차_수정보고서_3팀_코오롱티슈진.pdf
26a1eefc429193c6,2025-11-11,지투지바이오,456160,KRX,456160.KQ,"Equity Research, 지투지바이오",,319800.0,89600.0,89600.0,2.57,False,,,71800.0,2026-04-15,-0.2,0.33,-0.29,-0.78,,http://snusmic.com/wp-content/uploads/2025/11/25_2_2주차_수정보고서_2팀_지투지바이오.pdf
98a3453a7f6ebe08,2025-11-11,풍산,103140,KRX,103140.KS,"Equity Research, 풍산",,120700.0,102200.0,102200.0,0.18,True,2026-01-09,59.0,100600.0,2026-04-15,-0.02,0.28,-0.15,-0.17,extraction_review:non_buy_rating:Hold,http://snusmic.com/wp-content/uploads/2025/11/25-2_2주차-수정보고서_1팀-풍산.pdf
cfa62286ec8e7734,2025-12-01,Iradimed Corporation,IRMD,NASDAQ,IRMD,"Equity Research, Iradimed Corporation",,213980.51928710935,135291.37817109376,135291.38,0.58,False,,,136729.54,2026-04-15,0.01,0.15,0.0,-0.36,,http://snusmic.com/wp-content/uploads/2025/12/25_2_3주차_수정보고서_5팀_Iradimed_Corporation.pdf
3b0f47d453265251,2025-12-01,Sensient Technologies Corp,SXT,NYSE,SXT,"Equity Research, Sensient Technologies Corp",,348817.5588378906,140186.55476931762,140186.55,1.49,False,,,135201.34,2026-04-15,-0.04,0.06,-0.12,-0.61,extraction_review:missing_rating,http://snusmic.com/wp-content/uploads/2025/12/25_2_3주차_수정보고서_4팀_Sensient_Technologies_Corp.pdf
554d2e862320e96a,2025-12-01,IMAX Corp,IMAX,NYSE,IMAX,"Equity Research, IMAX Corp",,80022.85173339843,53993.44084375305,53993.44,0.48,False,,,54456.71,2026-04-15,0.01,0.14,-0.09,-0.32,extraction_review:missing_rating,http://snusmic.com/wp-content/uploads/2025/12/25_2_3주차_수정보고서_3팀_IMAX_Corp.pdf
25e4f4697656dffa,2025-12-01,JAC recruitment Co. Ltd,2124,TYO,2124.T,"Equity Research, JAC recruitment Co. Ltd",,15847.84302520752,10198.641567230225,10198.64,0.55,False,,,8022.49,2026-04-15,-0.21,0.03,-0.23,-0.49,,http://snusmic.com/wp-content/uploads/2025/12/25_2_3주차_수정보고서_2팀_JAC_recruitment_Co._Ltd..pdf
69575019ea6dce78,2025-12-01,Establishment Labs Holdings,ESTA,NASDAQ,ESTA,"Equity Research, Establishment Labs Holdings",,174057.0306201172,99354.38081080932,99354.38,0.75,False,,,97878.07,2026-04-15,-0.01,0.16,-0.17,-0.44,,http://snusmic.com/wp-content/uploads/2025/12/25_2_3주차_수정보고서_1팀_Establishment_Labs_Holdings.pdf
afb1d9eef8e32a49,2025-12-15,S-oil,010950,KRX,010950.KS,"Equity Research, S-oil",,128400.0,86400.0,86400.0,0.49,True,2026-03-03,78.0,117500.0,2026-04-15,0.36,0.64,-0.07,-0.08,,http://snusmic.com/wp-content/uploads/2025/12/25_2_4주차_수정보고서_5팀_S_Oil.pdf
89bb20c313cdab2e,2025-12-15,알지노믹스,476830,KRX,476830.KQ,"Equity Research, 알지노믹스",,105000.0,117000.0,117000.0,-0.1,True,2025-12-19,4.0,205000.0,2026-04-15,0.75,1.02,-0.01,0.95,,http://snusmic.com/wp-content/uploads/2025/12/25_2_4주차_수정보고서_4팀_알지노믹스.pdf
33e51b94729d7750,2025-12-15,예스티,122640,KRX,122640.KQ,"Equity Research, 예스티",,40500.0,17970.0,17970.0,1.25,False,,,29200.0,2026-04-15,0.62,0.62,-0.07,-0.28,,http://snusmic.com/wp-content/uploads/2025/12/25_2_4주차_수정보고서_3팀_예스티.pdf
81b5548d4613ed52,2025-12-15,파마리서치,214450,KRX,214450.KQ,"Equity Research, 파마리서치",,805000.0,380500.0,380500.0,1.12,False,,,298500.0,2026-04-15,-0.22,0.4,-0.26,-0.63,,http://snusmic.com/wp-content/uploads/2025/12/25_2_4주차_수정보고서_2팀_파마리서치.pdf
b724efa4bec6fd8e,2025-12-15,Lumentum Holdings Inc,LITE,NASDAQ,LITE,"Equity Research, Lumentum Holdings Inc",,734437.1303430175,492968.2629355714,492968.26,0.49,True,2026-02-05,52.0,1210816.82,2026-04-15,1.46,1.72,-0.06,0.65,,http://snusmic.com/wp-content/uploads/2025/12/25_2_4주차_수정보고서_1팀_Lumentum_Holdings_Inc.pdf
e711a4b15b4d7167,2026-04-16,SK오션플랜트,100090,KRX,100090.KS,"Equity Research, SK오션플랜트",,41600.0,23950.0,,,,,,,,,,,,missing_report_performance,http://snusmic.com/wp-content/uploads/2026/04/26-1_1주차_수정보고서_5팀_SK오션플랜트.pdf
9b1ba6904e3832d1,2026-04-16,세아제강,306200,KRX,306200.KS,"Equity Research, 세아제강",,286700.0,147000.0,,,,,,,,,,,,missing_report_performance,http://snusmic.com/wp-content/uploads/2026/04/26-1_1주차_수정보고서_4팀_세아제강.pdf
cfc5e7b11b6755e1,2026-04-16,Golar LNG,GLNG,NASDAQ,GLNG,"Equity Research, Golar LNG",,144163.07373046875,78552.66187200323,,,,,,,,,,,,missing_report_performance,http://snusmic.com/wp-content/uploads/2026/04/26-1_1주차_수정보고서_3팀_Golar_LNG_Limited.pdf
23d6d08a6edd02cd,2026-04-16,Camtek,CAMT,NASDAQ,CAMT,"Equity Research, Camtek",,351813.9141845703,266259.47558134794,,,,,,,,,,,,missing_report_performance,http://snusmic.com/wp-content/uploads/2026/04/26-1_1주차_수정보고서_2팀_Camtek.pdf
fee8fb34906543bb,2026-04-16,비츠로셀,082920,KRX,082920.KS,"Equity Research, 비츠로셀",,78450.0,56500.0,,,,,,,,,,,,missing_report_performance,http://snusmic.com/wp-content/uploads/2026/04/26-1_1주차_수정보고서_1팀_비츠로셀.pdf
