report_id,date,company,ticker,exchange,symbol,title,rating,target_price_krw,target_price_native,currency,display_currency,target_direction,publication_price_krw,entry_price_krw,entry_price_native,target_upside_at_pub,target_hit,target_hit_date,days_to_target,last_close_krw,last_close_native,last_close_date,current_return,peak_return,trough_return,target_gap_pct,target_remaining_pct,target_progress_pct,caveat_flags,pdf_url
02f44f98e36b5ee9,2020-12-05,Gaztransport&technigaz,GTT,EPA,GTT.PA,"Equity Research, Gaztransport&technigaz",,124901.5679,95.8214,EUR,EUR,upside,105191.1168224793,105191.1168,80.7,0.1874,True,2022-03-07,457.0,347631.1244,197.9,2026-05-29,2.3048,2.4787,-0.1835,1.7832,0.0,1.0,,https://raw.githubusercontent.com/ChoiInYeol/snusmic-portfolio-lab/main/data/pdfs/2020-12-05_equity-research-gaztransporttechnigaz-2.pdf
044fd5b652cd7b71,2020-12-05,Roku,ROKU,NASDAQ,ROKU,"Equity Research, Roku",,357538.2408,327.62,USD,USD,upside,325112.3450952396,325112.3451,230.0,0.0997,True,2020-12-11,6.0,196198.173,130.18,2026-05-29,-0.3965,0.6978,-0.8482,-0.4513,0.0,0.0,,https://raw.githubusercontent.com/ChoiInYeol/snusmic-portfolio-lab/main/data/pdfs/2020-12-05_equity-research-roku.pdf
aca3b0e80e5d334c,2020-12-05,SEA ltd.,SE,NYSE,SE,"Equity Research, SEA ltd.",,317355.8404,290.8,USD,USD,upside,215206.20835532248,215206.2084,183.11,0.4747,True,2021-06-17,194.0,136440.4775,90.53,2026-05-29,-0.366,1.0219,-0.7883,-0.5701,0.0,0.0,,https://raw.githubusercontent.com/ChoiInYeol/snusmic-portfolio-lab/main/data/pdfs/2020-12-05_equity-research-sea-ltd.pdf
5d0752b834ca2cb9,2020-12-05,Bili bili,BILI,NASDAQ,BILI,"Equity Research, Bili bili",,79611.7901,72.95,USD,USD,upside,78628.24443292245,78628.2444,45.9,0.0125,True,2020-12-07,2.0,26103.4912,17.32,2026-05-29,-0.668,1.2075,-0.8489,-0.6721,0.0,0.0,,https://raw.githubusercontent.com/ChoiInYeol/snusmic-portfolio-lab/main/data/pdfs/2020-12-05_equity-research-bili-bili.pdf
fb850fafdb38be16,2021-01-16,하나머티리얼즈,166090,KRX,166090.KQ,"Equity Research, 하나머티리얼즈",,40400.0,40400.0,KRW,KRW,upside,31050.0,31050.0,24900.0,0.3011,True,2021-03-24,67.0,64000.0,64000.0,2026-05-29,1.0612,1.6119,-0.2947,0.5842,0.0,1.0,,https://raw.githubusercontent.com/ChoiInYeol/snusmic-portfolio-lab/main/data/pdfs/2021-01-16_equity-research-%ED%95%98%EB%82%98%EB%A8%B8%ED%8B%B0%EB%A6%AC%EC%96%BC%EC%A6%88.pdf
16ef439296056ba9,2021-01-16,대한유화,006650,KRX,006650.KS,"Equity Research, 대한유화",,394500.0,394500.0,KRW,KRW,upside,272500.0,272500.0,250000.0,0.4477,True,2021-02-16,31.0,128300.0,128300.0,2026-05-29,-0.5292,0.444,-0.7479,-0.6748,0.0,0.0,,https://raw.githubusercontent.com/ChoiInYeol/snusmic-portfolio-lab/main/data/pdfs/2021-01-16_equity-research-%EB%8C%80%ED%95%9C%EC%9C%A0%ED%99%94-3.pdf
61b8145c6d332ac7,2021-01-16,한화솔루션,009830,KRX,009830.KS,"Equity Research, 한화솔루션",,60700.0,60700.0,KRW,KRW,upside,57460.609375,57460.6094,49350.0,0.0564,True,2021-01-19,3.0,41850.0,41850.0,2026-05-29,-0.2717,0.1021,-0.7414,-0.3105,0.0,0.0,,https://raw.githubusercontent.com/ChoiInYeol/snusmic-portfolio-lab/main/data/pdfs/2021-01-16_equity-research-%ED%95%9C%ED%99%94%EC%86%94%EB%A3%A8%EC%85%98.pdf
6078643ec9d84be5,2021-01-16,노바텍,285490,KRX,285490.KQ,"Equity Research, 노바텍",,139200.0,139200.0,KRW,KRW,upside,36809.5234375,36809.5234,60300.0,2.7816,False,,,16440.0,16440.0,2026-05-29,-0.5534,0.3066,-0.7229,-0.8819,7.4672,0.0,,https://raw.githubusercontent.com/ChoiInYeol/snusmic-portfolio-lab/main/data/pdfs/2021-01-16_equity-research-%EB%85%B8%EB%B0%94%ED%85%8D.pdf
74fbe4ce4444129a,2021-01-16,파이오링크,170790,KRX,170790.KQ,"Equity Research, 파이오링크",,20400.0,20400.0,KRW,KRW,upside,12500.0,12500.0,14750.0,0.632,False,,,9130.0,9130.0,2026-05-29,-0.2696,0.504,-0.4848,-0.5525,1.2344,0.0,,https://raw.githubusercontent.com/ChoiInYeol/snusmic-portfolio-lab/main/data/pdfs/2021-01-16_equity-research-gaztransporttechnigaz.pdf
9ef8e475c404c2f2,2021-04-15,인선이엔티,060150,KRX,060150.KQ,"Equity Research, 인선이엔티",,21750.0,21750.0,KRW,KRW,upside,14600.0,14600.0,14500.0,0.4897,False,,,3595.0,3595.0,2026-05-29,-0.7538,0.0,-0.7538,-0.8347,5.0501,0.0,,https://raw.githubusercontent.com/ChoiInYeol/snusmic-portfolio-lab/main/data/pdfs/2021-04-15_equity-research-%EC%9D%B8%EC%84%A0%EC%9D%B4%EC%97%94%ED%8B%B0-2.pdf
82013abc077ec06a,2021-04-15,국도화학,007690,KRX,007690.KS,"Equity Research, 국도화학",,146000.0,146000.0,KRW,KRW,upside,61268.0546875,61268.0547,73100.0,1.383,False,,,33200.0,33200.0,2026-05-29,-0.4581,0.4357,-0.5809,-0.7726,3.3976,0.0,extraction_review:missing_rating,https://raw.githubusercontent.com/ChoiInYeol/snusmic-portfolio-lab/main/data/pdfs/2021-04-15_equity-research-%EA%B5%AD%EB%8F%84%ED%99%94%ED%95%99-2.pdf
b97e4a85c6c1ec4e,2021-04-15,대림제지,017650,KRX,017650.KS,"Equity Research, 대림제지",,21500.0,21500.0,KRW,KRW,upside,15100.0,15100.0,13800.0,0.4238,False,,,9230.0,9230.0,2026-05-29,-0.3887,0.0762,-0.5861,-0.5707,1.3294,0.0,,https://raw.githubusercontent.com/ChoiInYeol/snusmic-portfolio-lab/main/data/pdfs/2021-04-15_equity-research-%EB%8C%80%EB%A6%BC%EC%A0%9C%EC%A7%80-2.pdf
1195e33544158456,2021-04-15,현대제철,004020,KRX,004020.KS,"Equity Research, 현대제철",,93800.0,93800.0,KRW,KRW,upside,49500.0,49500.0,50600.0,0.8949,False,,,40150.0,40150.0,2026-05-29,-0.1889,0.2505,-0.598,-0.572,1.3362,0.0,,https://raw.githubusercontent.com/ChoiInYeol/snusmic-portfolio-lab/main/data/pdfs/2021-04-15_10537-2.pdf
d862376b69a0899b,2021-05-06,솔루엠,248070,KRX,248070.KS,"Equity Research, 솔루엠",,36900.0,36900.0,KRW,KRW,upside,24500.0,24500.0,25050.0,0.5061,False,,,20000.0,20000.0,2026-05-29,-0.1837,0.3245,-0.431,-0.458,0.845,0.0,,https://raw.githubusercontent.com/ChoiInYeol/snusmic-portfolio-lab/main/data/pdfs/2021-05-06_equity-research-%EC%86%94%EB%A3%A8%EC%97%A0.pdf
ba5672804816e8f8,2021-05-06,바이넥스,053030,KRX,053030.KQ,"Equity Research, 바이넥스",,43750.0,43750.0,KRW,KRW,upside,24400.0,24400.0,28950.0,0.793,False,,,8890.0,8890.0,2026-05-29,-0.6357,0.1066,-0.7016,-0.7968,3.9213,0.0,,https://raw.githubusercontent.com/ChoiInYeol/snusmic-portfolio-lab/main/data/pdfs/2021-05-06_equity-research-%EB%B0%94%EC%9D%B4%EB%84%A5%EC%8A%A4.pdf
786a5c9006c4a1d7,2021-05-06,데브시스터즈,194480,KRX,194480.KQ,"Equity Research, 데브시스터즈",,198000.0,198000.0,KRW,KRW,upside,108600.0,108600.0,114100.0,0.8232,True,2021-09-27,144.0,16190.0,16190.0,2026-05-29,-0.8509,0.7265,-0.8509,-0.9182,0.0,0.0,,https://raw.githubusercontent.com/ChoiInYeol/snusmic-portfolio-lab/main/data/pdfs/2021-05-06_equity-research-%EB%8D%B0%EB%B8%8C%EC%8B%9C%EC%8A%A4%ED%84%B0%EC%A6%88.pdf
0bb8a0b98b8d77ac,2021-05-06,쿠쿠홈시스,284740,KRX,284740.KS,"Equity Research, 쿠쿠홈시스",,66500.0,66500.0,KRW,KRW,upside,41600.0,41600.0,42200.0,0.5986,False,,,22700.0,22700.0,2026-05-29,-0.4543,0.2476,-0.5447,-0.6586,1.9295,0.0,,https://raw.githubusercontent.com/ChoiInYeol/snusmic-portfolio-lab/main/data/pdfs/2021-05-06_equity-research-%EC%BF%A0%EC%BF%A0%ED%99%88%EC%8B%9C%EC%8A%A4.pdf
a9abf8131be0116b,2021-05-06,케이씨씨글라스,344820,KRX,344820.KQ,"Equity Research, 케이씨씨글라스",,108000.0,108000.0,KRW,KRW,upside,63100.0,63100.0,59600.0,0.7116,False,,,25200.0,25200.0,2026-05-29,-0.6006,0.2868,-0.6086,-0.7667,3.2857,0.0,extraction_review:missing_rating,https://raw.githubusercontent.com/ChoiInYeol/snusmic-portfolio-lab/main/data/pdfs/2021-05-06_equity-research-%EC%BC%80%EC%9D%B4%EC%94%A8%EC%94%A8%EA%B8%80%EB%9D%BC%EC%8A%A4.pdf
d524f1b9b99a53af,2021-05-31,Corning,GLW,NYSE,GLW,"Equity Research, Corning",,63432.4486,57.0,USD,USD,upside,47732.97557543032,47732.9756,43.56,0.3289,False,,,273031.6772,181.16,2026-05-29,4.72,5.5008,-0.2581,3.3043,0.0,1.0,,https://raw.githubusercontent.com/ChoiInYeol/snusmic-portfolio-lab/main/data/pdfs/2021-05-31_equity-research-corning.pdf
c899a139ba93106b,2021-05-31,Ping An Healthcare & Technology,1833,HKG,1833.HK,"Equity Research, Ping An Healthcare & Technology",,21505.5954,150.0,HKD,HKD,upside,13061.064719588265,13061.0647,91.1023,0.6465,False,,,1711.6588,8.92,2026-05-29,-0.8689,0.0782,-0.916,-0.9204,11.5642,0.0,entry_price_native_inferred,https://raw.githubusercontent.com/ChoiInYeol/snusmic-portfolio-lab/main/data/pdfs/2021-05-31_equity-research-ping-an-healthcare-technology.pdf
65b98e5336bd59f3,2021-05-31,West Fraser Timber. Co. Ltd,WFG,NYSE,WFG,"Equity Research, West Fraser Timber. Co. Ltd",,152460.4467,137.0,USD,USD,upside,85503.13132664189,85503.1313,78.0,0.7831,False,,,103720.6865,68.82,2026-05-29,0.2131,0.6323,-0.1151,-0.3197,0.4699,0.2721,extraction_review:missing_rating,https://raw.githubusercontent.com/ChoiInYeol/snusmic-portfolio-lab/main/data/pdfs/2021-05-31_equity-research-west-fraser-timber-co-ltd.pdf
1488bad8a01bf103,2021-05-31,Star Bulk Carriers,SBLK,NASDAQ,SBLK,"Equity Research, Star Bulk Carriers",,42065.7291,37.8,USD,USD,upside,22128.529556202702,22128.5296,21.5,0.901,True,2022-05-23,357.0,41069.2926,27.25,2026-05-29,0.8559,0.9332,-0.159,-0.0237,0.0,0.95,,https://raw.githubusercontent.com/ChoiInYeol/snusmic-portfolio-lab/main/data/pdfs/2021-05-31_equity-research-star-bulk-carriers.pdf
32a42b5c3654e918,2021-05-31,Cyber Agent,4751,TYO,4751.T,"Equity Research, Cyber Agent",,36545.4662,3610.0,JPY,JPY,upside,22251.228424072266,22251.2284,2099.0,0.6424,False,,,12211.9335,1293.5,2026-05-29,-0.4512,0.113,-0.6905,-0.6658,1.9926,0.0,,https://raw.githubusercontent.com/ChoiInYeol/snusmic-portfolio-lab/main/data/pdfs/2021-05-31_equity-research-cyber-agent.pdf
f69bbabda26dd3de,2021-06-06,LG유플러스,032640,KRX,032640.KS,"Equity Research, LG유플러스",,26450.0,26450.0,KRW,KRW,upside,15400.0,15400.0,14500.0,0.7175,False,,,16130.0,16130.0,2026-05-29,0.0474,0.1565,-0.3825,-0.3902,0.6398,0.0661,,https://raw.githubusercontent.com/ChoiInYeol/snusmic-portfolio-lab/main/data/pdfs/2021-06-06_equity-research-lg%EC%9C%A0%ED%94%8C%EB%9F%AC%EC%8A%A4-2.pdf
65e4ae8e1e885829,2021-06-06,에스엘,005850,KRX,005850.KS,"Equity Research, 에스엘",,50000.0,50000.0,KRW,KRW,upside,35000.0,35000.0,31200.0,0.4286,False,,,75100.0,75100.0,2026-05-29,1.1457,1.1657,-0.3629,0.502,0.0,1.0,,https://raw.githubusercontent.com/ChoiInYeol/snusmic-portfolio-lab/main/data/pdfs/2021-06-06_equity-research-%EC%97%90%EC%8A%A4%EC%97%98.pdf
ddf3b21845907899,2021-06-06,효성티앤씨,298020,KRX,298020.KQ,"Equity Research, 효성티앤씨",,975000.0,975000.0,KRW,KRW,upside,743000.0,743000.0,710000.0,0.3122,False,,,363500.0,363500.0,2026-05-29,-0.5108,0.2584,-0.7466,-0.6272,1.6823,0.0,,https://raw.githubusercontent.com/ChoiInYeol/snusmic-portfolio-lab/main/data/pdfs/2021-06-06_equity-research-%ED%9A%A8%EC%84%B1%ED%8B%B0%EC%95%A4%EC%94%A8.pdf
ee12b562184f3778,2021-06-06,제이콘텐트리,036420,KRX,036420.KS,"Equity Research, 제이콘텐트리",,74500.0,74500.0,KRW,KRW,upside,51600.0,51600.0,53000.0,0.4438,True,2021-11-22,169.0,5160.0,5160.0,2026-05-29,-0.9,0.3934,-0.9016,-0.9307,0.0,0.0,,https://raw.githubusercontent.com/ChoiInYeol/snusmic-portfolio-lab/main/data/pdfs/2021-06-06_equity-research-corning-2.pdf
1600f5644e55a037,2021-11-03,넥스틴,348210,KRX,348210.KQ,"equity Research, 넥스틴",,72400.0,72400.0,KRW,KRW,upside,51200.0,51200.0,52800.0,0.4141,True,2022-04-19,167.0,67400.0,67400.0,2026-05-29,0.3164,0.9238,-0.1992,-0.0691,0.0,0.7642,,https://raw.githubusercontent.com/ChoiInYeol/snusmic-portfolio-lab/main/data/pdfs/2021-11-03_equity-research-%EB%84%A5%EC%8A%A4%ED%8B%B4.pdf
7d7e2a6e32013f08,2021-11-03,세경하이테크,148150,KRX,148150.KQ,"equity Research, 세경하이테크",,35000.0,35000.0,KRW,KRW,upside,7650.0,7650.0,24950.0,3.5752,False,,,3930.0,3930.0,2026-05-29,-0.4863,0.6941,-0.5577,-0.8877,7.9059,0.0,,https://raw.githubusercontent.com/ChoiInYeol/snusmic-portfolio-lab/main/data/pdfs/2021-11-03_equity-research-%EC%84%B8%EA%B2%BD%ED%95%98%EC%9D%B4%ED%85%8C%ED%81%AC.pdf
037076d05c1f75ac,2021-11-03,키이스트,054780,KRX,054780.KQ,"equity Research, 키이스트",,20800.0,20800.0,KRW,KRW,upside,14750.0,14750.0,15000.0,0.4102,False,,,1809.0,1809.0,2026-05-29,-0.8774,0.0271,-0.8774,-0.913,10.4981,0.0,,https://raw.githubusercontent.com/ChoiInYeol/snusmic-portfolio-lab/main/data/pdfs/2021-11-03_equity-research-%ED%82%A4%EC%9D%B4%EC%8A%A4%ED%8A%B8.pdf
d4a970fee900b949,2021-11-03,주성엔지니어링,036930,KRX,036930.KQ,"Equity Research, 주성엔지니어링",,26700.0,26700.0,KRW,KRW,upside,11350.0,11350.0,11200.0,1.3524,True,2022-03-02,119.0,200000.0,200000.0,2026-05-29,16.6211,19.6608,-0.0828,6.4906,0.0,1.0,,https://raw.githubusercontent.com/ChoiInYeol/snusmic-portfolio-lab/main/data/pdfs/2021-11-03_equity-research-%EC%A3%BC%EC%84%B1%EC%97%94%EC%A7%80%EB%8B%88%EC%96%B4%EB%A7%81.pdf
89f9f72c18472c7f,2021-11-19,NPC,004250,KRX,004250.KS,"Equity Research, NPC",,9290.0,9290.0,KRW,KRW,upside,7800.0,7800.0,5910.0,0.191,True,2021-12-21,32.0,3145.0,3145.0,2026-05-29,-0.5968,0.5256,-0.5968,-0.6615,0.0,0.0,,https://raw.githubusercontent.com/ChoiInYeol/snusmic-portfolio-lab/main/data/pdfs/2021-11-19_equity-research-npc.pdf
3ae2cd0fef5cc5b6,2021-11-19,원티드랩,376980,KRX,376980.KQ,"Equity Research, 원티드랩",,50900.0,50900.0,KRW,KRW,upside,40300.0,40300.0,35500.0,0.263,False,,,2635.0,2635.0,2026-05-29,-0.9346,0.0,-0.9346,-0.9482,18.3169,0.0,,https://raw.githubusercontent.com/ChoiInYeol/snusmic-portfolio-lab/main/data/pdfs/2021-11-19_equity-research-%EC%9B%90%ED%8B%B0%EB%93%9C%EB%9E%A9.pdf
6c3673eec1694092,2021-11-19,카카오게임즈,293490,KRX,293490.KQ,"Equity Research, 카카오게임즈",,151300.0,151300.0,KRW,KRW,upside,107500.0,107500.0,97900.0,0.4074,False,,,9500.0,9500.0,2026-05-29,-0.9116,0.0,-0.9118,-0.9372,14.9263,0.0,,https://raw.githubusercontent.com/ChoiInYeol/snusmic-portfolio-lab/main/data/pdfs/2021-11-19_equity-research-%EC%B9%B4%EC%B9%B4%EC%98%A4%EA%B2%8C%EC%9E%84%EC%A6%88.pdf
9afa1ee48cb453eb,2021-11-19,예스티,122640,KRX,122640.KQ,"Equity Research, 예스티",,25300.0,25300.0,KRW,KRW,upside,13400.0,13400.0,13600.0,0.8881,True,2023-08-31,650.0,26600.0,26600.0,2026-05-29,0.9851,1.3955,-0.5396,0.0514,0.0,1.0,,https://raw.githubusercontent.com/ChoiInYeol/snusmic-portfolio-lab/main/data/pdfs/2021-11-19_equity-research-%EC%98%88%EC%8A%A4%ED%8B%B0.pdf
c94768069dbf6dbd,2021-11-19,하이브,352820,KRX,352820.KS,"Equity Research, 하이브",,628000.0,628000.0,KRW,KRW,upside,400500.0,400500.0,383500.0,0.568,False,,,220000.0,220000.0,2026-05-29,-0.4507,0.01,-0.7266,-0.6497,1.8545,0.0,,https://raw.githubusercontent.com/ChoiInYeol/snusmic-portfolio-lab/main/data/pdfs/2021-11-19_equity-research-%ED%95%98%EC%9D%B4%EB%B8%8C.pdf
e4f61fb5a56f7d82,2021-11-30,Inmode,INMD,NASDAQ,INMD,"Equity Research, Inmode",,204938.2597,172.11,USD,USD,upside,90496.2392578125,90496.2393,76.0002,1.2646,False,,,20994.3214,13.93,2026-05-29,-0.768,0.0,-0.8007,-0.8976,8.7616,0.0,entry_price_native_inferred,https://raw.githubusercontent.com/ChoiInYeol/snusmic-portfolio-lab/main/data/pdfs/2021-11-30_equity-research-inmode.pdf
ab2a3cd1f6220db2,2021-11-30,Opendoor,OPEN,NASDAQ,OPEN,"Equity Research, Opendoor",,42116.4735,35.37,USD,USD,upside,18861.321627005003,18861.3216,20.64,1.233,False,,,7595.9352,5.04,2026-05-29,-0.5973,0.0,-0.9633,-0.8196,4.5446,0.0,,https://raw.githubusercontent.com/ChoiInYeol/snusmic-portfolio-lab/main/data/pdfs/2021-11-30_equity-research-opendoor.pdf
235ca36dccfc1783,2021-11-30,Z-holdings,4689,TYO,4689.T,"Equity Research, Z-holdings",,12660.49,1210.0,JPY,JPY,upside,7868.337585449219,7868.3376,825.5,0.609,False,,,3939.7292,417.3,2026-05-29,-0.4993,0.0086,-0.6119,-0.6888,2.2135,0.0,,https://raw.githubusercontent.com/ChoiInYeol/snusmic-portfolio-lab/main/data/pdfs/2021-11-30_equity-research-z-holdings.pdf
27fa19d322870ea6,2021-11-30,Muyuan foods co ltd,002714,SZSE,002714.SZ,"equity Research, Muyuan foods co ltd",,23814.7998,117.8098,CNY,CNY,upside,11320.181750540156,11320.1818,56.0,1.1037,False,,,8482.491,38.07,2026-05-29,-0.2507,0.2431,-0.3962,-0.6438,1.8075,0.0,,https://raw.githubusercontent.com/ChoiInYeol/snusmic-portfolio-lab/main/data/pdfs/2021-11-30_equity-research-muyuan-foods-co-ltd.pdf
cefde513c9366947,2021-11-30,Chegg,CHGG,NYSE,CHGG,"Equity Research, Chegg",,51797.1896,43.5,USD,USD,upside,33162.1091822586,33162.1092,27.12,0.5619,False,,,1974.3402,1.31,2026-05-29,-0.9405,0.3609,-0.98,-0.9619,25.2352,0.0,,https://raw.githubusercontent.com/ChoiInYeol/snusmic-portfolio-lab/main/data/pdfs/2021-11-30_equity-research-chegg.pdf
8b301da5f9cbeb69,2021-12-13,쿠콘,294570,KRX,294570.KQ,"Equity Research, 쿠콘",,104100.0,104100.0,KRW,KRW,upside,75100.0,75100.0,77900.0,0.3862,False,,,23850.0,23850.0,2026-05-29,-0.6824,0.0,-0.8419,-0.7709,3.3648,0.0,,https://raw.githubusercontent.com/ChoiInYeol/snusmic-portfolio-lab/main/data/pdfs/2021-12-13_equity-research-%EC%BF%A0%EC%BD%98.pdf
ed3298464b2f98d5,2021-12-13,인텔리안테크,189300,KRX,189300.KQ,"Equity Research, 인텔리안테크",,122000.0,122000.0,KRW,KRW,upside,83500.0,83500.0,80400.0,0.4611,False,,,133100.0,133100.0,2026-05-29,0.594,1.0647,-0.6281,0.091,0.0,1.0,,https://raw.githubusercontent.com/ChoiInYeol/snusmic-portfolio-lab/main/data/pdfs/2021-12-13_equity-research-%EC%9D%B8%ED%85%94%EB%A6%AC%EC%95%88%ED%85%8C%ED%81%AC.pdf
53c1821b2b5f4ebd,2021-12-13,세아제강지주,003030,KRX,003030.KS,"Equity Research, 세아제강지주",,154000.0,154000.0,KRW,KRW,upside,113500.0,113500.0,110000.0,0.3568,True,2022-04-15,123.0,153200.0,153200.0,2026-05-29,0.3498,1.4493,-0.141,-0.0052,0.0,0.9802,,https://raw.githubusercontent.com/ChoiInYeol/snusmic-portfolio-lab/main/data/pdfs/2021-12-13_equity-research-%EC%84%B8%EC%95%84%EC%A0%9C%EA%B0%95%EC%A7%80%EC%A3%BC.pdf
771f0f6cabce8bfa,2021-12-13,엔켐,348370,KRX,348370.KQ,"Equity Research, 엔켐",,174900.0,174900.0,KRW,KRW,upside,100100.0,100100.0,108600.0,0.7473,False,,,35100.0,35100.0,2026-05-29,-0.6494,2.6513,-0.7008,-0.7993,3.9829,0.0,extraction_review:missing_rating,https://raw.githubusercontent.com/ChoiInYeol/snusmic-portfolio-lab/main/data/pdfs/2021-12-13_equity-research-%EC%97%94%EC%BC%90.pdf
7df7f3246b237d57,2021-12-13,에스티팜,237690,KRX,237690.KQ,"Equity Research, 에스티팜",,185000.0,185000.0,KRW,KRW,upside,126500.0,126500.0,128000.0,0.4625,False,,,134100.0,134100.0,2026-05-29,0.0601,0.3336,-0.5225,-0.2751,0.3796,0.1299,,https://raw.githubusercontent.com/ChoiInYeol/snusmic-portfolio-lab/main/data/pdfs/2021-12-13_equity-research-%EC%97%90%EC%8A%A4%ED%8B%B0%ED%8C%9C-2.pdf
104c5fd3af9d4aab,2022-04-16,JYP Ent.,035900,KRX,035900.KQ,"Equity Research, JYP Ent.",,92400.0,92400.0,KRW,KRW,upside,58800.0,58800.0,64700.0,0.5714,True,2023-05-02,381.0,57700.0,57700.0,2026-05-29,-0.0187,1.3997,-0.2602,-0.3755,0.0,0.0,,https://raw.githubusercontent.com/ChoiInYeol/snusmic-portfolio-lab/main/data/pdfs/2022-04-16_equity-research-jyp-ent.pdf
838c8ba80222a6dd,2022-04-16,인터로조,119610,KRX,119610.KQ,"Equity Research, 인터로조",,45500.0,45500.0,KRW,KRW,upside,34050.0,34050.0,31350.0,0.3363,False,,,20400.0,20400.0,2026-05-29,-0.4009,0.116,-0.5609,-0.5516,1.2304,0.0,,https://raw.githubusercontent.com/ChoiInYeol/snusmic-portfolio-lab/main/data/pdfs/2022-04-16_equity-research-%EC%9D%B8%ED%84%B0%EB%A1%9C%EC%A1%B0.pdf
d26e5d6dca5fdc4c,2022-04-16,롯데렌탈,089860,KRX,089860.KQ,"Equity Research, 롯데렌탈",,63529.0,63529.0,KRW,KRW,upside,45200.0,45200.0,45200.0,0.4055,False,,,31250.0,31250.0,2026-05-29,-0.3086,0.0166,-0.4369,-0.5081,1.0329,0.0,,https://raw.githubusercontent.com/ChoiInYeol/snusmic-portfolio-lab/main/data/pdfs/2022-04-16_equity-research-%EB%A1%AF%EB%8D%B0%EB%A0%8C%ED%83%88.pdf
0498c71baf800437,2022-04-16,국순당,043650,KRX,043650.KQ,"Equity Research, 국순당",,13250.0,13250.0,KRW,KRW,upside,10900.0,10900.0,10750.0,0.2156,False,,,3730.0,3730.0,2026-05-29,-0.6578,0.0826,-0.6578,-0.7185,2.5523,0.0,,https://raw.githubusercontent.com/ChoiInYeol/snusmic-portfolio-lab/main/data/pdfs/2022-04-16_equity-research-%EA%B5%AD%EC%88%9C%EB%8B%B9.pdf
c3c2941d58fd09db,2022-05-12,골프존,215000,KRX,215000.KQ,"Equity Research, 골프존",,268300.0,268300.0,KRW,KRW,upside,173300.0,173300.0,179000.0,0.5482,False,,,43250.0,43250.0,2026-05-29,-0.7504,0.019,-0.7533,-0.8388,5.2035,0.0,,https://raw.githubusercontent.com/ChoiInYeol/snusmic-portfolio-lab/main/data/pdfs/2022-05-12_equity-research-%EA%B3%A8%ED%94%84%EC%A1%B4-2.pdf
d02635fcf57c9831,2022-05-12,인바디,041830,KRX,041830.KQ,"Equity Research, 인바디",,38300.0,38300.0,KRW,KRW,upside,28300.0,28300.0,27550.0,0.3534,False,,,45850.0,45850.0,2026-05-29,0.6201,0.6731,-0.3657,0.1971,0.0,1.0,,https://raw.githubusercontent.com/ChoiInYeol/snusmic-portfolio-lab/main/data/pdfs/2022-05-12_equity-research-%EC%9D%B8%EB%B0%94%EB%94%94.pdf
cf6e90784928ec2e,2022-05-12,벽산,007210,KRX,007210.KS,"Equity Research, 벽산",,5300.0,5300.0,KRW,KRW,upside,3540.0,3540.0,3540.0,0.4972,False,,,1680.0,1680.0,2026-05-29,-0.5254,0.1737,-0.5404,-0.683,2.1548,0.0,,https://raw.githubusercontent.com/ChoiInYeol/snusmic-portfolio-lab/main/data/pdfs/2022-05-12_equity-research-%EB%B2%BD%EC%82%B0-2.pdf
3d0eef9651bbf5f3,2022-05-12,애니플러스,310200,KRX,310200.KQ,"Equity Research, 애니플러스",,5310.0,5310.0,KRW,KRW,upside,3840.0,3840.0,4215.0,0.3828,True,2023-02-01,265.0,2200.0,2200.0,2026-05-29,-0.4271,0.5365,-0.4271,-0.5857,0.0,0.0,,https://raw.githubusercontent.com/ChoiInYeol/snusmic-portfolio-lab/main/data/pdfs/2022-05-12_equity-research-%EC%95%A0%EB%8B%88%ED%94%8C%EB%9F%AC%EC%8A%A4.pdf
26bc78e8280443fa,2022-05-12,아이원스,114810,KRX,114810.KQ,"Equity Research, 아이원스",,16450.0,16450.0,KRW,KRW,upside,8880.0,8880.0,9650.0,0.8525,False,,,13800.0,13800.0,2026-05-29,0.5541,1.2151,-0.3885,-0.1611,0.192,0.6499,,https://raw.githubusercontent.com/ChoiInYeol/snusmic-portfolio-lab/main/data/pdfs/2022-05-12_equity-research-%EC%95%84%EC%9D%B4%EC%9B%90%EC%8A%A4.pdf
ae2cc012ee18fbdb,2022-05-25,GrafTech International Ltd.,EAF,NYSE,EAF,"Equity Research, GrafTech International Ltd.",,1753528.7438,134.9697,USD,USD,upside,10403.167419433594,1104321.5372,85.0,0.5879,False,,,15041.1568,9.98,2026-05-29,-0.8597,0.057,-0.9305,-0.9116,115.582,0.0,price_scale_adjusted_entry|price_scale_adjusted_target,https://raw.githubusercontent.com/ChoiInYeol/snusmic-portfolio-lab/main/data/pdfs/2022-05-25_equity-research-graftech-international-ltd.pdf
c631200d3a42357e,2022-05-25,"GEM Co., Ltd.",002340,SZSE,002340.SZ,"Equity Research, GEM Co., Ltd.",,2528.9276,11.35,CNY,CNY,upside,1587.8498542753223,1587.8499,7.63,0.5927,False,,,1737.9415,7.8,2026-05-29,0.0945,0.3864,-0.4367,-0.3128,0.4551,0.1595,,https://raw.githubusercontent.com/ChoiInYeol/snusmic-portfolio-lab/main/data/pdfs/2022-05-25_equity-research-gem-co-ltd.pdf
ce21d8373593ec16,2022-05-25,TSMC,TSM,NYSE,TSM,"Equity Research, TSMC",,28034.0751,130.3269,USD,USD,upside,668324.6948242188,19447.7222,90.41,0.4415,True,2024-02-07,623.0,630658.5689,418.45,2026-05-29,4.5318,4.5318,-0.248,2.8375,0.0,1.0,price_scale_adjusted_entry|price_scale_adjusted_target,https://raw.githubusercontent.com/ChoiInYeol/snusmic-portfolio-lab/main/data/pdfs/2022-05-25_equity-research-tsmc.pdf
6405448206fb6311,2022-05-25,Scorpio Tankers Inc.,STNG,NYSE,STNG,"Equity Research, Scorpio Tankers Inc.",,56315.813,44.66,USD,USD,upside,39847.28417243576,39847.2842,29.11,0.4133,True,2022-08-10,77.0,112296.2599,74.51,2026-05-29,1.8182,2.2086,-0.0381,0.994,0.0,1.0,extraction_review:missing_rating,https://raw.githubusercontent.com/ChoiInYeol/snusmic-portfolio-lab/main/data/pdfs/2022-05-25_equity-research-scorpio-tankers-inc.pdf
4945335edf0a3d6d,2022-06-08,동아쏘시오홀딩스,000640,KRX,000640.KS,"Equity Research, 동아쏘시오홀딩스",,155500.0,155500.0,KRW,KRW,upside,99915.1640625,99915.1641,107000.0,0.5563,False,,,90300.0,90300.0,2026-05-29,-0.0962,0.2094,-0.2623,-0.4193,0.722,0.0,,https://raw.githubusercontent.com/ChoiInYeol/snusmic-portfolio-lab/main/data/pdfs/2022-06-08_equity-research-%EB%8F%99%EC%95%84%EC%8F%98%EC%8B%9C%EC%98%A4%ED%99%80%EB%94%A9%EC%8A%A4.pdf
a9a5c7d8c6e6995d,2022-06-08,영원무역홀딩스,009970,KRX,009970.KS,"Equity Research, 영원무역홀딩스",,85000.0,85000.0,KRW,KRW,upside,57700.0,57700.0,57700.0,0.4731,True,2024-02-01,603.0,191500.0,191500.0,2026-05-29,2.3189,3.3328,-0.201,1.2529,0.0,1.0,,https://raw.githubusercontent.com/ChoiInYeol/snusmic-portfolio-lab/main/data/pdfs/2022-06-08_equity-research-%EC%98%81%EC%9B%90%EB%AC%B4%EC%97%AD%ED%99%80%EB%94%A9%EC%8A%A4.pdf
c82e104c235c6247,2022-06-08,티와이홀딩스,363280,KRX,363280.KS,"Equity Research, 티와이홀딩스",,38100.0,38100.0,KRW,KRW,upside,25247.423828125,25247.4238,25300.0,0.5091,False,,,2185.0,2185.0,2026-05-29,-0.9135,0.002,-0.9204,-0.9427,16.4371,0.0,,https://raw.githubusercontent.com/ChoiInYeol/snusmic-portfolio-lab/main/data/pdfs/2022-06-08_equity-research-%ED%8B%B0%EC%99%80%EC%9D%B4%ED%99%80%EB%94%A9%EC%8A%A4.pdf
6e5ccfe04b55d4c4,2022-06-08,DL,000210,KRX,000210.KS,"Equity Research, DL",,102000.0,102000.0,KRW,KRW,upside,67000.0,67000.0,68000.0,0.5224,False,,,54300.0,54300.0,2026-05-29,-0.1896,0.1463,-0.5799,-0.4676,0.8785,0.0,,https://raw.githubusercontent.com/ChoiInYeol/snusmic-portfolio-lab/main/data/pdfs/2022-06-08_equity-research-dl.pdf
c57f20ad93adf797,2022-06-08,LS,006260,KRX,006260.KS,"Equity Research, LS",,163000.0,163000.0,KRW,KRW,upside,68700.0,68700.0,66700.0,1.3726,True,2024-05-17,709.0,446000.0,446000.0,2026-05-29,5.492,7.0495,-0.2475,1.7362,0.0,1.0,,https://raw.githubusercontent.com/ChoiInYeol/snusmic-portfolio-lab/main/data/pdfs/2022-06-08_equity-research-ls.pdf
c36f87938dfe83da,2022-10-13,아이씨에이치,368600,KRX,368600.KQ,"Equity Research, 아이씨에이치",,31100.0,31100.0,KRW,KRW,upside,9050.0,9050.0,26300.0,2.4365,False,,,744.0,744.0,2026-05-29,-0.9178,0.0707,-0.9305,-0.9761,40.8011,0.0,,https://raw.githubusercontent.com/ChoiInYeol/snusmic-portfolio-lab/main/data/pdfs/2022-10-13_equity-research-%EC%95%84%EC%9D%B4%EC%94%A8%EC%97%90%EC%9D%B4%EC%B9%98.pdf
abf8b4129d0067a3,2022-10-13,아프리카TV,067160,KRX,067160.KQ,"Equity Research, 아프리카TV",,101500.0,101500.0,KRW,KRW,upside,71300.0,71300.0,75500.0,0.4236,True,2024-01-08,452.0,50400.0,50400.0,2026-05-29,-0.2931,0.9215,-0.3086,-0.5034,0.0,0.0,,https://raw.githubusercontent.com/ChoiInYeol/snusmic-portfolio-lab/main/data/pdfs/2022-10-13_equity-research-%EC%95%84%ED%94%84%EB%A6%AC%EC%B9%B4tv.pdf
269ab4f8ab06ddcc,2022-10-13,나스미디어,089600,KRX,089600.KQ,"Equity Research, 나스미디어",,45500.0,45500.0,KRW,KRW,upside,28363.63671875,28363.6367,29550.0,0.6042,False,,,10790.0,10790.0,2026-05-29,-0.6196,0.1138,-0.6196,-0.7629,3.2169,0.0,,https://raw.githubusercontent.com/ChoiInYeol/snusmic-portfolio-lab/main/data/pdfs/2022-10-13_equity-research-%EB%82%98%EC%8A%A4%EB%AF%B8%EB%94%94%EC%96%B4.pdf
23dfbf83613d3029,2022-11-13,현대에너지솔루션,322000,KRX,322000.KS,"Equity Research, 현대에너지솔루션",,82700.0,82700.0,KRW,KRW,upside,61000.0,61000.0,56600.0,0.3557,False,,,174800.0,174800.0,2026-05-29,1.8656,3.0,-0.6928,1.1137,0.0,1.0,,https://raw.githubusercontent.com/ChoiInYeol/snusmic-portfolio-lab/main/data/pdfs/2022-11-13_equity-research-%ED%98%84%EB%8C%80%EC%97%90%EB%84%88%EC%A7%80%EC%86%94%EB%A3%A8%EC%85%98.pdf
165ce2f1aeafe7fe,2022-11-13,이랜텍,054210,KRX,054210.KQ,"Equity Research, 이랜텍",,17500.0,17500.0,KRW,KRW,upside,12500.0,12500.0,12250.0,0.4,False,,,10610.0,10610.0,2026-05-29,-0.1512,0.2352,-0.6756,-0.3937,0.6494,0.0,,https://raw.githubusercontent.com/ChoiInYeol/snusmic-portfolio-lab/main/data/pdfs/2022-11-13_equity-research-%EC%9D%B4%EB%9E%9C%ED%85%8D.pdf
3ce25880fb8c6a07,2022-11-13,우리금융지주,316140,KRX,316140.KS,"Equity Research, 우리금융지주",,14700.0,14700.0,KRW,KRW,upside,11900.0,11900.0,11450.0,0.2353,True,2024-02-02,446.0,29700.0,29700.0,2026-05-29,1.4958,2.4286,-0.0798,1.0204,0.0,1.0,,https://raw.githubusercontent.com/ChoiInYeol/snusmic-portfolio-lab/main/data/pdfs/2022-11-13_equity-research-%EC%9A%B0%EB%A6%AC%EA%B8%88%EC%9C%B5%EC%A7%80%EC%A3%BC.pdf
d1a34670c737d9ac,2022-11-13,S-OIL,010950,KRX,010950.KS,"Equity Research, S-OIL",,122500.0,122500.0,KRW,KRW,upside,89800.0,89800.0,91800.0,0.3641,False,,,107400.0,107400.0,2026-05-29,0.196,0.5735,-0.4388,-0.1233,0.1406,0.5382,,https://raw.githubusercontent.com/ChoiInYeol/snusmic-portfolio-lab/main/data/pdfs/2022-11-13_equity-research-s-oil-3.pdf
fea27bf20d0f8d88,2022-11-13,이수페타시스,007660,KRX,007660.KS,"Equity Research, 이수페타시스",,7600.0,7600.0,KRW,KRW,upside,5730.0,5730.0,5480.0,0.3264,True,2023-01-30,78.0,129200.0,129200.0,2026-05-29,21.548,27.1675,-0.0489,16.0,0.0,1.0,,https://raw.githubusercontent.com/ChoiInYeol/snusmic-portfolio-lab/main/data/pdfs/2022-11-13_equity-research-%EC%9D%B4%EC%88%98%ED%8E%98%ED%83%80%EC%8B%9C%EC%8A%A4-2.pdf
4be410cfa6fd46e4,2022-11-25,Noble Corporation PLC,NE,NYSE,NE,"Equity Research, Noble Corporation PLC",,62151.6931,47.16,USD,USD,upside,48037.09203940584,48037.092,38.26,0.2938,True,2023-07-11,228.0,70051.4019,46.48,2026-05-29,0.4583,0.7008,-0.444,0.1271,0.0,1.0,,https://raw.githubusercontent.com/ChoiInYeol/snusmic-portfolio-lab/main/data/pdfs/2022-11-25_equity-research-noble-corporation-plc.pdf
2dcae6668e7aa836,2022-11-25,MP Materials,MP,NYSE,MP,"Equity Research, MP Materials",,67739.5468,51.4,USD,USD,upside,43846.20139063569,43846.2014,32.47,0.5449,False,,,97511.3067,64.7,2026-05-29,1.2239,2.2085,-0.6744,0.4395,0.0,1.0,,https://raw.githubusercontent.com/ChoiInYeol/snusmic-portfolio-lab/main/data/pdfs/2022-11-25_equity-research-mp-materials.pdf
e48aad623ee4de4e,2022-11-25,Wolfspeed,WOLF,NYSE,WOLF,"Equity Research, Wolfspeed",,144546.1768,109.68,USD,USD,upside,31132.49067409896,31132.4907,88.06,,False,,,89342.6648,59.28,2026-05-29,,,,,0.6179,0.5133,,https://raw.githubusercontent.com/ChoiInYeol/snusmic-portfolio-lab/main/data/pdfs/2022-11-25_equity-research-wolfspeed.pdf
9ad4504d75edadfa,2022-11-25,Arista Networks,ANET,NYSE,ANET,"Equity Research, Arista Networks",,221076.05,167.75,USD,USD,upside,44729.18528732145,44729.1853,132.06,3.9425,False,,,240342.0237,159.47,2026-05-29,4.3733,4.9038,-0.2285,0.0871,0.0,1.0,,https://raw.githubusercontent.com/ChoiInYeol/snusmic-portfolio-lab/main/data/pdfs/2022-11-25_equity-research-arista-networks.pdf
d9b3d180a37a3af7,2022-12-08,포스코홀딩스,005490,KRX,005490.KS,"Equity Research, 포스코홀딩스",,365000.0,365000.0,KRW,KRW,upside,286500.0,286500.0,295000.0,0.274,True,2023-03-31,113.0,423500.0,423500.0,2026-05-29,0.4782,1.2967,-0.1955,0.1603,0.0,1.0,,https://raw.githubusercontent.com/ChoiInYeol/snusmic-portfolio-lab/main/data/pdfs/2022-12-08_equity-research-%ED%8F%AC%EC%8A%A4%EC%BD%94%ED%99%80%EB%94%A9%EC%8A%A4.pdf
756754d30bf2606b,2022-12-08,삼성엔지니어링,028050,KRX,028050.KS,"Equity Research, 삼성엔지니어링",,33800.0,33800.0,KRW,KRW,upside,23150.0,23150.0,23700.0,0.46,True,2023-07-12,216.0,52900.0,52900.0,2026-05-29,1.2851,1.7819,-0.2955,0.5651,0.0,1.0,,https://raw.githubusercontent.com/ChoiInYeol/snusmic-portfolio-lab/main/data/pdfs/2022-12-08_equity-research-%EC%82%BC%EC%84%B1%EC%97%94%EC%A7%80%EB%8B%88%EC%96%B4%EB%A7%81.pdf
9b739307066946a9,2022-12-08,SNT에너지,100840,KRX,100840.KQ,"Equity Research, SNT에너지",,35500.0,35500.0,KRW,KRW,upside,6716.66650390625,6716.6665,22850.0,4.2854,False,,,38150.0,38150.0,2026-05-29,4.6799,8.5434,-0.1241,0.0746,0.0,1.0,,https://raw.githubusercontent.com/ChoiInYeol/snusmic-portfolio-lab/main/data/pdfs/2022-12-08_equity-research-snt%EC%97%90%EB%84%88%EC%A7%80.pdf
b52b85860ebe5b2f,2022-12-08,셀트리온,068270,KRX,068270.KS,"Equity Research, 셀트리온",,222000.0,222000.0,KRW,KRW,upside,155413.5,155413.5,174000.0,0.4284,False,,,192900.0,192900.0,2026-05-29,0.2412,0.599,-0.2234,-0.1311,0.1509,0.563,,https://raw.githubusercontent.com/ChoiInYeol/snusmic-portfolio-lab/main/data/pdfs/2022-12-08_equity-research-%EC%85%80%ED%8A%B8%EB%A6%AC%EC%98%A8-3.pdf
65d963a7cd1c0daa,2022-12-08,한국항공우주,047810,KRX,047810.KS,"Equity Research, 한국항공우주",,67000.0,67000.0,KRW,KRW,upside,46150.0,46150.0,47000.0,0.4518,True,2024-11-11,704.0,168300.0,168300.0,2026-05-29,2.6468,3.377,-0.0997,1.5119,0.0,1.0,,https://raw.githubusercontent.com/ChoiInYeol/snusmic-portfolio-lab/main/data/pdfs/2022-12-08_equity-research-%ED%95%9C%EA%B5%AD%ED%95%AD%EA%B3%B5%EC%9A%B0%EC%A3%BC.pdf
e297c3688dff52fa,2023-04-13,파마리서치,214450,KRX,214450.KQ,"Equity Research, 파마리서치",,111600.0,111600.0,KRW,KRW,upside,90600.0,90600.0,86800.0,0.2318,True,2023-05-16,33.0,295000.0,295000.0,2026-05-29,2.2561,6.8477,-0.0166,1.6434,0.0,1.0,,https://raw.githubusercontent.com/ChoiInYeol/snusmic-portfolio-lab/main/data/pdfs/2023-04-13_equity-research-%ED%8C%8C%EB%A7%88%EB%A6%AC%EC%84%9C%EC%B9%98.pdf
a49675bcf9654922,2023-04-13,아스플로,159010,KRX,159010.KQ,"Equity Research, 아스플로",,20300.0,20300.0,KRW,KRW,upside,13990.0,13990.0,13500.0,0.451,False,,,17860.0,17860.0,2026-05-29,0.2766,0.3703,-0.7523,-0.1202,0.1366,0.6133,,https://raw.githubusercontent.com/ChoiInYeol/snusmic-portfolio-lab/main/data/pdfs/2023-04-13_equity-research-%EC%95%84%EC%8A%A4%ED%94%8C%EB%A1%9C.pdf
2b7cda74f6f72d97,2023-04-13,JTC,950170,KRX,950170.KQ,"Equity Research, JTC",,7100.0,7100.0,KRW,KRW,upside,4050.0,4050.0,4075.0,0.7531,False,,,4910.0,4910.0,2026-05-29,0.2123,0.8469,-0.179,-0.3085,0.446,0.282,,https://raw.githubusercontent.com/ChoiInYeol/snusmic-portfolio-lab/main/data/pdfs/2023-04-13_equity-research-jtc.pdf
c356d64193bfcf87,2023-04-13,글로벌텍스프리,204620,KRX,204620.KQ,"Equity Research, 글로벌텍스프리",,4925.0,4925.0,KRW,KRW,upside,3350.73974609375,3350.7397,3800.0,0.4698,True,2023-08-16,125.0,4615.0,4615.0,2026-05-29,0.3773,1.289,-0.1532,-0.0629,0.0,0.8031,,https://raw.githubusercontent.com/ChoiInYeol/snusmic-portfolio-lab/main/data/pdfs/2023-04-13_equity-research-%EA%B8%80%EB%A1%9C%EB%B2%8C%ED%85%8D%EC%8A%A4%ED%94%84%EB%A6%AC-2.pdf
d5e61dbccad3af20,2023-04-13,큐브엔터,182360,KRX,182360.KQ,"Equity Research, 큐브엔터",,41900.0,41900.0,KRW,KRW,upside,26100.0,26100.0,24200.0,0.6054,False,,,7020.0,7020.0,2026-05-29,-0.731,0.0536,-0.731,-0.8325,4.9687,0.0,,https://raw.githubusercontent.com/ChoiInYeol/snusmic-portfolio-lab/main/data/pdfs/2023-04-13_equity-research-%ED%81%90%EB%B8%8C%EC%97%94%ED%84%B0.pdf
901dc44d3eedc130,2023-05-11,태광,023160,KRX,023160.KS,"Equity Research, 태광",,28840.0,28840.0,KRW,KRW,upside,18340.0,18340.0,18120.0,0.5725,False,,,31500.0,31500.0,2026-05-29,0.7176,1.6445,-0.3866,0.0922,0.0,1.0,,https://raw.githubusercontent.com/ChoiInYeol/snusmic-portfolio-lab/main/data/pdfs/2023-05-11_equity-research-%ED%83%9C%EA%B4%91-2.pdf
28902e013d64471e,2023-05-11,진시스템,363250,KRX,363250.KQ,"Equity Research, 진시스템",,32800.0,32800.0,KRW,KRW,upside,17830.0,17830.0,17990.0,0.8396,False,,,3890.0,3890.0,2026-05-29,-0.7818,0.7891,-0.8026,-0.8814,7.4319,0.0,,https://raw.githubusercontent.com/ChoiInYeol/snusmic-portfolio-lab/main/data/pdfs/2023-05-11_equity-research-%EC%A7%84%EC%8B%9C%EC%8A%A4%ED%85%9C.pdf
cc7b035df24effd5,2023-05-11,태웅,044490,KRX,044490.KQ,"Equity Research, 태웅",,28600.0,28600.0,KRW,KRW,upside,14070.0,14070.0,13700.0,1.0327,False,,,36650.0,36650.0,2026-05-29,1.6048,3.1791,-0.3426,0.2815,0.0,1.0,,https://raw.githubusercontent.com/ChoiInYeol/snusmic-portfolio-lab/main/data/pdfs/2023-05-11_equity-research-%ED%83%9C%EC%9B%85-3.pdf
bf9bbe66a98dea96,2023-05-11,SK디앤디,210980,KRX,210980.KS,"Equity Research, SK디앤디",,38000.0,38000.0,KRW,KRW,upside,23400.0,23400.0,22300.0,0.6239,False,,,12090.0,12090.0,2026-05-29,-0.4833,0.4992,-0.7286,-0.6818,2.1431,0.0,,https://raw.githubusercontent.com/ChoiInYeol/snusmic-portfolio-lab/main/data/pdfs/2023-05-11_equity-research-sk%EB%94%94%EC%95%A4%EB%94%94-2.pdf
c80230176ec588e2,2023-05-11,레이,228670,KRX,228670.KQ,"Equity Research, 레이",,73700.0,73700.0,KRW,KRW,upside,34050.0,34050.0,34550.0,1.1645,False,,,5290.0,5290.0,2026-05-29,-0.8446,0.1865,-0.8778,-0.9282,12.9319,0.0,,https://raw.githubusercontent.com/ChoiInYeol/snusmic-portfolio-lab/main/data/pdfs/2023-05-11_equity-research-%EB%A0%88%EC%9D%B4.pdf
2937539ac8e17f5c,2023-05-25,Bank of America Corp.,BAC,NYSE,BAC,"Equity Research, Bank of America Corp.",,43735.309,33.17,USD,USD,upside,37142.70905079041,37142.7091,28.47,0.1775,True,2023-12-14,203.0,77767.906,51.6,2026-05-29,1.0938,1.2393,-0.0849,0.7781,0.0,1.0,,https://raw.githubusercontent.com/ChoiInYeol/snusmic-portfolio-lab/main/data/pdfs/2023-05-25_equity-research-bank-of-america-corp.pdf
73eb3af5c6c360ec,2023-05-25,루닛,328130,KRX,328130.KQ,"Equity Research, 루닛",,122700.0,122700.0,KRW,KRW,upside,40200.0,40200.0,68800.0,2.0522,True,2023-09-07,105.0,16760.0,16760.0,2026-05-29,-0.5831,2.1903,-0.5883,-0.8634,0.0,0.0,extraction_review:note_case_target_ambiguous,https://raw.githubusercontent.com/ChoiInYeol/snusmic-portfolio-lab/main/data/pdfs/2023-05-25_equity-research-%EB%A3%A8%EB%8B%9B.pdf
93c78f6ec8b53672,2023-05-25,JW중외제약,001060,KRX,001060.KS,"Equity Research, JW중외제약",,35600.0,35600.0,KRW,KRW,upside,23774.509765625,23774.5098,24600.0,0.4974,True,2023-07-18,54.0,27800.0,27800.0,2026-05-29,0.1693,0.9794,-0.1592,-0.2191,0.0,0.3404,,https://raw.githubusercontent.com/ChoiInYeol/snusmic-portfolio-lab/main/data/pdfs/2023-05-25_equity-research-jw%EC%A4%91%EC%99%B8%EC%A0%9C%EC%95%BD.pdf
f676409a881dd9d4,2023-06-09,롯데웰푸드,280360,KRX,280360.KQ,"Equity Research, 롯데웰푸드",,220500.0,220500.0,KRW,KRW,upside,110500.0,110500.0,107000.0,0.9955,False,,,112900.0,112900.0,2026-05-29,0.0217,0.7493,-0.1584,-0.488,0.9531,0.0218,,https://raw.githubusercontent.com/ChoiInYeol/snusmic-portfolio-lab/main/data/pdfs/2023-06-09_equity-research-%EB%A1%AF%EB%8D%B0%EC%9B%B0%ED%91%B8%EB%93%9C.pdf
5d9c4bc6c432e222,2023-06-09,현대그린푸드,453340,KRX,453340.KQ,"Equity Research, 현대그린푸드",,21600.0,21600.0,KRW,KRW,upside,12650.0,12650.0,11910.0,0.7075,False,,,16720.0,16720.0,2026-05-29,0.3217,0.5257,-0.1542,-0.2259,0.2919,0.4547,,https://raw.githubusercontent.com/ChoiInYeol/snusmic-portfolio-lab/main/data/pdfs/2023-06-09_equity-research-%ED%98%84%EB%8C%80%EA%B7%B8%EB%A6%B0%ED%91%B8%EB%93%9C-2.pdf
07c7395490c32f67,2023-06-09,DI동일,001530,KRX,001530.KS,"Equity Research, DI동일",,30700.0,30700.0,KRW,KRW,upside,18848.515625,18848.5156,20500.0,0.6288,True,2024-09-20,469.0,24700.0,24700.0,2026-05-29,0.3104,1.5365,-0.1961,-0.1954,0.0,0.4937,,https://raw.githubusercontent.com/ChoiInYeol/snusmic-portfolio-lab/main/data/pdfs/2023-06-09_equity-research-di%EB%8F%99%EC%9D%BC.pdf
9dd7015afab39338,2023-06-09,메쎄이상,408920,KRX,408920.KQ,"Equity Research, 메쎄이상",,4620.0,4620.0,KRW,KRW,upside,2835.0,2835.0,2825.0,0.6296,False,,,3255.0,3255.0,2026-05-29,0.1481,0.3333,-0.3026,-0.2955,0.4194,0.2353,,https://raw.githubusercontent.com/ChoiInYeol/snusmic-portfolio-lab/main/data/pdfs/2023-06-09_equity-research-%EB%A9%94%EC%8E%84%EC%9D%B4%EC%83%81.pdf
0448a5a1bc4adf29,2023-10-19,SK하이닉스,000660,KRX,000660.KS,"Equity Research, SK하이닉스",,164600.0,164600.0,KRW,KRW,upside,125700.0,125700.0,124700.0,0.3095,True,2024-02-23,127.0,2333000.0,2333000.0,2026-05-29,17.5601,17.5601,-0.0748,13.1738,0.0,1.0,,https://raw.githubusercontent.com/ChoiInYeol/snusmic-portfolio-lab/main/data/pdfs/2023-10-19_equity-research-sk%ED%95%98%EC%9D%B4%EB%8B%89%EC%8A%A4-2.pdf
6d9d512e26b0f33c,2023-10-19,에이디테크놀로지,200710,KRX,200710.KQ,"Equity Research, 에이디테크놀로지",,75100.0,75100.0,KRW,KRW,upside,21550.0,21550.0,23200.0,2.4849,False,,,39600.0,39600.0,2026-05-29,0.8376,1.8074,-0.4404,-0.4727,0.8965,0.3371,,https://raw.githubusercontent.com/ChoiInYeol/snusmic-portfolio-lab/main/data/pdfs/2023-10-19_equity-research-%EC%97%90%EC%9D%B4%EB%94%94%ED%85%8C%ED%81%AC%EB%86%80%EB%A1%9C%EC%A7%80.pdf
a5904b4b761c1514,2023-10-19,코세스,089890,KRX,089890.KQ,"Equity Research, 코세스",,17844375.0,17844375.0,KRW,KRW,upside,9.6,8835843.75,9210.0,1.0195,True,2024-01-25,98.0,39150.0,39150.0,2026-05-29,3.2508,4.4832,-0.3735,1.1048,0.0,0.0,price_scale_adjusted_entry,https://raw.githubusercontent.com/ChoiInYeol/snusmic-portfolio-lab/main/data/pdfs/2023-10-19_equity-research-%EC%BD%94%EC%84%B8%EC%8A%A4.pdf
98f5913a5681e6f8,2023-10-19,HD현대일렉트릭,267260,KRX,267260.KS,"Equity Research, HD현대일렉트릭",,140100.0,140100.0,KRW,KRW,upside,71000.0,71000.0,71600.0,0.9732,True,2024-02-26,130.0,1053000.0,1053000.0,2026-05-29,13.831,19.0,-0.0352,6.5161,0.0,1.0,,https://raw.githubusercontent.com/ChoiInYeol/snusmic-portfolio-lab/main/data/pdfs/2023-10-19_equity-research-hd%ED%98%84%EB%8C%80%EC%9D%BC%EB%A0%89%ED%8A%B8%EB%A6%AD.pdf
43cf21f96cadad79,2023-10-19,하이브,352820,KRX,352820.KS,"Equity Research, 하이브",,334500.0,334500.0,KRW,KRW,upside,227500.0,227500.0,244500.0,0.4703,False,,,220000.0,220000.0,2026-05-29,-0.033,0.778,-0.3055,-0.3423,0.5205,0.0,,https://raw.githubusercontent.com/ChoiInYeol/snusmic-portfolio-lab/main/data/pdfs/2023-10-19_equity-research-%ED%95%98%EC%9D%B4%EB%B8%8C-2.pdf
f02894f6b517e70d,2023-11-12,파두,440110,KRX,440110.KQ,"Equity Research, 파두",,34600.0,34600.0,KRW,KRW,upside,19040.0,19040.0,33550.0,0.8172,False,,,112100.0,112100.0,2026-05-29,4.8876,5.7384,-0.5373,2.2399,0.0,1.0,extraction_review:non_buy_rating:Hold,https://raw.githubusercontent.com/ChoiInYeol/snusmic-portfolio-lab/main/data/pdfs/2023-11-12_equity-research-%ED%8C%8C%EB%91%90.pdf
89d8aced121019d6,2023-11-12,DL이앤씨,375500,KRX,375500.KS,"Equity Research, DL이앤씨",,82600.0,82600.0,KRW,KRW,upside,36900.0,36900.0,34800.0,1.2385,False,,,76500.0,76500.0,2026-05-29,1.0732,1.7778,-0.2127,-0.0738,0.0797,0.8665,,https://raw.githubusercontent.com/ChoiInYeol/snusmic-portfolio-lab/main/data/pdfs/2023-11-12_equity-research-dl%EC%9D%B4%EC%95%A4%EC%94%A8.pdf
252af1ebaf6e7424,2023-11-12,효성티앤씨,298020,KRX,298020.KQ,"Equity Research, 효성티앤씨",,514000.0,514000.0,KRW,KRW,upside,370000.0,370000.0,364500.0,0.3892,False,,,363500.0,363500.0,2026-05-29,-0.0176,0.4459,-0.4911,-0.2928,0.414,0.0,,https://raw.githubusercontent.com/ChoiInYeol/snusmic-portfolio-lab/main/data/pdfs/2023-11-12_equity-research-%ED%9A%A8%EC%84%B1%ED%8B%B0%EC%95%A4%EC%94%A8-2.pdf
6288504ba75cd344,2023-11-12,두산테스나,131970,KRX,131970.KQ,"Equity Research, 두산테스나",,66500.0,66500.0,KRW,KRW,upside,53900.0,53900.0,52500.0,0.2338,False,,,157300.0,157300.0,2026-05-29,1.9184,2.5269,-0.59,1.3654,0.0,1.0,,https://raw.githubusercontent.com/ChoiInYeol/snusmic-portfolio-lab/main/data/pdfs/2023-11-12_equity-research-%EB%91%90%EC%82%B0%ED%85%8C%EC%8A%A4%EB%82%98.pdf
f6ba22fa65ef060a,2023-11-22,BYD,1211,HKG,1211.HK,"Equity Research, BYD",,55109.5185,331.7,HKD,HKD,upside,13291.412353515623,13291.4124,238.3,3.1463,False,,,17519.5575,91.3,2026-05-29,0.3181,1.0639,-0.2636,-0.6821,2.1456,0.1011,,https://raw.githubusercontent.com/ChoiInYeol/snusmic-portfolio-lab/main/data/pdfs/2023-11-22_equity-research-byd.pdf
2706f0a40fb7c071,2023-11-22,Eli Lilly & Co.,LLY,NYSE,LLY,"Equity Research, Eli Lilly & Co.",,965175.5443,745.2,USD,USD,upside,770754.6170143783,770754.617,588.8,0.2522,True,2024-02-06,76.0,1665378.6554,1105.0,2026-05-29,1.1607,1.2203,-0.0441,0.7255,0.0,1.0,extraction_review:missing_rating,https://raw.githubusercontent.com/ChoiInYeol/snusmic-portfolio-lab/main/data/pdfs/2023-11-22_equity-research-eli-lilly-co.pdf
616b5a7fe9444744,2023-11-22,Vertiv Holdings Co.,VRT,NYSE,VRT,"Equity Research, Vertiv Holdings Co.",,80262.9207,61.97,USD,USD,upside,56366.6668428909,56366.6668,42.84,0.4239,True,2024-02-02,72.0,475816.001,315.71,2026-05-29,7.4414,8.9442,-0.034,4.9282,0.0,1.0,,https://raw.githubusercontent.com/ChoiInYeol/snusmic-portfolio-lab/main/data/pdfs/2023-11-22_equity-research-vertiv-holdings-co.pdf
2123a3988d72c5e2,2023-11-22,Lonza Group AG,LONN,SIX,LONN.SW,"Equity Research, Lonza Group AG",,602781.3987,412.3717,CHF,CHF,upside,516433.7326453626,516433.7326,353.3,0.1672,True,2024-01-26,65.0,965877.0527,500.4,2026-05-29,0.8703,1.0511,-0.0582,0.6024,0.0,1.0,,https://raw.githubusercontent.com/ChoiInYeol/snusmic-portfolio-lab/main/data/pdfs/2023-11-22_equity-research-lonza-group-ag.pdf
17625b05df5d5a99,2023-11-22,BE Semiconductor Industries N.V.,BESI,AMS,BESI.AS,"Equity Research, BE Semiconductor Industries N.V.",,215908.1632,151.5417,EUR,EUR,upside,168689.67119073495,168689.6712,118.4,0.2799,True,2024-01-24,63.0,499577.0223,284.4,2026-05-29,1.9615,1.9729,-0.23,1.3138,0.0,1.0,,https://raw.githubusercontent.com/ChoiInYeol/snusmic-portfolio-lab/main/data/pdfs/2023-11-22_equity-research-be-semiconductor-industries-n-v.pdf
8756207870a55bd2,2023-12-06,코스맥스,192820,KRX,192820.KS,"Equity Research, 코스맥스",,142000.0,142000.0,KRW,KRW,upside,121000.0,121000.0,112500.0,0.1736,True,2024-04-30,146.0,173700.0,173700.0,2026-05-29,0.4355,1.3306,-0.1669,0.2232,0.0,1.0,,https://raw.githubusercontent.com/ChoiInYeol/snusmic-portfolio-lab/main/data/pdfs/2023-12-06_equity-research-%EC%BD%94%EC%8A%A4%EB%A7%A5%EC%8A%A4-2.pdf
87b49960c560227a,2023-12-06,화승인더,006060,KRX,006060.KS,"Equity Research, 화승인더",,6700.0,6700.0,KRW,KRW,upside,3465.0,3465.0,3505.0,0.9336,False,,,2785.0,2785.0,2026-05-29,-0.1962,0.5209,-0.1962,-0.5843,1.4057,0.0,,https://raw.githubusercontent.com/ChoiInYeol/snusmic-portfolio-lab/main/data/pdfs/2023-12-06_equity-research-%ED%99%94%EC%8A%B9%EC%9D%B8%EB%8D%94-2.pdf
15968b8b703279d7,2023-12-06,아난티,025980,KRX,025980.KS,"Equity Research, 아난티",,12700.0,12700.0,KRW,KRW,upside,6600.0,6600.0,6520.0,0.9242,False,,,5000.0,5000.0,2026-05-29,-0.2424,0.7167,-0.3083,-0.6063,1.54,0.0,,https://raw.githubusercontent.com/ChoiInYeol/snusmic-portfolio-lab/main/data/pdfs/2023-12-06_equity-research-%EC%95%84%EB%82%9C%ED%8B%B0.pdf
125064b6b657b898,2023-12-06,동진쎄미켐,005290,KRX,005290.KS,"Equity Research, 동진쎄미켐",,62950.0,62950.0,KRW,KRW,upside,38850.0,38850.0,37350.0,0.6203,False,,,54700.0,54700.0,2026-05-29,0.408,0.6988,-0.4749,-0.1311,0.1508,0.6577,,https://raw.githubusercontent.com/ChoiInYeol/snusmic-portfolio-lab/main/data/pdfs/2023-12-06_equity-research-%EB%8F%99%EC%A7%84%EC%8E%84%EB%AF%B8%EC%BC%90.pdf
6615fd1894ed9c54,2023-12-06,비에이치,090460,KRX,090460.KS,"Equity Research, 비에이치",,31000.0,31000.0,KRW,KRW,upside,21800.0,21800.0,21250.0,0.422,False,,,30650.0,30650.0,2026-05-29,0.406,0.844,-0.4881,-0.0113,0.0114,0.962,,https://raw.githubusercontent.com/ChoiInYeol/snusmic-portfolio-lab/main/data/pdfs/2023-12-06_equity-research-%EB%B9%84%EC%97%90%EC%9D%B4%EC%B9%98-2.pdf
f4b4743cad6757a2,2024-04-17,현대차,005380,KRX,005380.KS,"Equity Research, 현대차",,314900.0,314900.0,KRW,KRW,upside,233500.0,233500.0,238000.0,0.3486,True,2025-12-05,597.0,723000.0,723000.0,2026-05-29,2.0964,2.0964,-0.2398,1.296,0.0,1.0,,https://raw.githubusercontent.com/ChoiInYeol/snusmic-portfolio-lab/main/data/pdfs/2024-04-17_equity-research-%ED%98%84%EB%8C%80%EC%B0%A8-2.pdf
2ad3482d1c1cdd6b,2024-04-17,에스티팜,237690,KRX,237690.KQ,"Equity Research, 에스티팜",,114301.0,114301.0,KRW,KRW,upside,80900.0,80900.0,83300.0,0.4129,True,2024-08-26,131.0,134100.0,134100.0,2026-05-29,0.6576,1.0853,-0.1681,0.1732,0.0,1.0,,https://raw.githubusercontent.com/ChoiInYeol/snusmic-portfolio-lab/main/data/pdfs/2024-04-17_equity-research-%EC%97%90%EC%8A%A4%ED%8B%B0%ED%8C%9C-3.pdf
d49f749544244267,2024-04-17,한전기술,052690,KRX,052690.KS,"Equity Research, 한전기술",,95000.0,95000.0,KRW,KRW,upside,54400.0,54400.0,58800.0,0.7463,True,2024-07-18,92.0,134300.0,134300.0,2026-05-29,1.4688,2.5809,-0.0846,0.4137,0.0,1.0,,https://raw.githubusercontent.com/ChoiInYeol/snusmic-portfolio-lab/main/data/pdfs/2024-04-17_equity-research-%ED%95%9C%EC%A0%84%EA%B8%B0%EC%88%A0-2.pdf
b0158f20a113fb69,2024-04-17,한화오션,042660,KRX,042660.KS,"Equity Research, 한화오션",,50100.0,50100.0,KRW,KRW,upside,29000.0,29000.0,28500.0,0.7276,True,2025-01-15,273.0,123300.0,123300.0,2026-05-29,3.2517,4.169,-0.0776,1.4611,0.0,1.0,,https://raw.githubusercontent.com/ChoiInYeol/snusmic-portfolio-lab/main/data/pdfs/2024-04-17_equity-research-%ED%95%9C%ED%99%94%EC%98%A4%EC%85%98.pdf
254371e2fffbde07,2024-04-17,한양디지텍,078350,KRX,078350.KS,"Equity Research, 한양디지텍",,47800.0,47800.0,KRW,KRW,upside,22500.0,22500.0,22200.0,1.1244,False,,,31550.0,31550.0,2026-05-29,0.4022,0.8889,-0.6707,-0.34,0.5151,0.3577,,https://raw.githubusercontent.com/ChoiInYeol/snusmic-portfolio-lab/main/data/pdfs/2024-04-17_equity-research-%ED%95%9C%EC%96%91%EB%94%94%EC%A7%80%ED%85%8D.pdf
900365bad5804ccf,2024-05-09,롯데관광개발,032350,KRX,032350.KS,"Equity Research, 롯데관광개발",,19220.0,19220.0,KRW,KRW,upside,9830.0,9830.0,10150.0,0.9552,True,2025-09-18,497.0,19100.0,19100.0,2026-05-29,0.943,1.7009,-0.2309,-0.0062,0.0,0.9872,,https://raw.githubusercontent.com/ChoiInYeol/snusmic-portfolio-lab/main/data/pdfs/2024-05-09_equity-research-%EB%A1%AF%EB%8D%B0%EA%B4%80%EA%B4%91%EA%B0%9C%EB%B0%9C.pdf
da8ce74880802085,2024-05-09,율촌화학,008730,KRX,008730.KS,"Equity Research, 율촌화학",,69000.0,69000.0,KRW,KRW,upside,32750.0,32750.0,32350.0,1.1069,False,,,19640.0,19640.0,2026-05-29,-0.4003,0.2397,-0.4046,-0.7154,2.5132,0.0,,https://raw.githubusercontent.com/ChoiInYeol/snusmic-portfolio-lab/main/data/pdfs/2024-05-09_equity-research-%EC%9C%A8%EC%B4%8C%ED%99%94%ED%95%99.pdf
7eaa6f87b4ef8f44,2024-05-09,알테오젠,196170,KRX,196170.KQ,"Equity Research, 알테오젠",,242200.0,242200.0,KRW,KRW,upside,169900.0,169900.0,180800.0,0.4255,True,2024-06-05,27.0,369000.0,369000.0,2026-05-29,1.1719,2.2902,-0.0324,0.5235,0.0,1.0,,https://raw.githubusercontent.com/ChoiInYeol/snusmic-portfolio-lab/main/data/pdfs/2024-05-09_equity-research-%EC%95%8C%ED%85%8C%EC%98%A4%EC%A0%A0.pdf
5acb22971c94d24f,2024-05-09,데브시스터즈,194480,KRX,194480.KQ,"Equity Research, 데브시스터즈",,87700.0,87700.0,KRW,KRW,upside,50800.0,50800.0,47100.0,0.7264,False,,,16190.0,16190.0,2026-05-29,-0.6813,0.4902,-0.6813,-0.8154,4.4169,0.0,,https://raw.githubusercontent.com/ChoiInYeol/snusmic-portfolio-lab/main/data/pdfs/2024-05-09_equity-research-%EB%8D%B0%EB%B8%8C%EC%8B%9C%EC%8A%A4%ED%84%B0%EC%A6%88-2.pdf
edabc743b3fa8967,2024-05-24,Intuitive Surgical,ISRG,NASDAQ,ISRG,"Equity Research, Intuitive Surgical",,716359.3534,523.8,USD,USD,upside,553680.9633704834,553680.9634,396.43,0.2938,True,2024-10-18,147.0,639987.7074,424.64,2026-05-29,0.1559,0.5826,-0.0194,-0.1066,0.0,0.5305,,https://raw.githubusercontent.com/ChoiInYeol/snusmic-portfolio-lab/main/data/pdfs/2024-05-24_equity-research-intuitive-surgical.pdf
bafddc2de3fbd482,2024-05-24,"OSAKA Titanium Technologies Co.,Ltd.",5726,TYO,5726.T,"Equity Research, OSAKA Titanium Technologies Co.,Ltd.",,37464.2651,4300.0,JPY,JPY,upside,20169.714794158936,20169.7148,2490.0,0.8575,False,,,27567.72,2920.0,2026-05-29,0.3668,0.5359,-0.355,-0.2642,0.359,0.4278,,https://raw.githubusercontent.com/ChoiInYeol/snusmic-portfolio-lab/main/data/pdfs/2024-05-24_equity-research-osaka-titanium-technologies-co-ltd.pdf
6c514ea82bbdec4a,2024-05-24,Palantir Technologies Inc.,PLTR,NASDAQ,PLTR,"Equity Research, Palantir Technologies Inc.",,55921.9816,40.89,USD,USD,upside,28733.696410435485,28733.6964,21.65,0.9462,True,2024-10-09,138.0,235926.1208,156.54,2026-05-29,7.2108,9.2904,-0.0069,3.2188,0.0,1.0,,https://raw.githubusercontent.com/ChoiInYeol/snusmic-portfolio-lab/main/data/pdfs/2024-05-24_equity-research-palantir-technologies-inc.pdf
1986a142e4bb3a97,2024-05-24,Fluence Energy Inc.,FLNC,NASDAQ,FLNC,"Equity Research, Fluence Energy Inc.",,44981.0216,32.89,USD,USD,upside,31797.16488647461,31797.1649,18.24,0.4146,True,2026-01-28,614.0,28454.6132,18.88,2026-05-29,-0.1051,0.4723,-0.8394,-0.3674,0.0,0.0,,https://raw.githubusercontent.com/ChoiInYeol/snusmic-portfolio-lab/main/data/pdfs/2024-05-24_equity-research-fluence-energy-inc.pdf
807e330510c4104c,2024-06-07,쿠쿠홀딩스,192400,KRX,192400.KQ,"Equity Research, 쿠쿠홀딩스",,28900.0,28900.0,KRW,KRW,upside,21900.0,21900.0,21350.0,0.3196,True,2025-05-20,347.0,24900.0,24900.0,2026-05-29,0.137,0.5868,-0.0799,-0.1384,0.0,0.4286,,https://raw.githubusercontent.com/ChoiInYeol/snusmic-portfolio-lab/main/data/pdfs/2024-06-07_equity-research-%EC%BF%A0%EC%BF%A0%ED%99%80%EB%94%A9%EC%8A%A4.pdf
76e64766d8e46565,2024-06-07,케이씨,029460,KRX,029460.KS,"Equity Research, 케이씨",,28100.0,28100.0,KRW,KRW,upside,21300.0,21300.0,21550.0,0.3192,True,2025-10-02,482.0,31900.0,31900.0,2026-05-29,0.4977,0.8873,-0.2676,0.1352,0.0,1.0,,https://raw.githubusercontent.com/ChoiInYeol/snusmic-portfolio-lab/main/data/pdfs/2024-06-07_equity-research-%EC%BC%80%EC%9D%B4%EC%94%A8.pdf
6b2cc6f2924c7060,2024-06-07,넥센,005720,KRX,005720.KS,"Equity Research, 넥센",,6080.0,6080.0,KRW,KRW,upside,4595.0,4595.0,4435.0,0.3232,True,2025-06-04,362.0,6660.0,6660.0,2026-05-29,0.4494,0.7519,-0.0783,0.0954,0.0,1.0,,https://raw.githubusercontent.com/ChoiInYeol/snusmic-portfolio-lab/main/data/pdfs/2024-06-07_equity-research-%EB%84%A5%EC%84%BC.pdf
44609d0e5c225983,2024-06-07,KG스틸,016380,KRX,016380.KS,"Equity Research, KG스틸",,9600.0,9600.0,KRW,KRW,upside,6790.0,6790.0,6790.0,0.4138,False,,,5930.0,5930.0,2026-05-29,-0.1267,0.1031,-0.2563,-0.3823,0.6189,0.0,,https://raw.githubusercontent.com/ChoiInYeol/snusmic-portfolio-lab/main/data/pdfs/2024-06-07_equity-research-kg%EC%8A%A4%ED%8B%B8.pdf
ff506c1298a97f9a,2024-06-07,오리온,271560,KRX,271560.KS,"Equity Research, 오리온",,116200.0,116200.0,KRW,KRW,upside,92400.0,92400.0,92100.0,0.2576,True,2025-03-19,285.0,129600.0,129600.0,2026-05-29,0.4026,0.5801,-0.092,0.1153,0.0,1.0,,https://raw.githubusercontent.com/ChoiInYeol/snusmic-portfolio-lab/main/data/pdfs/2024-06-07_equity-research-%EC%98%A4%EB%A6%AC%EC%98%A8-2.pdf
4cf882eed5b38e99,2024-10-17,HDC현대산업개발,294870,KRX,294870.KS,"Equity Research, HDC현대산업개발",,35600.0,35600.0,KRW,KRW,upside,22400.0,22400.0,22150.0,0.5893,False,,,20550.0,20550.0,2026-05-29,-0.0826,0.2098,-0.2812,-0.4228,0.7324,0.0,,https://raw.githubusercontent.com/ChoiInYeol/snusmic-portfolio-lab/main/data/pdfs/2024-10-17_equity-research-hdc%ED%98%84%EB%8C%80%EC%82%B0%EC%97%85%EA%B0%9C%EB%B0%9C.pdf
4c2dc334664b299b,2024-10-17,SOOP,067160,KRX,067160.KQ,"Equity Research, SOOP",,182500.0,182500.0,KRW,KRW,upside,93700.0,93700.0,96200.0,0.9477,False,,,50400.0,50400.0,2026-05-29,-0.4621,0.365,-0.4739,-0.7238,2.621,0.0,,https://raw.githubusercontent.com/ChoiInYeol/snusmic-portfolio-lab/main/data/pdfs/2024-10-17_equity-research-soop.pdf
a5af3dc5e4745791,2024-10-17,크래프톤,259960,KRX,259960.KQ,"Equity Research, 크래프톤",,600500.0,600500.0,KRW,KRW,upside,334500.0,334500.0,331500.0,0.7952,False,,,257500.0,257500.0,2026-05-29,-0.2302,0.154,-0.3692,-0.5712,1.332,0.0,extraction_review:missing_rating,https://raw.githubusercontent.com/ChoiInYeol/snusmic-portfolio-lab/main/data/pdfs/2024-10-17_equity-research-%ED%81%AC%EB%9E%98%ED%94%84%ED%86%A4.pdf
19571cb8a9cccd3f,2024-10-17,인카금융서비스,211050,KRX,211050.KQ,"Equity Research, 인카금융서비스",,8100.0,8100.0,KRW,KRW,upside,5210.0,5210.0,5080.0,0.5547,True,2025-04-29,194.0,9560.0,9560.0,2026-05-29,0.8349,2.261,-0.0326,0.1802,0.0,1.0,,https://raw.githubusercontent.com/ChoiInYeol/snusmic-portfolio-lab/main/data/pdfs/2024-10-17_equity-research-%EC%9D%B8%EC%B9%B4%EA%B8%88%EC%9C%B5%EC%84%9C%EB%B9%84%EC%8A%A4.pdf
f40ba70b1416ef74,2024-10-17,씨에스윈드,112610,KRX,112610.KS,"Equity Research, 씨에스윈드",,134400.0,134400.0,KRW,KRW,upside,61600.0,61600.0,61500.0,1.1818,False,,,47500.0,47500.0,2026-05-29,-0.2289,0.2484,-0.5057,-0.6466,1.8295,0.0,,https://raw.githubusercontent.com/ChoiInYeol/snusmic-portfolio-lab/main/data/pdfs/2024-10-17_equity-research-%EC%94%A8%EC%97%90%EC%8A%A4%EC%9C%88%EB%93%9C.pdf
bfea9c6b92abf111,2024-11-07,에스트래픽,234300,KRX,234300.KQ,"Equity Research, 에스트래픽",,6900.0,6900.0,KRW,KRW,upside,4195.0,4195.0,4150.0,0.6448,False,,,3010.0,3010.0,2026-05-29,-0.2825,0.0215,-0.2825,-0.5638,1.2924,0.0,,https://raw.githubusercontent.com/ChoiInYeol/snusmic-portfolio-lab/main/data/pdfs/2024-11-07_equity-research-%EC%97%90%EC%8A%A4%ED%8A%B8%EB%9E%98%ED%94%BD.pdf
e4e7907cde7ff1a7,2024-11-07,티엘비,356860,KRX,356860.KQ,"Equity Research, 티엘비",,26000.0,26000.0,KRW,KRW,upside,13850.0,13850.0,13550.0,0.8773,True,2025-07-16,251.0,112800.0,112800.0,2026-05-29,7.1444,8.5235,-0.226,3.3385,0.0,1.0,,https://raw.githubusercontent.com/ChoiInYeol/snusmic-portfolio-lab/main/data/pdfs/2024-11-07_equity-research-%ED%8B%B0%EC%97%98%EB%B9%84.pdf
b76ee313aed5d2f4,2024-11-07,현대모비스,012330,KRX,012330.KS,"Equity Research, 현대모비스",,386100.0,386100.0,KRW,KRW,upside,242500.0,242500.0,248500.0,0.5922,True,2026-01-06,425.0,768000.0,768000.0,2026-05-29,2.167,2.167,-0.033,0.9891,0.0,1.0,,https://raw.githubusercontent.com/ChoiInYeol/snusmic-portfolio-lab/main/data/pdfs/2024-11-07_equity-research-%ED%98%84%EB%8C%80%EB%AA%A8%EB%B9%84%EC%8A%A4-2.pdf
98b34d5d521966a4,2024-11-07,브이티,018290,KRX,018290.KS,"Equity Research, 브이티",,55700.0,55700.0,KRW,KRW,upside,33000.0,33000.0,32500.0,0.6879,False,,,13310.0,13310.0,2026-05-29,-0.5967,0.3455,-0.5967,-0.761,3.1848,0.0,,https://raw.githubusercontent.com/ChoiInYeol/snusmic-portfolio-lab/main/data/pdfs/2024-11-07_equity-research-%EB%B8%8C%EC%9D%B4%ED%8B%B0.pdf
23d9adf40ef1d062,2024-11-07,한국전력,015760,KRX,015760.KS,"Equity Research, 한국전력",,37630.0,37630.0,KRW,KRW,upside,22800.0,22800.0,23050.0,0.6504,True,2025-06-25,230.0,38900.0,38900.0,2026-05-29,0.7061,1.9781,-0.1421,0.0337,0.0,1.0,,https://raw.githubusercontent.com/ChoiInYeol/snusmic-portfolio-lab/main/data/pdfs/2024-11-07_equity-research-%ED%95%9C%EA%B5%AD%EC%A0%84%EB%A0%A5-2.pdf
b3f38ee317977754,2024-11-21,Round One Corp,4680,TYO,4680.T,"Equity Research, Round One Corp",,12599.7663,1400.0,JPY,JPY,upside,9062.831938743591,9062.8319,1063.0,0.3903,True,2024-12-16,25.0,8540.3284,904.6,2026-05-29,-0.0577,0.7117,-0.1676,-0.3222,0.0,0.0,,https://raw.githubusercontent.com/ChoiInYeol/snusmic-portfolio-lab/main/data/pdfs/2024-11-21_equity-research-round-one-corp.pdf
3871aacd23309b30,2024-11-21,Cover Corp,5253,TYO,5253.T,"Equity Research, Cover Corp",,61198.8651,6800.0,JPY,JPY,upside,24344.54855442047,24344.5486,2584.0,1.5139,False,,,15105.6,1600.0,2026-05-29,-0.3795,0.3226,-0.4876,-0.7532,3.0514,0.0,,https://raw.githubusercontent.com/ChoiInYeol/snusmic-portfolio-lab/main/data/pdfs/2024-11-21_equity-research-cover-corp.pdf
42bfead83e507f2d,2024-11-21,Grindr Inc.,GRND,NYSE,GRND,"Equity Research, Grindr Inc.",,34018.0707,24.34,USD,USD,upside,20866.466953619383,20866.467,14.32,0.6303,True,2025-05-08,168.0,18839.1251,12.5,2026-05-29,-0.0972,0.6379,-0.3183,-0.4462,0.0,0.0,extraction_review:missing_rating,https://raw.githubusercontent.com/ChoiInYeol/snusmic-portfolio-lab/main/data/pdfs/2024-11-21_equity-research-grindr-inc.pdf
3d77b9f898008ae2,2024-11-21,Funko Inc.,FNKO,NASDAQ,FNKO,"Equity Research, Funko Inc.",,22501.6819,16.1,USD,USD,upside,14437.414442930603,14437.4144,10.29,0.5586,False,,,8560.4982,5.68,2026-05-29,-0.4071,0.4582,-0.764,-0.6196,1.6285,0.0,,https://raw.githubusercontent.com/ChoiInYeol/snusmic-portfolio-lab/main/data/pdfs/2024-11-21_equity-research-funko-inc.pdf
d06874cf9f0f98b8,2024-11-21,Levi Strauss & Co,LEVI,NYSE,LEVI,"Equity Research, Levi Strauss & Co",,36799.3345,26.33,USD,USD,upside,22319.991695226287,22319.9917,16.76,0.6487,False,,,34965.4173,23.2,2026-05-29,0.5666,0.5997,-0.182,-0.0498,0.0524,0.8733,,https://raw.githubusercontent.com/ChoiInYeol/snusmic-portfolio-lab/main/data/pdfs/2024-11-21_equity-research-levi-strauss-co.pdf
c6d191d72b2077ce,2024-12-05,JYP Ent.,035900,KRX,035900.KQ,"Equity Research, JYP Ent.",,116604.0,116604.0,KRW,KRW,upside,72500.0,72500.0,76400.0,0.6083,False,,,57700.0,57700.0,2026-05-29,-0.2041,0.1738,-0.2166,-0.5052,1.0209,0.0,,https://raw.githubusercontent.com/ChoiInYeol/snusmic-portfolio-lab/main/data/pdfs/2024-12-05_equity-research-jyp-ent-2.pdf
a7d2436e22605d74,2024-12-05,한화엔진,082740,KRX,082740.KS,"Equity Research, 한화엔진",,24352.0,24352.0,KRW,KRW,upside,15140.0,15140.0,16110.0,0.6085,True,2025-01-14,40.0,64200.0,64200.0,2026-05-29,3.2404,4.9115,-0.0614,1.6363,0.0,1.0,,https://raw.githubusercontent.com/ChoiInYeol/snusmic-portfolio-lab/main/data/pdfs/2024-12-05_equity-research-%ED%95%9C%ED%99%94%EC%97%94%EC%A7%84.pdf
918efca8ecaf4fcc,2024-12-05,Advantest Corporation,6857,TYO,6857.T,"Equity Research, Advantest Corporation",,135499.5361,14463.0,JPY,JPY,upside,85358.24332809448,85358.2433,8240.0,0.5874,True,2025-09-18,287.0,247070.9696,26170.0,2026-05-29,1.8945,2.4101,-0.4085,0.8234,0.0,1.0,,https://raw.githubusercontent.com/ChoiInYeol/snusmic-portfolio-lab/main/data/pdfs/2024-12-05_equity-research-advantest-corporation.pdf
d035a6ff1fc0c798,2024-12-05,동성화인텍,033500,KRX,033500.KQ,"Equity Research, 동성화인텍",,20600.0,20600.0,KRW,KRW,upside,13900.0,13900.0,14310.0,0.482,True,2025-01-22,48.0,20500.0,20500.0,2026-05-29,0.4748,1.4496,-0.0698,-0.0049,0.0,0.9851,,https://raw.githubusercontent.com/ChoiInYeol/snusmic-portfolio-lab/main/data/pdfs/2024-12-05_equity-research-%EB%8F%99%EC%84%B1%ED%99%94%EC%9D%B8%ED%85%8D.pdf
151f576bb9361278,2024-12-05,RFHIC,218410,KRX,218410.KQ,"Equity Research, RFHIC",,17650.0,17650.0,KRW,KRW,upside,11900.0,11900.0,12240.0,0.4832,True,2025-02-04,61.0,90100.0,90100.0,2026-05-29,6.5714,8.4538,-0.105,4.1048,0.0,1.0,,https://raw.githubusercontent.com/ChoiInYeol/snusmic-portfolio-lab/main/data/pdfs/2024-12-05_equity-research-rfhic.pdf
d10fea659a518441,2025-04-19,한화에어로스페이스,012450,KRX,012450.KS,"Equity Research, 한화에어로스페이스",,1205000.0,1205000.0,KRW,KRW,upside,830000.0,830000.0,779000.0,0.4518,True,2026-01-09,265.0,1173000.0,1173000.0,2026-05-29,0.4133,0.8518,-0.0614,-0.0266,0.0,0.9147,,https://raw.githubusercontent.com/ChoiInYeol/snusmic-portfolio-lab/main/data/pdfs/2025-04-19_equity-research-%ED%95%9C%ED%99%94%EC%97%90%EC%96%B4%EB%A1%9C%EC%8A%A4%ED%8E%98%EC%9D%B4%EC%8A%A4.pdf
9d989772df4a7b0f,2025-04-19,지엔씨에너지,119850,KRX,119850.KQ,"Equity Research, 지엔씨에너지",,39610.0,39610.0,KRW,KRW,upside,19250.0,19250.0,16950.0,1.0577,True,2025-10-15,179.0,22700.0,22700.0,2026-05-29,0.1792,1.2831,0.0,-0.4269,0.0,0.1694,,https://raw.githubusercontent.com/ChoiInYeol/snusmic-portfolio-lab/main/data/pdfs/2025-04-19_equity-research-%EC%A7%80%EC%97%94%EC%94%A8%EC%97%90%EB%84%88%EC%A7%80.pdf
dc9c54887b60b8a3,2025-04-19,노머스,473980,KRX,473980.KQ,"Equity Research, 노머스",,37950.0,37950.0,KRW,KRW,upside,25400.0,25400.0,24350.0,0.4941,True,2025-08-21,124.0,13850.0,13850.0,2026-05-29,-0.4547,0.437,-0.4547,-0.635,0.0,0.0,,https://raw.githubusercontent.com/ChoiInYeol/snusmic-portfolio-lab/main/data/pdfs/2025-04-19_equity-research-%EB%85%B8%EB%A8%B8%EC%8A%A4.pdf
8b7a226ac2c09a02,2025-04-19,한화비전,489790,KRX,489790.KS,"Equity Research, 한화비전",,111600.0,111600.0,KRW,KRW,upside,55900.0,55900.0,54400.0,0.9964,False,,,67100.0,67100.0,2026-05-29,0.2004,0.6583,-0.3569,-0.3987,0.6632,0.2011,,https://raw.githubusercontent.com/ChoiInYeol/snusmic-portfolio-lab/main/data/pdfs/2025-04-19_equity-research-%ED%95%9C%ED%99%94%EB%B9%84%EC%A0%84.pdf
24474fb2032a5660,2025-04-19,CJ,001040,KRX,001040.KS,"Equity Research, CJ",,143696.0,143696.0,KRW,KRW,upside,114100.0,114100.0,116700.0,0.2594,True,2025-06-04,46.0,161700.0,161700.0,2026-05-29,0.4172,1.0333,-0.0053,0.1253,0.0,1.0,,https://raw.githubusercontent.com/ChoiInYeol/snusmic-portfolio-lab/main/data/pdfs/2025-04-19_equity-research-cj.pdf
93ea8d6194cfd690,2025-05-11,한화솔루션,009830,KRX,009830.KS,"Equity Research, 한화솔루션",,53000.0,53000.0,KRW,KRW,upside,32800.0,32800.0,30300.0,0.6159,True,2026-02-19,284.0,41850.0,41850.0,2026-05-29,0.2759,0.7835,-0.2043,-0.2104,0.0,0.448,,https://raw.githubusercontent.com/ChoiInYeol/snusmic-portfolio-lab/main/data/pdfs/2025-05-11_equity-research-%ED%95%9C%ED%99%94%EC%86%94%EB%A3%A8%EC%85%98-2.pdf
074acdbfeb5be678,2025-05-11,토모큐브,475960,KRX,475960.KQ,"Equity Research, 토모큐브",,64550.0,64550.0,KRW,KRW,upside,21000.0,21000.0,19420.0,2.0738,True,2026-02-23,288.0,45550.0,45550.0,2026-05-29,1.169,2.1571,0.0,-0.2943,0.0,0.5637,,https://raw.githubusercontent.com/ChoiInYeol/snusmic-portfolio-lab/main/data/pdfs/2025-05-11_equity-research-%ED%86%A0%EB%AA%A8%ED%81%90%EB%B8%8C.pdf
d8688cca92a9f924,2025-05-11,에스앤에스텍,101490,KRX,101490.KQ,"Equity Research, 에스앤에스텍",,54700.0,54700.0,KRW,KRW,upside,36100.0,36100.0,34650.0,0.5152,True,2025-08-14,95.0,65800.0,65800.0,2026-05-29,0.8227,1.9114,-0.1053,0.2029,0.0,1.0,,https://raw.githubusercontent.com/ChoiInYeol/snusmic-portfolio-lab/main/data/pdfs/2025-05-11_equity-research-%EC%97%90%EC%8A%A4%EC%95%A4%EC%97%90%EC%8A%A4%ED%85%8D.pdf
b28f6fdfc2ee056e,2025-05-25,Life360 Inc,LIF,NASDAQ,LIF,"Equity Research, Life360 Inc",,142830.5525,103.4,USD,USD,upside,85711.46555801388,85711.4656,62.0499,0.6664,True,2025-09-08,106.0,64037.9564,42.49,2026-05-29,-0.2529,0.8191,-0.3451,-0.5517,0.0,0.0,entry_price_native_inferred,https://raw.githubusercontent.com/ChoiInYeol/snusmic-portfolio-lab/main/data/pdfs/2025-05-25_equity-research-life360-inc.pdf
afafe74c5dc92db9,2025-05-25,Doximity,DOCS,NYSE,DOCS,"Equity Research, Doximity",,142664.7917,103.28,USD,USD,upside,71278.00664047245,71278.0066,46.25,1.0015,False,,,32252.5815,21.4,2026-05-29,-0.5475,0.4846,-0.6236,-0.7739,3.4234,0.0,extraction_review:note_case_target_ambiguous,https://raw.githubusercontent.com/ChoiInYeol/snusmic-portfolio-lab/main/data/pdfs/2025-05-25_equity-research-doximity.pdf
bb8b54c6c0db0df2,2025-05-25,Sportradar,SRAD,NASDAQ,SRAD,"Equity Research, Sportradar",,52380.4115,37.92,USD,USD,upside,32601.822313835142,32601.8223,23.72,0.6067,False,,,19909.1874,13.21,2026-05-29,-0.3893,0.3579,-0.4621,-0.6199,1.631,0.0,extraction_review:missing_rating,https://raw.githubusercontent.com/ChoiInYeol/snusmic-portfolio-lab/main/data/pdfs/2025-05-25_equity-research-sportradar.pdf
91d1a46a03353151,2025-05-25,Tempus AI Inc,TEM,NASDAQ,TEM,"Equity Research, Tempus AI Inc",,315636.1822,228.5,USD,USD,upside,90116.74914944451,90116.7491,62.6,2.5025,False,,,76064.8532,50.47,2026-05-29,-0.1559,0.6207,-0.298,-0.759,3.1496,0.0,,https://raw.githubusercontent.com/ChoiInYeol/snusmic-portfolio-lab/main/data/pdfs/2025-05-25_equity-research-tempus-ai-inc.pdf
a3c8fafb9892885e,2025-05-25,Cellebrite DI,CLBT,NASDAQ,CLBT,"Equity Research, Cellebrite DI",,41025.797,29.7,USD,USD,upside,23476.5953722992,23476.5954,17.27,0.7475,False,,,22200.0243,14.73,2026-05-29,-0.0544,0.2078,-0.3078,-0.4589,0.848,0.0,,https://raw.githubusercontent.com/ChoiInYeol/snusmic-portfolio-lab/main/data/pdfs/2025-05-25_equity-research-cellebrite-di.pdf
6045b80eb31dfc42,2025-06-10,애니플러스,310200,KRX,310200.KQ,"Equity Research, 애니플러스",,7680.0,7680.0,KRW,KRW,upside,3995.0,3995.0,3550.0,0.9224,False,,,2200.0,2200.0,2026-05-29,-0.4493,0.4768,-0.4493,-0.7135,2.4909,0.0,,https://raw.githubusercontent.com/ChoiInYeol/snusmic-portfolio-lab/main/data/pdfs/2025-06-10_equity-research-%EC%95%A0%EB%8B%88%ED%94%8C%EB%9F%AC%EC%8A%A4-2.pdf
3dd9258766a7bcef,2025-06-10,월덱스,101160,KRX,101160.KQ,"Equity Research, 월덱스",,26250.0,26250.0,KRW,KRW,upside,19490.0,19490.0,19010.0,0.3468,True,2025-07-11,31.0,25650.0,25650.0,2026-05-29,0.3161,0.7932,0.0,-0.0229,0.0,0.9112,,https://raw.githubusercontent.com/ChoiInYeol/snusmic-portfolio-lab/main/data/pdfs/2025-06-10_equity-research-%EC%9B%94%EB%8D%B1%EC%8A%A4.pdf
891215e30e9ee8b4,2025-06-10,폰드그룹,472850,KRX,472850.KQ,"Equity Research, 폰드그룹",,16057.0,16057.0,KRW,KRW,upside,4600.67138671875,4600.6714,8480.0,2.4901,False,,,4295.0,4295.0,2026-05-29,-0.0664,0.5606,-0.0664,-0.7325,2.7385,0.0,,https://raw.githubusercontent.com/ChoiInYeol/snusmic-portfolio-lab/main/data/pdfs/2025-06-10_equity-research-%ED%8F%B0%EB%93%9C%EA%B7%B8%EB%A3%B9.pdf
abbac514215ca627,2025-06-10,고려신용정보,049720,KRX,049720.KQ,"Equity Research, 고려신용정보",,18600.0,18600.0,KRW,KRW,upside,9990.0,9990.0,10400.0,0.8619,False,,,9690.0,9690.0,2026-05-29,-0.03,0.1241,-0.032,-0.479,0.9195,0.0,,https://raw.githubusercontent.com/ChoiInYeol/snusmic-portfolio-lab/main/data/pdfs/2025-06-10_equity-research-%EA%B3%A0%EB%A0%A4%EC%8B%A0%EC%9A%A9%EC%A0%95%EB%B3%B4-2.pdf
444fe65d5237a1d8,2025-06-10,아이스크림미디어,461300,KRX,461300.KQ,"Equity Research, 아이스크림미디어",,25700.0,25700.0,KRW,KRW,upside,18650.0,18650.0,15780.0,0.378,True,2025-09-22,104.0,16550.0,16550.0,2026-05-29,-0.1126,0.4102,-0.229,-0.356,0.0,0.0,,https://raw.githubusercontent.com/ChoiInYeol/snusmic-portfolio-lab/main/data/pdfs/2025-06-10_equity-research-%EC%95%84%EC%9D%B4%EC%8A%A4%ED%81%AC%EB%A6%BC%EB%AF%B8%EB%94%94.pdf
9ea31c54d63ef212,2025-10-23,로보티즈,108490,KRX,108490.KQ,"Equity Research, 로보티즈",,355800.0,355800.0,KRW,KRW,upside,187000.0,187000.0,192200.0,0.9027,True,2026-01-30,99.0,325500.0,325500.0,2026-05-29,0.7406,1.0187,0.0,-0.0852,0.0,0.8205,,https://raw.githubusercontent.com/ChoiInYeol/snusmic-portfolio-lab/main/data/pdfs/2025-10-23_equity-research-%EB%A1%9C%EB%B3%B4%ED%8B%B0%EC%A6%88.pdf
2427c05877a23528,2025-10-23,마이크로컨텍솔,098120,KRX,098120.KQ,"Equity Research, 마이크로컨텍솔",,58200.0,58200.0,KRW,KRW,upside,27100.0,27100.0,26300.0,1.1476,False,,,31000.0,31000.0,2026-05-29,0.1439,0.4649,-0.4129,-0.4674,0.8774,0.1254,,https://raw.githubusercontent.com/ChoiInYeol/snusmic-portfolio-lab/main/data/pdfs/2025-10-23_equity-research-%EB%A7%88%EC%9D%B4%ED%81%AC%EB%A1%9C%EC%BB%A8%ED%85%8D%EC%86%94.pdf
b8e4eb25010494a7,2025-10-23,Coreweave,CRWV,NASDAQ,CRWV,"Equity Research, Coreweave",,344726.4059,241.0,USD,USD,upside,176425.53377294913,176425.5338,140.0,0.9539,False,,,165075.9476,109.53,2026-05-29,-0.0643,0.1528,-0.4615,-0.5211,1.0883,0.0,,https://raw.githubusercontent.com/ChoiInYeol/snusmic-portfolio-lab/main/data/pdfs/2025-10-23_equity-research-coreweave.pdf
a45f9d90222e517c,2025-10-23,Corning,GLW,NYSE,GLW,"Equity Research, Corning",,205977.6035,144.0,USD,USD,upside,122785.5328574218,122785.5329,86.24,0.6775,True,2026-02-23,123.0,273031.6772,181.16,2026-05-29,1.2236,1.5272,-0.0683,0.3255,0.0,1.0,,https://raw.githubusercontent.com/ChoiInYeol/snusmic-portfolio-lab/main/data/pdfs/2025-10-23_equity-research-corning-3.pdf
590bbdbb186eccf6,2025-10-23,하이브,352820,KRX,352820.KS,"Equity Research, 하이브",,393000.0,393000.0,KRW,KRW,upside,288500.0,288500.0,269500.0,0.3622,True,2026-01-23,92.0,220000.0,220000.0,2026-05-29,-0.2374,0.4021,-0.2374,-0.4402,0.0,0.0,,https://raw.githubusercontent.com/ChoiInYeol/snusmic-portfolio-lab/main/data/pdfs/2025-10-23_equity-research-%ED%95%98%EC%9D%B4%EB%B8%8C-3.pdf
370191c7afc9d3fc,2025-11-11,두산,000150,KRX,000150.KS,"Equity Research, 두산",,1874000.0,1874000.0,KRW,KRW,upside,1014000.0,1014000.0,949000.0,0.8481,True,2026-05-06,176.0,1972000.0,1972000.0,2026-05-29,0.9448,0.9448,-0.2633,0.0523,0.0,1.0,,https://raw.githubusercontent.com/ChoiInYeol/snusmic-portfolio-lab/main/data/pdfs/2025-11-11_equity-research-%EB%91%90%EC%82%B0.pdf
f0cba38be64424ad,2025-11-11,한국카본,017960,KRX,017960.KS,"Equity Research, 한국카본",,64000.0,64000.0,KRW,KRW,upside,32000.0,32000.0,36600.0,1.0,False,,,32250.0,32250.0,2026-05-29,0.0078,0.6313,-0.1687,-0.4961,0.9845,0.0078,,https://raw.githubusercontent.com/ChoiInYeol/snusmic-portfolio-lab/main/data/pdfs/2025-11-11_equity-research-%ED%95%9C%EA%B5%AD%EC%B9%B4%EB%B3%B8-3.pdf
9783da1e007737e2,2025-11-11,코오롱티슈진,950160,KRX,950160.KQ,"Equity Research, 코오롱티슈진",,121000.0,121000.0,KRW,KRW,upside,47600.0,47600.0,44800.0,1.542,True,2026-03-26,135.0,98900.0,98900.0,2026-05-29,1.0777,1.916,0.0,-0.1826,0.0,0.6989,,https://raw.githubusercontent.com/ChoiInYeol/snusmic-portfolio-lab/main/data/pdfs/2025-11-11_equity-research-%EC%BD%94%EC%98%A4%EB%A1%B1%ED%8B%B0%EC%8A%88%EC%A7%84.pdf
26a1eefc429193c6,2025-11-11,지투지바이오,456160,KRX,456160.KQ,"Equity Research, 지투지바이오",,319800.0,319800.0,KRW,KRW,upside,89600.0,89600.0,55696.0,2.5692,False,,,58200.0,58200.0,2026-05-29,-0.3504,0.3259,-0.3661,-0.818,4.4948,0.0,,https://raw.githubusercontent.com/ChoiInYeol/snusmic-portfolio-lab/main/data/pdfs/2025-11-11_equity-research-%EC%A7%80%ED%88%AC%EC%A7%80%EB%B0%94%EC%9D%B4%EC%98%A4.pdf
98a3453a7f6ebe08,2025-11-11,풍산,103140,KRX,103140.KS,"Equity Research, 풍산",,120700.0,120700.0,KRW,KRW,upside,102200.0,102200.0,110000.0,0.181,True,2026-01-09,59.0,80200.0,80200.0,2026-05-29,-0.2153,0.2838,-0.2153,-0.3355,0.0,0.0,extraction_review:non_buy_rating:Hold,https://raw.githubusercontent.com/ChoiInYeol/snusmic-portfolio-lab/main/data/pdfs/2025-11-11_equity-research-%ED%92%8D%EC%82%B0-2.pdf
cfa62286ec8e7734,2025-12-01,Iradimed Corporation,IRMD,NASDAQ,IRMD,"Equity Research, Iradimed Corporation",,213980.5193,146.0,USD,USD,upside,135291.37817109376,135291.3782,92.3116,0.5816,False,,,136636.4118,90.66,2026-05-29,0.0099,0.1522,-0.0892,-0.3615,0.5661,0.0171,entry_price_native_inferred,https://raw.githubusercontent.com/ChoiInYeol/snusmic-portfolio-lab/main/data/pdfs/2025-12-01_equity-research-iradimed-corporation.pdf
3b0f47d453265251,2025-12-01,Sensient Technologies Corp,SXT,NYSE,SXT,"Equity Research, Sensient Technologies Corp",,348817.5588,238.0,USD,USD,upside,140186.55476931762,140186.5548,95.6515,1.4882,False,,,171586.7488,113.85,2026-05-29,0.224,0.3201,-0.1183,-0.5081,1.0329,0.1505,entry_price_native_inferred|extraction_review:missing_rating,https://raw.githubusercontent.com/ChoiInYeol/snusmic-portfolio-lab/main/data/pdfs/2025-12-01_equity-research-sensient-technologies-corp.pdf
554d2e862320e96a,2025-12-01,IMAX Corp,IMAX,NYSE,IMAX,"Equity Research, IMAX Corp",,80022.8517,54.6,USD,USD,upside,53993.44084375305,53993.4408,35.4,0.4821,False,,,59802.9191,39.68,2026-05-29,0.1076,0.1362,-0.0931,-0.2527,0.3381,0.2232,extraction_review:missing_rating,https://raw.githubusercontent.com/ChoiInYeol/snusmic-portfolio-lab/main/data/pdfs/2025-12-01_equity-research-imax-corp.pdf
25e4f4697656dffa,2025-12-01,JAC recruitment Co. Ltd,2124,TYO,2124.T,"Equity Research, JAC recruitment Co. Ltd",,15847.843,1686.0,JPY,JPY,upside,10198.641567230225,10198.6416,1108.0,0.5539,False,,,7996.527,847.0,2026-05-29,-0.2159,0.0303,-0.2388,-0.4954,0.9818,0.0,,https://raw.githubusercontent.com/ChoiInYeol/snusmic-portfolio-lab/main/data/pdfs/2025-12-01_equity-research-jac-recruitment-co-ltd.pdf
69575019ea6dce78,2025-12-01,Establishment Labs Holdings,ESTA,NASDAQ,ESTA,"Equity Research, Establishment Labs Holdings",,174057.0306,118.76,USD,USD,upside,99354.38081080932,99354.3808,66.05,0.7519,False,,,106539.0237,70.69,2026-05-29,0.0723,0.1565,-0.1705,-0.3879,0.6337,0.0962,,https://raw.githubusercontent.com/ChoiInYeol/snusmic-portfolio-lab/main/data/pdfs/2025-12-01_equity-research-establishment-labs-holdings.pdf
afb1d9eef8e32a49,2025-12-15,S-oil,010950,KRX,010950.KS,"Equity Research, S-oil",,128400.0,128400.0,KRW,KRW,upside,86400.0,86400.0,80500.0,0.4861,True,2026-03-03,78.0,107400.0,107400.0,2026-05-29,0.2431,0.6354,-0.0706,-0.1636,0.0,0.5,,https://raw.githubusercontent.com/ChoiInYeol/snusmic-portfolio-lab/main/data/pdfs/2025-12-15_equity-research-s-oil-4.pdf
33e51b94729d7750,2025-12-15,예스티,122640,KRX,122640.KQ,"Equity Research, 예스티",,40500.0,40500.0,KRW,KRW,upside,17970.0,17970.0,19000.0,1.2538,False,,,26600.0,26600.0,2026-05-29,0.4802,0.7863,-0.0729,-0.3432,0.5226,0.383,,https://raw.githubusercontent.com/ChoiInYeol/snusmic-portfolio-lab/main/data/pdfs/2025-12-15_equity-research-%EC%98%88%EC%8A%A4%ED%8B%B0-2.pdf
81b5548d4613ed52,2025-12-15,파마리서치,214450,KRX,214450.KQ,"Equity Research, 파마리서치",,805000.0,805000.0,KRW,KRW,upside,380500.0,380500.0,401500.0,1.1156,False,,,295000.0,295000.0,2026-05-29,-0.2247,0.4034,-0.2576,-0.6335,1.7288,0.0,,https://raw.githubusercontent.com/ChoiInYeol/snusmic-portfolio-lab/main/data/pdfs/2025-12-15_equity-research-%ED%8C%8C%EB%A7%88%EB%A6%AC%EC%84%9C%EC%B9%98-2.pdf
b724efa4bec6fd8e,2025-12-15,Lumentum Holdings Inc,LITE,NASDAQ,LITE,"Equity Research, Lumentum Holdings Inc",,734437.1303,498.63,USD,USD,upside,492968.2629355714,492968.2629,327.85,0.4898,True,2026-02-05,52.0,1288535.9021,854.96,2026-05-29,1.6138,2.1205,-0.0589,0.7545,0.0,1.0,,https://raw.githubusercontent.com/ChoiInYeol/snusmic-portfolio-lab/main/data/pdfs/2025-12-15_equity-research-lumentum-holdings-inc.pdf
e711a4b15b4d7167,2026-04-16,SK오션플랜트,100090,KRX,100090.KS,"Equity Research, SK오션플랜트",,41600.0,41600.0,KRW,KRW,upside,23950.0,23950.0,23300.0,0.737,False,,,17010.0,17010.0,2026-05-29,-0.2898,0.0251,-0.2898,-0.5911,1.4456,0.0,,https://raw.githubusercontent.com/ChoiInYeol/snusmic-portfolio-lab/main/data/pdfs/2026-04-16_equity-research-sk%EC%98%A4%EC%85%98%ED%94%8C%EB%9E%9C%ED%8A%B8.pdf
9b1ba6904e3832d1,2026-04-16,세아제강,306200,KRX,306200.KS,"Equity Research, 세아제강",,286700.0,286700.0,KRW,KRW,upside,147000.0,147000.0,156400.0,0.9503,False,,,142200.0,142200.0,2026-05-29,-0.0327,0.2449,-0.0327,-0.504,1.0162,0.0,,https://raw.githubusercontent.com/ChoiInYeol/snusmic-portfolio-lab/main/data/pdfs/2026-04-16_equity-research-%EC%84%B8%EC%95%84%EC%A0%9C%EA%B0%95.pdf
cfc5e7b11b6755e1,2026-04-16,Golar LNG,GLNG,NASDAQ,GLNG,"Equity Research, Golar LNG",,144163.0737,97.8,USD,USD,upside,78552.66187200323,78552.6619,53.2912,0.8352,False,,,74979.7177,49.75,2026-05-29,-0.0455,0.0879,-0.0586,-0.4799,0.9227,0.0,entry_price_native_inferred,https://raw.githubusercontent.com/ChoiInYeol/snusmic-portfolio-lab/main/data/pdfs/2026-04-16_equity-research-golar-lng.pdf
23d6d08a6edd02cd,2026-04-16,Camtek,CAMT,NASDAQ,CAMT,"Equity Research, Camtek",,351813.9142,238.67,USD,USD,upside,266259.47558134794,266259.4756,176.51,0.3213,False,,,258713.9422,171.66,2026-05-29,-0.0283,0.1544,-0.1407,-0.2646,0.3599,0.0,,https://raw.githubusercontent.com/ChoiInYeol/snusmic-portfolio-lab/main/data/pdfs/2026-04-16_equity-research-camteck.pdf
fee8fb34906543bb,2026-04-16,비츠로셀,082920,KRX,082920.KS,"Equity Research, 비츠로셀",,78450.0,78450.0,KRW,KRW,upside,56500.0,56500.0,45250.0,0.3885,False,,,52600.0,52600.0,2026-05-29,-0.069,0.1345,-0.0796,-0.3295,0.4914,0.0,,https://raw.githubusercontent.com/ChoiInYeol/snusmic-portfolio-lab/main/data/pdfs/2026-04-16_equity-research-%EB%B9%84%EC%B8%A0%EB%A1%9C%EC%85%80-3.pdf
41254a03f7b64f67,2026-05-02,샘씨엔에스,252990,KRX,252990.KS,"Equity Research, 샘씨엔에스",,22240.0,22240.0,KRW,KRW,upside,14130.0,14130.0,14260.0,0.574,False,,,12950.0,12950.0,2026-05-29,-0.0835,0.0573,-0.1706,-0.4177,0.7174,0.0,,https://raw.githubusercontent.com/ChoiInYeol/snusmic-portfolio-lab/main/data/pdfs/2026-05-02_equity-research-%EC%83%98%EC%94%A8%EC%97%94%EC%97%90%EC%8A%A4.pdf
21420bf57c7d6bf5,2026-05-02,나노,187790,KRX,187790.KS,"Equity Research, 나노",,16310.0,16310.0,KRW,KRW,upside,6360.0,6360.0,6100.0,1.5645,False,,,6410.0,6410.0,2026-05-29,0.0079,0.1447,-0.0786,-0.607,1.5445,0.005,,https://raw.githubusercontent.com/ChoiInYeol/snusmic-portfolio-lab/main/data/pdfs/2026-05-02_equity-research-%EB%82%98%EB%85%B8.pdf
c872873efe9f7fb1,2026-05-02,HD현대마린솔루션,443060,KRX,443060.KS,"Equity Research, HD현대마린솔루션",,393000.0,393000.0,KRW,KRW,upside,269500.0,269500.0,263500.0,0.4583,False,,,224000.0,224000.0,2026-05-29,-0.1688,0.0,-0.2004,-0.43,0.7545,0.0,,https://raw.githubusercontent.com/ChoiInYeol/snusmic-portfolio-lab/main/data/pdfs/2026-05-02_equity-research-hd%ED%98%84%EB%8C%80%EB%A7%88%EB%A6%B0%EC%86%94%EB%A3%A8%EC%85%98.pdf
9c5dd10f00cf4a7c,2026-05-02,코스텍시스,355150,KRX,355150.KS,"Equity Research, 코스텍시스",,112400.0,112400.0,KRW,KRW,upside,51100.0,51100.0,51000.0,1.1996,False,,,38350.0,38350.0,2026-05-29,-0.2495,0.1526,-0.2495,-0.6588,1.9309,0.0,,https://raw.githubusercontent.com/ChoiInYeol/snusmic-portfolio-lab/main/data/pdfs/2026-05-02_equity-research-%EC%BD%94%EC%8A%A4%ED%85%8D%EC%8B%9C%EC%8A%A4.pdf
7ff80555314e6b82,2026-05-06,덕산네오룩스,213420,KRX,213420.KS,"Equity Research, 덕산네오룩스",,91200.0,91200.0,KRW,KRW,upside,52500.0,52500.0,51200.0,0.7371,False,,,38850.0,38850.0,2026-05-29,-0.26,0.0,-0.26,-0.574,1.3475,0.0,,https://raw.githubusercontent.com/ChoiInYeol/snusmic-portfolio-lab/main/data/pdfs/2026-05-06_equity-research-%EB%8D%95%EC%82%B0%EB%84%A4%EC%98%A4%EB%A3%A9%EC%8A%A4.pdf
