trial_number,train_rank,accepted,admission_status,excess_return_vs_best_benchmark,label,persona_name,min_target_upside_at_pub,max_target_upside_at_pub,target_hit_multiplier,require_mtt,min_price_vs_52w_low,max_pct_below_52w_high,min_ma200_1m_return,max_positions,universe,top_up_cadence,stop_loss_pct,take_profit_pct,report_age_stop_days,source_trial_number,selection_rank,train_money_weighted_return,train_score,train_max_drawdown,train_trade_count,train_open_positions,full_money_weighted_return,full_net_profit_krw,full_final_equity_krw,full_max_drawdown,full_trade_count,full_open_positions
151,1,False,below_benchmark,-0.0309,SMIC MTT Strategy,smic_mtt_strategy,0.1,4.25,1.1,True,0.0,0.2,0.05,15,all,monthly,0.15,3.0,365,,,0.5308,0.4516,0.2261,60,2,0.3931,178546274.4189,280546274.4189,0.4825,122,4
303,2,False,below_benchmark,-0.0309,SMIC MTT Strategy,smic_mtt_strategy,0.1,4.5,1.1,True,0.0,0.2,0.05,15,all,monthly,0.15,2.75,365,,,0.5308,0.4516,0.2261,60,2,0.3931,178546274.4189,280546274.4189,0.4825,122,4
304,3,False,below_benchmark,-0.0309,SMIC MTT Strategy,smic_mtt_strategy,0.15,4.5,1.1,True,0.0,0.2,0.05,15,all,monthly,0.15,2.75,365,,,0.5308,0.4516,0.2261,60,2,0.3931,178546274.4189,280546274.4189,0.4825,122,4
305,4,False,below_benchmark,-0.0309,SMIC MTT Strategy,smic_mtt_strategy,0.15,4.5,1.1,True,0.0,0.2,0.05,15,all,monthly,0.15,3.0,730,,,0.5308,0.4516,0.2261,60,2,0.3931,178546274.4189,280546274.4189,0.4825,122,4
307,5,False,below_benchmark,-0.0309,SMIC MTT Strategy,smic_mtt_strategy,0.15,4.5,1.1,True,0.0,0.2,0.05,15,all,monthly,0.15,2.75,730,,,0.5308,0.4516,0.2261,60,2,0.3931,178546274.4189,280546274.4189,0.4825,122,4
308,6,False,below_benchmark,-0.0309,SMIC MTT Strategy,smic_mtt_strategy,0.15,4.5,1.1,True,0.0,0.2,0.05,20,all,monthly,0.15,2.75,730,,,0.5308,0.4516,0.2261,60,2,0.3931,178546274.4189,280546274.4189,0.4825,122,4
317,9,False,below_benchmark,-0.0309,SMIC MTT Strategy,smic_mtt_strategy,0.15,4.5,1.1,True,0.1,0.2,0.05,20,all,monthly,0.15,2.75,730,,,0.5308,0.4516,0.2261,60,2,0.3931,178546274.4189,280546274.4189,0.4825,122,4
335,16,False,below_benchmark,-0.0309,SMIC MTT Strategy,smic_mtt_strategy,0.15,4.25,1.1,True,0.1,0.2,0.05,20,all,monthly,0.15,2.75,730,,,0.5308,0.4516,0.2261,60,2,0.3931,178546274.4189,280546274.4189,0.4825,122,4
337,17,False,below_benchmark,-0.0309,SMIC MTT Strategy,smic_mtt_strategy,0.15,4.25,1.1,True,0.1,0.2,0.05,20,all,monthly,0.15,2.5,730,,,0.5308,0.4516,0.2261,60,2,0.3931,178546274.4189,280546274.4189,0.4825,122,4
346,22,False,below_benchmark,-0.0309,SMIC MTT Strategy,smic_mtt_strategy,0.15,4.0,1.1,True,0.2,0.2,0.05,20,all,monthly,0.15,2.75,730,,,0.5308,0.4516,0.2261,60,2,0.3931,178546274.4189,280546274.4189,0.4825,122,4
347,23,False,below_benchmark,-0.0309,SMIC MTT Strategy,smic_mtt_strategy,0.15,4.25,1.1,True,0.2,0.2,0.05,20,all,monthly,0.15,2.75,730,,,0.5308,0.4516,0.2261,60,2,0.3931,178546274.4189,280546274.4189,0.4825,122,4
365,32,False,below_benchmark,-0.0309,SMIC MTT Strategy,smic_mtt_strategy,0.15,3.5,1.1,True,0.2,0.2,0.05,20,all,monthly,0.15,2.75,730,,,0.5308,0.4516,0.2261,60,2,0.3931,178546274.4189,280546274.4189,0.4825,122,4
367,33,False,below_benchmark,-0.0309,SMIC MTT Strategy,smic_mtt_strategy,0.15,4.0,1.1,True,0.1,0.2,0.05,20,all,monthly,0.15,2.75,730,,,0.5308,0.4516,0.2261,60,2,0.3931,178546274.4189,280546274.4189,0.4825,122,4
376,35,False,below_benchmark,-0.0309,SMIC MTT Strategy,smic_mtt_strategy,0.15,4.5,1.1,True,0.1,0.2,0.05,20,all,monthly,0.15,2.5,730,,,0.5308,0.4516,0.2261,60,2,0.3931,178546274.4189,280546274.4189,0.4825,122,4
385,39,False,below_benchmark,-0.0309,SMIC MTT Strategy,smic_mtt_strategy,0.15,4.0,1.1,True,0.1,0.2,0.05,20,all,quarterly,0.15,2.5,730,,,0.5308,0.4516,0.2261,60,2,0.3931,178546274.4189,280546274.4189,0.4825,122,4
396,43,False,below_benchmark,-0.0309,SMIC MTT Strategy,smic_mtt_strategy,0.15,4.25,1.1,True,0.2,0.2,0.05,20,all,monthly,0.15,2.5,730,,,0.5308,0.4516,0.2261,60,2,0.3931,178546274.4189,280546274.4189,0.4825,122,4
168,45,True,accepted,0.0574,SMIC MTT Strategy,smic_mtt_strategy,0.1,4.75,1.1,True,0.0,0.25,0.05,15,all,monthly,0.15,3.0,365,,,0.5308,0.4516,0.2261,59,2,0.4814,248213239.5184,350213239.5184,0.469,120,3
176,51,False,duplicate_behavior,0.0574,SMIC MTT Strategy,smic_mtt_strategy,0.1,4.75,1.1,True,0.0,0.3,0.05,15,all,monthly,0.15,3.0,365,,,0.5308,0.4516,0.2261,59,2,0.4814,248213239.5184,350213239.5184,0.469,120,3
185,58,False,duplicate_behavior,0.0574,SMIC MTT Strategy,smic_mtt_strategy,0.1,4.75,1.1,True,0.0,0.3,0.05,15,all,deposit_only,0.15,3.0,365,,,0.5308,0.4516,0.2261,59,2,0.4814,248213239.5184,350213239.5184,0.469,120,3
197,66,False,duplicate_behavior,0.0574,SMIC MTT Strategy,smic_mtt_strategy,0.1,5.0,1.1,True,0.0,0.3,0.05,15,all,deposit_only,0.15,3.0,365,,,0.5308,0.4516,0.2261,59,2,0.4814,248213239.5184,350213239.5184,0.469,120,3
215,77,False,duplicate_behavior,0.0574,SMIC MTT Strategy,smic_mtt_strategy,0.15,4.5,1.1,True,0.0,0.3,0.05,15,all,deposit_only,0.15,3.0,365,,,0.5308,0.4516,0.2261,59,2,0.4814,248213239.5184,350213239.5184,0.469,120,3
224,83,False,duplicate_behavior,0.0574,SMIC MTT Strategy,smic_mtt_strategy,0.1,4.75,1.1,True,0.0,0.25,0.05,15,all,deposit_only,0.15,3.0,365,,,0.5308,0.4516,0.2261,59,2,0.4814,248213239.5184,350213239.5184,0.469,120,3
229,86,False,duplicate_behavior,0.0574,SMIC MTT Strategy,smic_mtt_strategy,0.1,4.5,1.1,True,0.0,0.25,0.05,15,all,deposit_only,0.15,3.0,365,,,0.5308,0.4516,0.2261,59,2,0.4814,248213239.5184,350213239.5184,0.469,120,3
236,91,False,duplicate_behavior,0.0574,SMIC MTT Strategy,smic_mtt_strategy,0.1,4.75,1.1,True,0.0,0.25,0.05,15,all,quarterly,0.15,3.0,365,,,0.5308,0.4516,0.2261,59,2,0.4814,248213239.5184,350213239.5184,0.469,120,3
245,96,False,duplicate_behavior,0.0574,SMIC MTT Strategy,smic_mtt_strategy,0.1,4.5,1.1,True,0.0,0.3,0.05,15,all,deposit_only,0.15,3.0,365,,,0.5308,0.4516,0.2261,59,2,0.4814,248213239.5184,350213239.5184,0.469,120,3
246,97,False,duplicate_behavior,0.0574,SMIC MTT Strategy,smic_mtt_strategy,0.15,4.75,1.1,True,0.0,0.3,0.05,15,all,deposit_only,0.15,3.0,365,,,0.5308,0.4516,0.2261,59,2,0.4814,248213239.5184,350213239.5184,0.469,120,3
252,100,False,duplicate_behavior,0.0574,SMIC MTT Strategy,smic_mtt_strategy,0.15,4.75,1.1,True,0.0,0.25,0.05,15,all,monthly,0.15,3.0,365,,,0.5308,0.4516,0.2261,59,2,0.4814,248213239.5184,350213239.5184,0.469,120,3
258,102,False,duplicate_behavior,0.0574,SMIC MTT Strategy,smic_mtt_strategy,0.1,5.0,1.1,True,0.0,0.3,0.05,15,all,monthly,0.15,3.0,365,,,0.5308,0.4516,0.2261,59,2,0.4814,248213239.5184,350213239.5184,0.469,120,3
261,104,False,duplicate_behavior,0.0574,SMIC MTT Strategy,smic_mtt_strategy,0.15,5.0,1.1,True,0.0,0.3,0.05,15,all,deposit_only,0.15,3.0,365,,,0.5308,0.4516,0.2261,59,2,0.4814,248213239.5184,350213239.5184,0.469,120,3
269,107,False,duplicate_behavior,0.0574,SMIC MTT Strategy,smic_mtt_strategy,0.15,4.5,1.1,True,0.0,0.25,0.05,15,all,monthly,0.15,3.0,365,,,0.5308,0.4516,0.2261,59,2,0.4814,248213239.5184,350213239.5184,0.469,120,3
273,108,False,duplicate_behavior,0.0574,SMIC MTT Strategy,smic_mtt_strategy,0.15,4.75,1.1,True,0.0,0.3,0.05,15,all,deposit_only,0.15,2.75,365,,,0.5308,0.4516,0.2261,59,2,0.4814,248213239.5184,350213239.5184,0.469,120,3
277,110,False,duplicate_behavior,0.0574,SMIC MTT Strategy,smic_mtt_strategy,0.15,4.75,1.1,True,0.1,0.3,0.05,15,all,monthly,0.15,3.0,365,,,0.5308,0.4516,0.2261,59,2,0.4814,248213239.5184,350213239.5184,0.469,120,3
284,113,False,duplicate_behavior,0.0574,SMIC MTT Strategy,smic_mtt_strategy,0.15,4.5,1.1,True,0.0,0.3,0.05,15,all,monthly,0.15,3.0,365,,,0.5308,0.4516,0.2261,59,2,0.4814,248213239.5184,350213239.5184,0.469,120,3
286,114,False,duplicate_behavior,0.0574,SMIC MTT Strategy,smic_mtt_strategy,0.1,4.75,1.1,True,0.1,0.25,0.05,15,all,monthly,0.15,3.0,365,,,0.5308,0.4516,0.2261,59,2,0.4814,248213239.5184,350213239.5184,0.469,120,3
295,120,True,accepted,0.0785,SMIC MTT Strategy,smic_mtt_strategy,0.1,5.0,1.1,True,0.0,0.3,0.05,15,all,monthly,0.3,2.75,365,,,0.4714,0.4004,0.2029,54,2,0.5025,267114180.8032,369114180.8032,0.3042,114,4
85,121,False,below_benchmark,-0.0032,SMIC MTT Strategy,smic_mtt_strategy,0.25,1.25,1.1,True,0.3,0.3,0.04,35,overseas,monthly,0.1,1.75,365,,,0.4788,0.4001,0.2248,23,2,0.4207,198857813.4829,300857813.4829,0.4444,64,2
146,122,True,accepted,0.0275,SMIC MTT Strategy,smic_mtt_strategy,0.05,4.75,1.1,True,0.0,0.25,0.05,5,all,monthly,0.15,3.0,730,,,0.4587,0.388,0.2019,53,3,0.4515,223047057.112,325047057.112,0.467,113,3
71,123,False,below_benchmark,-0.0787,SMIC MTT Strategy,smic_mtt_strategy,0.25,1.5,1.1,True,0.4,0.5,0.02,35,overseas,monthly,0.1,1.25,1095,,,0.451,0.3723,0.2248,28,2,0.3453,146446806.1625,248446806.1625,0.3033,79,2
271,124,True,accepted,0.015,SMIC MTT Strategy,smic_mtt_strategy,0.1,2.5,1.1,True,0.1,0.3,0.05,15,all,deposit_only,0.15,3.0,365,,,0.4399,0.3603,0.2274,55,2,0.4389,212956959.0673,314956959.0673,0.4663,116,4
280,125,False,duplicate_behavior,0.015,SMIC MTT Strategy,smic_mtt_strategy,0.1,2.75,1.1,True,0.0,0.25,0.05,15,all,deposit_only,0.15,3.0,365,,,0.4399,0.3603,0.2274,55,2,0.4389,212956959.0673,314956959.0673,0.4663,116,4
318,126,False,below_benchmark,-0.0743,SMIC MTT Strategy,smic_mtt_strategy,0.2,4.5,1.1,True,0.1,0.2,0.05,20,all,monthly,0.15,2.75,730,,,0.432,0.3528,0.2261,57,2,0.3497,149286279.1516,251286279.1516,0.4783,118,3
331,128,False,below_benchmark,-0.0743,SMIC MTT Strategy,smic_mtt_strategy,0.2,4.25,1.1,True,0.1,0.2,0.05,20,all,monthly,0.15,2.75,730,,,0.432,0.3528,0.2261,57,2,0.3497,149286279.1516,251286279.1516,0.4783,118,3
333,129,False,below_benchmark,-0.0743,SMIC MTT Strategy,smic_mtt_strategy,0.2,4.5,1.1,True,0.1,0.2,0.05,20,all,monthly,0.15,2.5,730,,,0.432,0.3528,0.2261,57,2,0.3497,149286279.1516,251286279.1516,0.4783,118,3
339,130,False,below_benchmark,-0.0743,SMIC MTT Strategy,smic_mtt_strategy,0.2,4.25,1.1,True,0.1,0.2,0.05,20,all,monthly,0.15,2.5,730,,,0.432,0.3528,0.2261,57,2,0.3497,149286279.1516,251286279.1516,0.4783,118,3
138,134,False,below_benchmark,-0.0714,SMIC MTT Strategy,smic_mtt_strategy,0.05,4.25,1.1,True,0.0,0.2,0.05,15,all,monthly,0.15,3.0,365,,,0.431,0.3518,0.2261,60,2,0.3525,151097812.6676,253097812.6676,0.4741,120,4
140,135,False,below_benchmark,-0.0714,SMIC MTT Strategy,smic_mtt_strategy,0.05,4.25,1.1,True,0.0,0.2,0.05,15,all,monthly,0.15,2.75,365,,,0.431,0.3518,0.2261,60,2,0.3525,151097812.6676,253097812.6676,0.4741,120,4
143,137,True,accepted,0.0146,SMIC MTT Strategy,smic_mtt_strategy,0.05,4.25,1.1,True,0.0,0.25,0.05,15,all,monthly,0.15,2.75,365,,,0.431,0.3518,0.2261,59,2,0.4386,212664865.6778,314664865.6778,0.4631,121,4
144,138,False,duplicate_behavior,0.0146,SMIC MTT Strategy,smic_mtt_strategy,0.05,4.5,1.1,True,0.0,0.25,0.05,10,all,monthly,0.15,3.0,365,,,0.431,0.3518,0.2261,59,2,0.4386,212664865.6778,314664865.6778,0.4631,121,4
152,139,False,duplicate_behavior,0.0146,SMIC MTT Strategy,smic_mtt_strategy,0.05,4.5,1.1,True,0.0,0.25,0.05,15,all,monthly,0.15,3.0,365,,,0.431,0.3518,0.2261,59,2,0.4386,212664865.6778,314664865.6778,0.4631,121,4
155,142,False,duplicate_behavior,0.0146,SMIC MTT Strategy,smic_mtt_strategy,0.05,4.75,1.1,True,0.0,0.25,0.05,15,all,monthly,0.15,3.0,365,,,0.431,0.3518,0.2261,59,2,0.4386,212664865.6778,314664865.6778,0.4631,121,4
159,143,False,duplicate_behavior,0.0146,SMIC MTT Strategy,smic_mtt_strategy,0.05,4.75,1.1,True,0.0,0.25,0.05,10,all,monthly,0.15,3.0,365,,,0.431,0.3518,0.2261,59,2,0.4386,212664865.6778,314664865.6778,0.4631,121,4
160,144,False,duplicate_behavior,0.0146,SMIC MTT Strategy,smic_mtt_strategy,0.05,5.0,1.1,True,0.0,0.25,0.05,10,all,monthly,0.15,3.0,365,,,0.431,0.3518,0.2261,59,2,0.4386,212664865.6778,314664865.6778,0.4631,121,4
163,147,False,duplicate_behavior,0.0146,SMIC MTT Strategy,smic_mtt_strategy,0.05,5.0,1.1,True,0.0,0.3,0.05,10,all,monthly,0.15,3.0,365,,,0.431,0.3518,0.2261,59,2,0.4386,212664865.6778,314664865.6778,0.4631,121,4
165,148,False,duplicate_behavior,0.0146,SMIC MTT Strategy,smic_mtt_strategy,0.05,5.0,1.1,True,0.0,0.25,0.05,15,all,monthly,0.15,3.0,365,,,0.431,0.3518,0.2261,59,2,0.4386,212664865.6778,314664865.6778,0.4631,121,4
281,151,False,duplicate_behavior,0.0146,SMIC MTT Strategy,smic_mtt_strategy,0.05,5.0,1.1,True,0.0,0.3,0.05,15,all,monthly,0.15,3.0,365,,,0.431,0.3518,0.2261,59,2,0.4386,212664865.6778,314664865.6778,0.4631,121,4
184,152,True,accepted,0.0124,SMIC MTT Strategy,smic_mtt_strategy,0.1,4.75,1.1,True,0.0,0.35,0.05,15,all,monthly,0.15,3.0,365,,,0.4257,0.3496,0.2174,63,2,0.4364,210970471.6722,312970471.6722,0.4633,126,4
194,153,False,duplicate_behavior,0.0124,SMIC MTT Strategy,smic_mtt_strategy,0.1,4.75,1.1,True,0.0,0.35,0.05,15,all,deposit_only,0.15,3.0,365,,,0.4257,0.3496,0.2174,63,2,0.4364,210970471.6722,312970471.6722,0.4633,126,4
200,155,False,duplicate_behavior,0.0124,SMIC MTT Strategy,smic_mtt_strategy,0.1,5.0,1.1,True,0.0,0.35,0.05,15,all,deposit_only,0.15,3.0,365,,,0.4257,0.3496,0.2174,63,2,0.4364,210970471.6722,312970471.6722,0.4633,126,4
218,159,False,duplicate_behavior,0.0124,SMIC MTT Strategy,smic_mtt_strategy,0.1,4.5,1.1,True,0.0,0.35,0.05,15,all,deposit_only,0.15,3.0,365,,,0.4257,0.3496,0.2174,63,2,0.4364,210970471.6722,312970471.6722,0.4633,126,4
230,161,False,duplicate_behavior,0.0124,SMIC MTT Strategy,smic_mtt_strategy,0.15,5.0,1.1,True,0.0,0.35,0.05,15,all,deposit_only,0.15,3.0,365,,,0.4257,0.3496,0.2174,63,2,0.4364,210970471.6722,312970471.6722,0.4633,126,4
238,162,False,duplicate_behavior,0.0124,SMIC MTT Strategy,smic_mtt_strategy,0.1,4.75,1.1,True,0.0,0.4,0.05,15,all,deposit_only,0.15,3.0,365,,,0.4257,0.3496,0.2174,63,2,0.4364,210970471.6722,312970471.6722,0.4633,126,4
270,166,False,duplicate_behavior,0.0124,SMIC MTT Strategy,smic_mtt_strategy,0.1,5.0,1.1,True,0.0,0.35,0.05,15,all,monthly,0.15,3.0,365,,,0.4257,0.3496,0.2174,63,2,0.4364,210970471.6722,312970471.6722,0.4633,126,4
288,167,False,duplicate_behavior,0.0124,SMIC MTT Strategy,smic_mtt_strategy,0.15,4.75,1.1,True,0.0,0.4,0.05,15,all,monthly,0.15,2.75,365,,,0.4257,0.3496,0.2174,63,2,0.4364,210970471.6722,312970471.6722,0.4633,126,4
292,168,False,duplicate_behavior,0.0124,SMIC MTT Strategy,smic_mtt_strategy,0.15,4.75,1.1,True,0.0,0.35,0.05,15,all,deposit_only,0.15,3.0,365,,,0.4257,0.3496,0.2174,63,2,0.4364,210970471.6722,312970471.6722,0.4633,126,4
300,169,False,duplicate_behavior,0.0124,SMIC MTT Strategy,smic_mtt_strategy,0.1,4.75,1.1,True,0.1,0.35,0.05,15,all,monthly,0.15,3.0,365,,,0.4257,0.3496,0.2174,63,2,0.4364,210970471.6722,312970471.6722,0.4633,126,4
285,170,True,accepted,0.0073,SMIC MTT Strategy,smic_mtt_strategy,0.05,5.0,1.1,True,0.0,0.35,0.05,15,all,deposit_only,0.15,3.0,365,,,0.4246,0.3485,0.2174,63,2,0.4313,206958824.2384,308958824.2384,0.4666,124,4
126,171,True,accepted,0.0347,SMIC MTT Strategy,smic_mtt_strategy,0.05,4.25,1.1,True,0.1,0.2,0.05,25,all,monthly,0.1,2.75,365,,,0.4203,0.3477,0.2075,55,2,0.4587,228972254.7249,330972254.7249,0.4079,119,2
107,172,True,accepted,0.025,SMIC MTT Strategy,smic_mtt_strategy,0.15,3.75,1.1,True,0.1,0.2,0.05,25,all,monthly,0.1,2.25,365,,,0.3977,0.3058,0.2626,59,2,0.449,220986131.9324,322986131.9324,0.4067,123,2
112,173,False,duplicate_behavior,0.025,SMIC MTT Strategy,smic_mtt_strategy,0.15,4.25,1.1,True,0.2,0.2,0.05,25,all,monthly,0.1,2.5,365,,,0.3977,0.3058,0.2626,59,2,0.449,220986131.9324,322986131.9324,0.4067,123,2
113,174,False,duplicate_behavior,0.025,SMIC MTT Strategy,smic_mtt_strategy,0.15,4.25,1.1,True,0.1,0.2,0.05,25,all,monthly,0.1,2.75,365,,,0.3977,0.3058,0.2626,59,2,0.449,220986131.9324,322986131.9324,0.4067,123,2
115,176,False,duplicate_behavior,0.025,SMIC MTT Strategy,smic_mtt_strategy,0.15,4.25,1.1,True,0.1,0.2,0.05,20,all,monthly,0.1,2.75,365,,,0.3977,0.3058,0.2626,59,2,0.449,220986131.9324,322986131.9324,0.4067,123,2
116,177,False,duplicate_behavior,0.025,SMIC MTT Strategy,smic_mtt_strategy,0.15,4.25,1.1,True,0.1,0.2,0.05,20,all,monthly,0.1,3.0,365,,,0.3977,0.3058,0.2626,59,2,0.449,220986131.9324,322986131.9324,0.4067,123,2
117,178,False,duplicate_behavior,0.025,SMIC MTT Strategy,smic_mtt_strategy,0.1,4.25,1.1,True,0.1,0.2,0.05,20,all,monthly,0.1,3.0,365,,,0.3977,0.3058,0.2626,59,2,0.449,220986131.9324,322986131.9324,0.4067,123,2
121,179,False,duplicate_behavior,0.025,SMIC MTT Strategy,smic_mtt_strategy,0.15,4.25,1.1,True,0.1,0.2,0.05,25,all,monthly,0.1,3.0,365,,,0.3977,0.3058,0.2626,59,2,0.449,220986131.9324,322986131.9324,0.4067,123,2
122,180,False,duplicate_behavior,0.025,SMIC MTT Strategy,smic_mtt_strategy,0.15,4.0,1.1,True,0.1,0.2,0.05,25,all,monthly,0.1,2.75,365,,,0.3977,0.3058,0.2626,59,2,0.449,220986131.9324,322986131.9324,0.4067,123,2
123,181,False,duplicate_behavior,0.025,SMIC MTT Strategy,smic_mtt_strategy,0.1,4.0,1.1,True,0.1,0.2,0.05,25,all,monthly,0.1,2.75,365,,,0.3977,0.3058,0.2626,59,2,0.449,220986131.9324,322986131.9324,0.4067,123,2
124,182,False,duplicate_behavior,0.025,SMIC MTT Strategy,smic_mtt_strategy,0.1,4.0,1.1,True,0.1,0.2,0.05,25,all,monthly,0.1,3.0,365,,,0.3977,0.3058,0.2626,59,2,0.449,220986131.9324,322986131.9324,0.4067,123,2
97,186,True,accepted,0.0235,SMIC MTT Strategy,smic_mtt_strategy,0.25,3.75,1.1,True,0.3,0.25,0.05,35,all,monthly,0.1,2.25,365,,,0.3973,0.3052,0.2633,55,2,0.4474,219743031.7319,321743031.7319,0.4087,114,2
98,187,True,accepted,0.0224,SMIC MTT Strategy,smic_mtt_strategy,0.2,3.25,1.1,True,0.2,0.3,0.05,30,all,monthly,0.1,2.5,365,,,0.3973,0.3052,0.2633,55,2,0.4464,218893762.3591,320893762.3591,0.4086,117,2
101,188,False,duplicate_behavior,0.0235,SMIC MTT Strategy,smic_mtt_strategy,0.25,3.75,1.1,True,0.3,0.3,0.05,35,all,monthly,0.1,2.25,365,,,0.3973,0.3052,0.2633,55,2,0.4474,219743031.7319,321743031.7319,0.4087,114,2
103,190,False,duplicate_behavior,0.0224,SMIC MTT Strategy,smic_mtt_strategy,0.2,3.75,1.1,True,0.3,0.3,0.05,35,all,monthly,0.1,2.25,365,,,0.3973,0.3052,0.2633,55,2,0.4464,218893762.3591,320893762.3591,0.4086,117,2
105,192,False,duplicate_behavior,0.0224,SMIC MTT Strategy,smic_mtt_strategy,0.2,3.75,1.1,True,0.2,0.3,0.05,30,all,monthly,0.1,2.5,365,,,0.3973,0.3052,0.2633,55,2,0.4464,218893762.3591,320893762.3591,0.4086,117,2
110,193,False,duplicate_behavior,0.0224,SMIC MTT Strategy,smic_mtt_strategy,0.2,4.25,1.1,True,0.2,0.25,0.05,25,all,monthly,0.1,2.5,365,,,0.3973,0.3052,0.2633,55,2,0.4464,218893762.3591,320893762.3591,0.4086,117,2
111,194,False,duplicate_behavior,0.0224,SMIC MTT Strategy,smic_mtt_strategy,0.2,4.75,1.1,True,0.2,0.25,0.05,25,all,monthly,0.1,2.5,365,,,0.3973,0.3052,0.2633,55,2,0.4464,218893762.3591,320893762.3591,0.4086,117,2
9,195,False,below_benchmark,-0.2702,SMIC MTT Strategy,smic_mtt_strategy,0.2,1.25,1.0,True,0.3,0.4,0.02,40,all,quarterly,0.2,0.5,365,,,0.374,0.2927,0.2324,77,4,0.1538,49732749.263,151732749.263,0.3723,162,3
266,196,True,accepted,0.0284,SMIC MTT Strategy,smic_mtt_strategy,0.1,5.0,1.1,True,0.0,0.25,0.05,15,all,deposit_only,0.2,3.0,365,,,0.3542,0.2636,0.2587,53,2,0.4523,223732005.4749,325732005.4749,0.2663,110,3
90,197,False,below_benchmark,-0.1143,SMIC MTT Strategy,smic_mtt_strategy,0.25,1.0,1.1,True,0.3,0.35,0.04,35,all,monthly,0.1,2.0,365,,,0.3411,0.25,0.2603,56,3,0.3097,124857943.3868,226857943.3868,0.4331,113,2
86,202,False,below_benchmark,-0.1393,SMIC MTT Strategy,smic_mtt_strategy,0.25,1.25,1.1,True,0.3,0.25,0.04,35,all,monthly,0.1,2.0,365,,,0.3409,0.2491,0.2621,58,3,0.2846,110715019.8272,212715019.8272,0.4455,127,2
130,203,False,below_benchmark,-0.0254,SMIC MTT Strategy,smic_mtt_strategy,0.1,4.0,1.1,True,0.0,0.2,0.04,25,all,monthly,0.1,3.0,365,,,0.3396,0.2477,0.2626,65,4,0.3985,182460709.9184,284460709.9184,0.3984,133,3
136,204,False,below_benchmark,-0.0254,SMIC MTT Strategy,smic_mtt_strategy,0.15,4.0,1.1,True,0.1,0.2,0.04,25,all,monthly,0.1,3.0,365,,,0.3396,0.2477,0.2626,65,4,0.3985,182460709.9184,284460709.9184,0.3984,133,3
96,205,False,below_benchmark,-0.0232,SMIC MTT Strategy,smic_mtt_strategy,0.25,4.25,1.1,True,0.3,0.25,0.04,35,all,monthly,0.1,2.25,365,,,0.3393,0.2472,0.2633,62,3,0.4008,184091739.7433,286091739.7433,0.396,129,3
87,206,False,below_benchmark,-0.1402,SMIC MTT Strategy,smic_mtt_strategy,0.25,1.25,1.1,True,0.4,0.35,0.04,35,all,monthly,0.1,2.0,365,,,0.3382,0.2471,0.2603,58,3,0.2838,110266803.2698,212266803.2698,0.4454,126,2
62,207,False,below_benchmark,-0.0848,SMIC MTT Strategy,smic_mtt_strategy,0.3,1.0,1.1,True,0.3,0.5,0.02,40,overseas,monthly,0.1,1.0,1095,,,0.286,0.2074,0.2248,21,1,0.3392,142603072.3249,244603072.3249,0.4326,61,2
55,208,False,below_benchmark,-0.1278,SMIC MTT Strategy,smic_mtt_strategy,0.3,1.0,1.05,True,0.4,0.65,0.02,35,overseas,monthly,0.1,1.0,1095,,,0.2562,0.1776,0.2248,20,1,0.2961,117085975.4089,219085975.4089,0.4295,57,2
58,209,False,below_benchmark,-0.1074,SMIC MTT Strategy,smic_mtt_strategy,0.4,1.75,1.05,True,0.4,0.65,0.02,35,overseas,monthly,0.1,1.0,1095,,,0.2562,0.1776,0.2248,20,1,0.3166,128884215.0419,230884215.0419,0.4295,54,1
64,210,False,below_benchmark,-0.1074,SMIC MTT Strategy,smic_mtt_strategy,0.35,1.5,1.05,True,0.4,0.45,0.02,40,overseas,monthly,0.1,1.75,1095,,,0.2562,0.1776,0.2248,20,1,0.3166,128884215.0419,230884215.0419,0.4295,54,1
72,211,False,below_benchmark,-0.1278,SMIC MTT Strategy,smic_mtt_strategy,0.3,1.75,1.05,True,0.5,0.45,0.02,35,overseas,monthly,0.1,1.25,1095,,,0.2562,0.1776,0.2248,20,1,0.2961,117085975.4089,219085975.4089,0.4295,57,2
83,212,False,below_benchmark,-0.1074,SMIC MTT Strategy,smic_mtt_strategy,0.35,1.75,1.05,True,0.3,0.4,0.03,40,overseas,monthly,0.1,1.5,1095,,,0.2562,0.1776,0.2248,20,1,0.3166,128884215.0419,230884215.0419,0.4295,54,1
84,213,False,below_benchmark,-0.1278,SMIC MTT Strategy,smic_mtt_strategy,0.3,1.5,1.05,True,0.3,0.3,0.03,40,overseas,monthly,0.1,1.75,1095,,,0.2562,0.1776,0.2248,20,1,0.2961,117085975.4089,219085975.4089,0.4295,57,2
74,214,False,below_benchmark,-0.1492,SMIC MTT Strategy,smic_mtt_strategy,0.3,1.75,1.05,True,0.7,0.5,0.02,40,overseas,monthly,0.1,1.5,1095,,,0.2562,0.1776,0.2248,17,1,0.2748,105392886.0369,207392886.0369,0.4295,50,1
81,215,False,below_benchmark,-0.1358,SMIC MTT Strategy,smic_mtt_strategy,0.35,1.75,1.05,True,0.9,0.45,0.02,40,overseas,quarterly,0.1,1.25,1095,,,0.2562,0.1776,0.2248,17,1,0.2882,112664426.4101,214664426.4101,0.4295,46,0
82,216,False,below_benchmark,-0.1358,SMIC MTT Strategy,smic_mtt_strategy,0.35,1.5,1.05,True,0.9,0.45,0.02,40,overseas,quarterly,0.1,1.25,1095,,,0.2562,0.1776,0.2248,17,1,0.2882,112664426.4101,214664426.4101,0.4295,46,0
353,217,False,below_benchmark,-0.1372,SMIC MTT Strategy,smic_mtt_strategy,0.15,4.25,1.05,True,0.2,0.2,0.05,20,all,monthly,0.15,2.5,730,,,0.2459,0.1752,0.2019,55,2,0.2868,111910893.9691,213910893.9691,0.4635,109,4
33,218,False,below_benchmark,-0.1992,SMIC MTT Strategy,smic_mtt_strategy,0.3,1.75,1.05,True,0.0,1.0,0.05,40,overseas,quarterly,0.15,0.5,730,,,0.2405,0.1618,0.2248,17,1,0.2247,80285187.2028,182285187.2028,0.3198,46,1
54,219,True,accepted,0.0137,SMIC MTT Strategy,smic_mtt_strategy,0.15,1.0,1.1,True,0.4,0.8,0.02,35,overseas,monthly,0.1,1.0,180,,,0.2364,0.1578,0.2248,25,2,0.4377,211952704.2545,313952704.2545,0.3142,79,2
42,220,False,below_benchmark,-0.15,SMIC MTT Strategy,smic_mtt_strategy,0.25,1.25,1.1,True,0.2,0.85,0.03,30,overseas,monthly,0.15,0.75,180,,,0.2259,0.1472,0.2248,23,2,0.2739,104938239.7428,206938239.7428,0.2829,64,2
43,221,False,below_benchmark,-0.15,SMIC MTT Strategy,smic_mtt_strategy,0.15,1.25,1.1,True,0.2,0.85,0.03,30,overseas,monthly,0.15,0.75,180,,,0.2259,0.1472,0.2248,23,2,0.2739,104938239.7428,206938239.7428,0.2829,64,2
44,222,False,below_benchmark,-0.0519,SMIC MTT Strategy,smic_mtt_strategy,0.15,1.25,1.1,True,0.2,0.8,0.02,30,overseas,monthly,0.15,0.75,180,,,0.2219,0.1432,0.2248,25,2,0.3721,164005552.2763,266005552.2763,0.2954,75,2
53,223,False,below_benchmark,-0.0519,SMIC MTT Strategy,smic_mtt_strategy,0.15,1.25,1.1,True,0.3,0.85,0.02,30,overseas,monthly,0.15,0.75,180,,,0.2219,0.1432,0.2248,25,2,0.3721,164005552.2763,266005552.2763,0.2954,75,2
63,224,False,below_benchmark,-0.1377,SMIC MTT Strategy,smic_mtt_strategy,0.3,1.0,1.0,True,0.3,0.5,0.02,40,overseas,monthly,0.1,1.0,1095,,,0.2218,0.1432,0.2248,19,1,0.2863,111619921.119,213619921.119,0.3013,62,2
76,225,False,below_benchmark,-0.1221,SMIC MTT Strategy,smic_mtt_strategy,0.35,3.25,1.0,True,0.7,0.35,0.02,35,overseas,monthly,0.1,1.5,1095,,,0.2217,0.143,0.2248,16,1,0.3018,120316045.9658,222316045.9658,0.3049,52,0
327,226,False,below_benchmark,-0.1276,SMIC MTT Strategy,smic_mtt_strategy,0.15,4.25,1.1,True,0.1,0.2,0.05,20,all,monthly,0.25,2.75,730,,,0.2232,0.1422,0.2313,55,2,0.2963,117198018.1382,219198018.1382,0.3033,105,5
40,227,False,below_benchmark,-0.1966,SMIC MTT Strategy,smic_mtt_strategy,0.25,1.25,1.1,True,0.2,0.9,0.03,30,overseas,monthly,0.15,0.5,180,,,0.2202,0.1415,0.2248,23,2,0.2274,81533669.4585,183533669.4585,0.3083,64,2
51,229,False,below_benchmark,-0.1966,SMIC MTT Strategy,smic_mtt_strategy,0.2,1.25,1.1,True,0.2,0.9,0.03,30,overseas,monthly,0.15,0.5,180,,,0.2202,0.1415,0.2248,23,2,0.2274,81533669.4585,183533669.4585,0.3083,64,2
52,230,False,below_benchmark,-0.1966,SMIC MTT Strategy,smic_mtt_strategy,0.25,1.0,1.1,True,0.2,1.0,0.03,25,overseas,monthly,0.15,0.5,180,,,0.2202,0.1415,0.2248,23,2,0.2274,81533669.4585,183533669.4585,0.3083,64,2
59,231,False,below_benchmark,-0.1222,SMIC MTT Strategy,smic_mtt_strategy,0.35,1.5,1.05,True,0.4,0.65,0.01,35,overseas,monthly,0.1,1.0,1095,,,0.2197,0.1411,0.2248,23,1,0.3018,120309685.0372,222309685.0372,0.4268,60,1
65,232,False,below_benchmark,-0.1222,SMIC MTT Strategy,smic_mtt_strategy,0.4,1.5,1.05,True,0.5,0.4,-0.01,40,overseas,monthly,0.1,2.0,1095,,,0.2197,0.1411,0.2248,23,1,0.3018,120309685.0372,222309685.0372,0.4268,60,1
69,233,False,below_benchmark,-0.1505,SMIC MTT Strategy,smic_mtt_strategy,0.35,1.5,1.05,True,0.6,0.6,-0.03,35,overseas,monthly,0.1,1.5,1095,,,0.2197,0.1411,0.2248,20,1,0.2735,104691850.6899,206691850.6899,0.4268,55,0
78,234,False,below_benchmark,-0.165,SMIC MTT Strategy,smic_mtt_strategy,0.25,2.0,1.05,True,0.9,0.4,0.03,35,overseas,monthly,0.1,1.25,1095,,,0.2194,0.1407,0.2248,18,2,0.259,97146284.4521,199146284.4521,0.4266,50,1
34,235,False,below_benchmark,-0.0956,SMIC MTT Strategy,smic_mtt_strategy,0.25,1.75,1.05,True,0.1,0.95,0.05,40,overseas,quarterly,0.1,0.75,180,,,0.2186,0.1399,0.2248,21,2,0.3284,135968046.468,237968046.468,0.3041,51,1
30,236,False,below_benchmark,-0.2232,SMIC MTT Strategy,smic_mtt_strategy,0.35,2.25,1.0,True,0.1,0.95,0.05,40,overseas,quarterly,0.15,0.5,730,,,0.2069,0.1282,0.2248,16,1,0.2008,69357843.8645,171357843.8645,0.3175,43,0
31,237,False,below_benchmark,-0.2365,SMIC MTT Strategy,smic_mtt_strategy,0.3,2.25,1.0,True,0.1,1.0,0.05,40,overseas,quarterly,0.15,0.5,730,,,0.2069,0.1282,0.2248,16,1,0.1875,63550571.443,165550571.443,0.3249,45,1
32,238,False,below_benchmark,-0.2365,SMIC MTT Strategy,smic_mtt_strategy,0.3,2.25,1.0,True,0.0,1.0,0.05,40,overseas,quarterly,0.15,0.5,730,,,0.2069,0.1282,0.2248,16,1,0.1875,63550571.443,165550571.443,0.3249,45,1
264,239,False,below_benchmark,-0.0819,SMIC MTT Strategy,smic_mtt_strategy,0.15,4.5,1.1,True,0.8,0.3,0.05,15,all,deposit_only,0.15,3.0,365,,,0.2099,0.1205,0.2553,58,2,0.342,144403972.0515,246403972.0515,0.4498,119,4
67,240,False,below_benchmark,-0.1344,SMIC MTT Strategy,smic_mtt_strategy,0.35,1.75,1.0,True,0.5,0.4,-0.05,40,overseas,deposit_only,0.1,2.0,1095,,,0.1868,0.1081,0.2248,22,1,0.2896,113432861.7776,215432861.7776,0.2998,64,1
68,241,False,below_benchmark,-0.1344,SMIC MTT Strategy,smic_mtt_strategy,0.4,2.0,1.0,True,0.4,0.55,0.01,40,overseas,monthly,0.1,2.5,1095,,,0.1868,0.1081,0.2248,22,1,0.2896,113432861.7776,215432861.7776,0.2998,64,1
73,242,False,below_benchmark,-0.1521,SMIC MTT Strategy,smic_mtt_strategy,0.3,2.0,1.0,True,0.5,0.45,0.01,35,overseas,monthly,0.1,1.25,1095,,,0.1868,0.1081,0.2248,22,1,0.2718,103824479.2541,205824479.2541,0.2998,64,2
80,243,False,below_benchmark,-0.1344,SMIC MTT Strategy,smic_mtt_strategy,0.4,4.0,1.0,True,0.4,0.5,0.01,40,overseas,deposit_only,0.1,1.25,1095,,,0.1868,0.1081,0.2248,22,1,0.2896,113432861.7776,215432861.7776,0.2998,64,1
27,244,False,below_benchmark,-0.3691,SMIC MTT Strategy,smic_mtt_strategy,0.5,2.5,1.0,True,0.5,0.75,0.04,15,overseas,quarterly,0.25,1.0,730,,,0.1893,0.1055,0.2397,9,0,0.0549,15484158.4405,117484158.4405,0.4732,35,3
28,245,False,below_benchmark,-0.3691,SMIC MTT Strategy,smic_mtt_strategy,0.5,2.5,1.0,True,0.5,0.85,0.04,35,overseas,quarterly,0.25,1.0,730,,,0.1893,0.1055,0.2397,9,0,0.0549,15484158.4405,117484158.4405,0.4732,35,3
118,246,False,below_benchmark,-0.3141,SMIC MTT Strategy,smic_mtt_strategy,0.05,4.25,1.1,True,0.1,0.1,0.05,20,all,monthly,0.1,3.0,365,,,0.1716,0.0998,0.2051,44,2,0.1099,33420954.1849,135420954.1849,0.4145,95,2
128,247,False,below_benchmark,-0.3141,SMIC MTT Strategy,smic_mtt_strategy,0.15,4.25,1.1,True,0.1,0.1,0.05,25,all,monthly,0.1,2.75,365,,,0.1716,0.0998,0.2051,44,2,0.1099,33420954.1849,135420954.1849,0.4145,95,2
137,248,False,below_benchmark,-0.3141,SMIC MTT Strategy,smic_mtt_strategy,0.1,4.5,1.1,True,0.1,0.1,0.05,25,all,monthly,0.1,2.75,365,,,0.1716,0.0998,0.2051,44,2,0.1099,33420954.1849,135420954.1849,0.4145,95,2
355,249,False,below_benchmark,-0.2321,SMIC MTT Strategy,smic_mtt_strategy,0.2,4.25,1.1,True,0.2,0.15,0.05,20,all,monthly,0.15,2.75,730,,,0.1571,0.0851,0.2056,52,2,0.1918,65423532.7659,167423532.7659,0.4553,106,3
372,250,False,below_benchmark,-0.2321,SMIC MTT Strategy,smic_mtt_strategy,0.2,4.5,1.1,True,0.1,0.15,0.05,20,all,monthly,0.15,2.5,730,,,0.1571,0.0851,0.2056,52,2,0.1918,65423532.7659,167423532.7659,0.4553,106,3
378,251,False,below_benchmark,-0.2321,SMIC MTT Strategy,smic_mtt_strategy,0.2,4.5,1.1,True,0.1,0.15,0.05,20,all,monthly,0.15,2.75,730,,,0.1571,0.0851,0.2056,52,2,0.1918,65423532.7659,167423532.7659,0.4553,106,3
18,252,False,below_benchmark,-0.3595,SMIC MTT Strategy,smic_mtt_strategy,0.75,2.75,0.95,True,0.6,0.45,-0.02,15,overseas,quarterly,0.25,1.25,730,,,0.1676,0.0837,0.2397,8,0,0.0645,18419692.288,120419692.288,0.2708,13,1
20,253,False,below_benchmark,-0.34,SMIC MTT Strategy,smic_mtt_strategy,0.8,2.75,0.95,True,0.4,0.7,0.03,15,overseas,deposit_only,0.3,1.5,365,,,0.1676,0.0837,0.2397,8,0,0.084,24643005.6676,126643005.6676,0.2397,10,1
21,254,False,below_benchmark,-0.34,SMIC MTT Strategy,smic_mtt_strategy,0.8,2.75,0.95,True,0.4,0.7,0.03,15,overseas,deposit_only,0.3,1.25,365,,,0.1676,0.0837,0.2397,8,0,0.084,24643005.6676,126643005.6676,0.2397,10,1
22,255,False,below_benchmark,-0.3586,SMIC MTT Strategy,smic_mtt_strategy,0.75,3.5,0.95,True,0.4,0.9,0.02,10,overseas,deposit_only,0.3,1.5,365,,,0.1676,0.0837,0.2397,8,0,0.0654,18694778.781,120694778.781,0.2708,14,2
24,256,False,below_benchmark,-0.3681,SMIC MTT Strategy,smic_mtt_strategy,0.8,3.0,0.95,True,0.6,0.45,0.01,25,overseas,deposit_only,0.25,1.25,730,,,0.1676,0.0837,0.2397,8,0,0.0559,15790081.2834,117790081.2834,0.2397,8,0
142,257,False,below_benchmark,-0.2319,SMIC MTT Strategy,smic_mtt_strategy,0.05,4.25,1.1,True,0.0,0.15,0.05,15,all,monthly,0.15,2.75,365,,,0.1575,0.0831,0.2125,54,2,0.1921,65533409.8196,167533409.8196,0.4554,108,3
50,258,False,below_benchmark,-0.1374,SMIC MTT Strategy,smic_mtt_strategy,0.15,5.0,1.1,True,0.3,0.75,0.01,25,overseas,monthly,0.2,0.5,180,,,0.1505,0.0718,0.2248,30,2,0.2866,111775928.8624,213775928.8624,0.3279,78,3
19,259,False,below_benchmark,-0.2792,SMIC MTT Strategy,smic_mtt_strategy,0.15,4.0,0.9,True,0.6,0.45,-0.03,5,overseas,quarterly,0.25,1.0,180,,,0.1618,0.0693,0.2642,21,2,0.1448,46223681.1248,148223681.1248,0.2855,55,5
169,260,False,below_benchmark,-0.2445,SMIC MTT Strategy,smic_mtt_strategy,0.1,4.75,1.1,True,0.0,0.3,0.04,15,all,monthly,0.15,3.0,365,,,0.1572,0.0664,0.2593,64,4,0.1794,60135782.6254,162135782.6254,0.4307,135,5
177,261,False,below_benchmark,-0.2445,SMIC MTT Strategy,smic_mtt_strategy,0.1,4.75,1.1,True,0.0,0.3,0.04,15,all,monthly,0.15,3.0,730,,,0.1572,0.0664,0.2593,64,4,0.1794,60135782.6254,162135782.6254,0.4307,135,5
253,262,False,below_benchmark,-0.2445,SMIC MTT Strategy,smic_mtt_strategy,0.1,5.0,1.1,True,0.0,0.3,0.04,15,all,monthly,0.15,3.0,365,,,0.1572,0.0664,0.2593,64,4,0.1794,60135782.6254,162135782.6254,0.4307,135,5
265,263,False,below_benchmark,-0.2445,SMIC MTT Strategy,smic_mtt_strategy,0.1,4.75,1.1,True,0.0,0.25,0.04,15,all,monthly,0.15,2.75,365,,,0.1572,0.0664,0.2593,64,4,0.1794,60135782.6254,162135782.6254,0.4307,135,5
283,264,False,below_benchmark,-0.2445,SMIC MTT Strategy,smic_mtt_strategy,0.1,4.75,1.1,True,0.0,0.3,0.04,20,all,deposit_only,0.15,3.0,365,,,0.1572,0.0664,0.2593,64,4,0.1794,60135782.6254,162135782.6254,0.4307,135,5
297,265,False,below_benchmark,-0.2445,SMIC MTT Strategy,smic_mtt_strategy,0.1,4.5,1.1,True,0.0,0.3,0.04,15,all,quarterly,0.15,3.0,365,,,0.1572,0.0664,0.2593,64,4,0.1794,60135782.6254,162135782.6254,0.4307,135,5
306,266,False,below_benchmark,-0.2231,SMIC MTT Strategy,smic_mtt_strategy,0.15,4.5,1.1,True,0.1,0.2,0.04,15,all,monthly,0.15,2.75,365,,,0.1572,0.0664,0.2593,64,4,0.2009,69397173.2014,171397173.2014,0.4307,134,4
354,267,False,below_benchmark,-0.2231,SMIC MTT Strategy,smic_mtt_strategy,0.15,4.0,1.1,True,0.2,0.2,0.04,20,all,monthly,0.15,2.75,730,,,0.1572,0.0664,0.2593,64,4,0.2009,69397173.2014,171397173.2014,0.4307,134,4
361,268,False,below_benchmark,-0.2231,SMIC MTT Strategy,smic_mtt_strategy,0.15,4.25,1.1,True,0.1,0.2,0.04,20,all,monthly,0.15,2.75,730,,,0.1572,0.0664,0.2593,64,4,0.2009,69397173.2014,171397173.2014,0.4307,134,4
399,269,False,below_benchmark,-0.2231,SMIC MTT Strategy,smic_mtt_strategy,0.15,4.5,1.1,True,0.1,0.2,0.04,20,all,monthly,0.15,2.75,730,,,0.1572,0.0664,0.2593,64,4,0.2009,69397173.2014,171397173.2014,0.4307,134,4
89,270,False,below_benchmark,-0.3449,SMIC MTT Strategy,smic_mtt_strategy,0.2,1.25,1.1,False,0.4,0.25,0.04,35,all,monthly,0.05,2.25,365,,,0.1458,0.0643,0.2328,229,6,0.0791,23058162.9287,125058162.9287,0.2328,448,2
23,271,False,below_benchmark,-0.3673,SMIC MTT Strategy,smic_mtt_strategy,0.7,3.0,0.9,True,0.6,0.65,0.04,15,overseas,deposit_only,0.25,2.0,365,,,0.1449,0.061,0.2397,6,0,0.0567,16027540.6575,118027540.6575,0.2707,11,1
95,272,False,below_benchmark,-0.2462,SMIC MTT Strategy,smic_mtt_strategy,0.2,1.25,1.1,True,0.3,0.35,0.04,30,all,monthly,0.2,2.0,365,,,0.1294,0.0596,0.1994,60,4,0.1777,59429845.8071,161429845.8071,0.2314,130,5
187,273,False,below_benchmark,-0.2962,SMIC MTT Strategy,smic_mtt_strategy,0.1,4.75,1.1,False,0.0,0.3,0.05,15,all,deposit_only,0.15,3.0,365,,,0.1193,0.0524,0.1363,298,14,0.1278,39835265.7638,141835265.7638,0.2133,561,8
226,274,False,below_benchmark,-0.2962,SMIC MTT Strategy,smic_mtt_strategy,0.1,5.0,1.1,False,0.0,0.25,0.05,15,all,deposit_only,0.15,3.0,365,,,0.1193,0.0524,0.1363,298,14,0.1278,39835265.7638,141835265.7638,0.2133,561,8
255,275,False,below_benchmark,-0.2962,SMIC MTT Strategy,smic_mtt_strategy,0.1,4.75,1.1,False,0.0,0.35,0.05,15,all,monthly,0.15,3.0,365,,,0.1193,0.0524,0.1363,298,14,0.1278,39835265.7638,141835265.7638,0.2133,561,8
274,276,False,below_benchmark,-0.2962,SMIC MTT Strategy,smic_mtt_strategy,0.1,4.5,1.1,False,0.0,0.35,0.04,15,all,quarterly,0.15,3.0,365,,,0.1193,0.0524,0.1363,298,14,0.1278,39835265.7638,141835265.7638,0.2133,561,8
293,277,False,below_benchmark,-0.2962,SMIC MTT Strategy,smic_mtt_strategy,0.1,4.5,1.1,False,0.1,0.3,0.05,15,all,monthly,0.15,3.0,365,,,0.1193,0.0524,0.1363,298,14,0.1278,39835265.7638,141835265.7638,0.2133,561,8
127,278,False,below_benchmark,-0.1734,SMIC MTT Strategy,smic_mtt_strategy,0.05,4.25,1.1,True,0.0,0.15,0.05,20,all,deposit_only,0.1,2.75,365,,,0.1381,0.0508,0.2496,54,2,0.2506,92844700.0621,194844700.0621,0.4243,111,2
109,279,False,below_benchmark,-0.1687,SMIC MTT Strategy,smic_mtt_strategy,0.15,3.5,1.1,True,0.1,0.15,0.05,25,all,monthly,0.1,2.25,365,,,0.144,0.0478,0.2749,52,3,0.2553,95236274.8605,197236274.8605,0.4249,108,2
119,280,False,below_benchmark,-0.1687,SMIC MTT Strategy,smic_mtt_strategy,0.15,4.5,1.1,True,0.0,0.15,0.05,20,all,monthly,0.1,2.75,365,,,0.144,0.0478,0.2749,52,3,0.2553,95236274.8605,197236274.8605,0.4249,108,2
134,281,False,below_benchmark,-0.1687,SMIC MTT Strategy,smic_mtt_strategy,0.15,4.0,1.1,True,0.0,0.15,0.05,20,all,monthly,0.1,3.0,365,,,0.144,0.0478,0.2749,52,3,0.2553,95236274.8605,197236274.8605,0.4249,108,2
135,282,False,below_benchmark,-0.1687,SMIC MTT Strategy,smic_mtt_strategy,0.1,4.25,1.1,True,0.1,0.15,0.05,25,all,monthly,0.1,2.75,365,,,0.144,0.0478,0.2749,52,3,0.2553,95236274.8605,197236274.8605,0.4249,108,2
25,283,False,below_benchmark,-0.3733,SMIC MTT Strategy,smic_mtt_strategy,0.7,4.0,0.85,True,0.3,0.5,0.03,10,overseas,quarterly,0.3,1.5,365,,,0.1247,0.0408,0.2397,6,0,0.0507,14214039.2236,116214039.2236,0.2705,12,2
219,284,False,below_benchmark,-0.1166,SMIC MTT Strategy,smic_mtt_strategy,0.1,5.0,1.1,True,1.0,0.35,0.05,15,all,deposit_only,0.15,3.0,365,,,0.1287,0.0405,0.252,62,2,0.3073,123475012.1505,225475012.1505,0.4437,121,4
158,285,False,below_benchmark,-0.2589,SMIC MTT Strategy,smic_mtt_strategy,0.05,4.5,1.1,False,0.0,0.25,0.05,15,all,monthly,0.15,3.0,365,,,0.1039,0.0346,0.1363,304,12,0.1651,54234654.3297,156234654.3297,0.2043,601,9
313,286,False,below_benchmark,-0.2524,SMIC MTT Strategy,smic_mtt_strategy,0.15,4.5,1.1,True,0.0,0.15,0.05,20,all,monthly,0.15,2.75,730,,,0.1031,0.032,0.2031,56,3,0.1716,56866616.8342,158866616.8342,0.4513,113,3
349,288,False,below_benchmark,-0.2524,SMIC MTT Strategy,smic_mtt_strategy,0.15,4.0,1.1,True,0.2,0.15,0.05,20,all,monthly,0.15,2.75,730,,,0.1031,0.032,0.2031,56,3,0.1716,56866616.8342,158866616.8342,0.4513,113,3
366,289,False,below_benchmark,-0.2524,SMIC MTT Strategy,smic_mtt_strategy,0.15,4.25,1.1,True,0.1,0.15,0.05,20,all,monthly,0.15,2.5,730,,,0.1031,0.032,0.2031,56,3,0.1716,56866616.8342,158866616.8342,0.4513,113,3
370,290,False,below_benchmark,-0.2524,SMIC MTT Strategy,smic_mtt_strategy,0.15,4.25,1.1,True,0.2,0.15,0.05,20,all,monthly,0.15,2.75,730,,,0.1031,0.032,0.2031,56,3,0.1716,56866616.8342,158866616.8342,0.4513,113,3
395,292,False,below_benchmark,-0.2524,SMIC MTT Strategy,smic_mtt_strategy,0.15,4.5,1.1,True,0.1,0.15,0.05,20,all,monthly,0.15,2.75,730,,,0.1031,0.032,0.2031,56,3,0.1716,56866616.8342,158866616.8342,0.4513,113,3
150,293,False,below_benchmark,-0.2577,SMIC MTT Strategy,smic_mtt_strategy,0.05,4.75,1.1,True,0.0,0.15,0.05,5,all,monthly,0.15,2.5,730,,,0.1006,0.0296,0.203,51,3,0.1662,54694277.6097,156694277.6097,0.453,109,3
374,294,False,below_benchmark,-0.3406,SMIC MTT Strategy,smic_mtt_strategy,0.15,4.25,1.1,True,0.1,0.1,0.05,20,all,monthly,0.15,2.75,730,,,0.1085,0.0282,0.2292,42,2,0.0834,24461264.0576,126461264.0576,0.4027,91,4
393,295,False,below_benchmark,-0.3406,SMIC MTT Strategy,smic_mtt_strategy,0.15,4.0,1.1,True,0.1,0.1,0.05,20,all,monthly,0.15,2.75,730,,,0.1085,0.0282,0.2292,42,2,0.0834,24461264.0576,126461264.0576,0.4027,91,4
359,296,False,below_benchmark,-0.225,SMIC MTT Strategy,smic_mtt_strategy,0.2,4.25,1.1,False,0.2,0.15,0.05,20,all,monthly,0.15,2.75,730,,,0.1087,0.0236,0.1896,297,12,0.199,68543295.5067,170543295.5067,0.1896,581,13
147,297,False,below_benchmark,-0.282,SMIC MTT Strategy,smic_mtt_strategy,0.05,4.75,1.1,True,0.0,0.25,0.04,5,all,monthly,0.15,2.75,730,,,0.1081,0.0188,0.255,57,3,0.142,45153397.4234,147153397.4234,0.4338,118,4
239,298,True,accepted,0.0427,SMIC MTT Strategy,smic_mtt_strategy,0.1,5.0,0.95,True,0.0,0.3,0.05,15,all,deposit_only,0.15,3.0,365,,,0.0977,0.0177,0.2285,56,2,0.4667,235615164.4166,337615164.4166,0.2817,116,3
340,299,False,below_benchmark,-0.0056,SMIC MTT Strategy,smic_mtt_strategy,0.15,4.25,0.95,True,0.1,0.2,0.05,20,all,monthly,0.15,2.5,730,,,0.0977,0.0177,0.2285,56,2,0.4184,197093258.5082,299093258.5082,0.3036,111,3
334,300,False,below_benchmark,-0.178,SMIC MTT Strategy,smic_mtt_strategy,0.15,4.5,1.05,True,0.1,0.15,0.05,20,all,monthly,0.15,2.75,730,,,0.0876,0.0169,0.2021,54,3,0.246,90566125.1699,192566125.1699,0.4498,106,4
384,301,False,below_benchmark,-0.178,SMIC MTT Strategy,smic_mtt_strategy,0.15,4.25,1.05,True,0.2,0.15,0.05,20,all,monthly,0.15,2.75,730,,,0.0876,0.0169,0.2021,54,3,0.246,90566125.1699,192566125.1699,0.4498,106,4
88,302,False,below_benchmark,-0.2175,SMIC MTT Strategy,smic_mtt_strategy,0.25,1.25,1.1,True,0.3,0.15,0.04,35,all,monthly,0.1,2.0,365,,,0.1006,0.0068,0.268,53,3,0.2065,71898327.3771,173898327.3771,0.4133,120,2
336,303,False,below_benchmark,-0.2453,SMIC MTT Strategy,smic_mtt_strategy,0.15,4.25,1.1,False,0.1,0.2,-0.05,20,all,monthly,0.15,2.75,730,,,0.0658,0.0049,0.1363,283,14,0.1786,59800859.7373,161800859.7373,0.1631,582,7
398,304,False,below_benchmark,-0.2453,SMIC MTT Strategy,smic_mtt_strategy,0.15,4.25,1.1,False,0.1,0.15,0.05,20,all,monthly,0.15,2.75,730,,,0.0658,0.0049,0.1363,283,14,0.1786,59800859.7373,161800859.7373,0.1631,582,7
375,305,False,below_benchmark,-0.2534,SMIC MTT Strategy,smic_mtt_strategy,0.2,4.5,1.1,True,0.1,0.2,0.04,20,all,monthly,0.15,2.75,730,,,0.0898,0.0011,0.2535,60,3,0.1705,56441028.5257,158441028.5257,0.429,128,2
386,306,False,below_benchmark,-0.2591,SMIC MTT Strategy,smic_mtt_strategy,0.2,4.5,1.1,True,0.6,0.2,0.04,20,all,monthly,0.15,2.75,730,,,0.0898,0.0011,0.2535,60,3,0.1649,54150761.5165,156150761.5165,0.429,129,3
394,307,False,below_benchmark,-0.2534,SMIC MTT Strategy,smic_mtt_strategy,0.2,4.0,1.1,True,0.2,0.2,0.04,20,all,monthly,0.15,2.75,730,,,0.0898,0.0011,0.2535,60,3,0.1705,56441028.5257,158441028.5257,0.429,128,2
309,308,True,accepted,0.1304,SMIC MTT Strategy,smic_mtt_strategy,0.15,4.5,1.1,True,0.0,0.2,0.05,20,all,monthly,0.15,2.75,180,,,0.0851,0.0009,0.2405,63,3,0.5544,317461580.3132,419461580.3132,0.2405,120,2
257,309,True,accepted,0.1498,SMIC MTT Strategy,smic_mtt_strategy,0.1,4.5,1.1,True,0.0,0.25,0.05,15,all,monthly,0.15,3.0,180,,,0.085,0.0009,0.2405,63,3,0.5738,337897578.257,439897578.257,0.2405,119,2
139,310,False,below_benchmark,-0.2286,SMIC MTT Strategy,smic_mtt_strategy,0.05,4.75,1.1,True,0.0,0.25,0.04,15,all,monthly,0.15,3.0,365,,,0.0895,0.0008,0.2533,60,3,0.1954,66960111.3773,168960111.3773,0.4226,127,4
145,311,False,below_benchmark,-0.2286,SMIC MTT Strategy,smic_mtt_strategy,0.05,4.5,1.1,True,0.0,0.25,0.04,10,all,monthly,0.15,2.75,365,,,0.0895,0.0008,0.2533,60,3,0.1954,66960111.3773,168960111.3773,0.4226,127,4
157,313,False,below_benchmark,-0.2286,SMIC MTT Strategy,smic_mtt_strategy,0.05,4.5,1.1,True,0.0,0.25,0.04,15,all,monthly,0.15,3.0,730,,,0.0895,0.0008,0.2533,60,3,0.1954,66960111.3773,168960111.3773,0.4226,127,4
290,314,False,below_benchmark,-0.2286,SMIC MTT Strategy,smic_mtt_strategy,0.05,5.0,1.1,True,0.0,0.3,0.04,15,all,monthly,0.15,3.0,365,,,0.0895,0.0008,0.2533,60,3,0.1954,66960111.3773,168960111.3773,0.4226,127,4
60,315,False,below_benchmark,-0.3005,SMIC MTT Strategy,smic_mtt_strategy,0.4,1.75,1.05,False,0.5,0.7,0.01,40,all,monthly,0.1,1.25,1095,,,0.0682,-0.0006,0.1966,202,8,0.1234,38258795.6078,140258795.6078,0.1966,417,3
381,316,True,accepted,0.0536,SMIC MTT Strategy,smic_mtt_strategy,0.2,4.25,1.1,True,0.1,0.2,0.0,20,all,monthly,0.15,2.75,730,,,0.0739,-0.0016,0.2158,83,4,0.4775,244890955.3329,346890955.3329,0.3621,173,2
311,317,True,accepted,0.0536,SMIC MTT Strategy,smic_mtt_strategy,0.15,4.5,1.1,True,0.0,0.2,0.0,10,all,monthly,0.15,2.75,730,,,0.0738,-0.0017,0.2158,90,4,0.4775,244893485.9084,346893485.9084,0.362,180,2
39,318,False,below_benchmark,-0.243,SMIC MTT Strategy,smic_mtt_strategy,0.2,1.25,1.05,False,0.1,0.95,0.04,40,domestic,quarterly,0.1,0.5,1095,,,0.0812,-0.0018,0.2371,211,8,0.181,60798735.0874,162798735.0874,0.2371,400,2
188,319,False,below_benchmark,-0.2707,SMIC MTT Strategy,smic_mtt_strategy,0.1,4.75,1.1,True,0.0,0.35,0.04,15,all,deposit_only,0.15,3.0,365,,,0.0855,-0.003,0.2529,67,4,0.1533,49512654.6734,151512654.6734,0.4232,140,5
278,321,True,accepted,0.1464,SMIC MTT Strategy,smic_mtt_strategy,0.1,4.5,1.1,True,0.0,0.35,0.05,15,all,deposit_only,0.15,3.0,180,,,0.0805,-0.0061,0.2475,65,2,0.5704,334260845.7144,436260845.7144,0.2475,123,3
61,322,False,below_benchmark,-0.4958,SMIC MTT Strategy,smic_mtt_strategy,0.45,2.0,1.05,True,0.4,0.65,0.02,35,overseas,monthly,0.05,1.0,1095,,,0.0714,-0.0073,0.2248,10,0,-0.0718,-17075344.2259,84924655.7741,0.3762,47,0
193,323,False,below_benchmark,-0.0295,SMIC MTT Strategy,smic_mtt_strategy,0.1,4.75,1.1,True,0.0,0.3,-0.02,15,all,deposit_only,0.15,3.0,365,,,0.0617,-0.0138,0.2158,101,3,0.3944,179518936.8971,281518936.8971,0.3391,187,2
249,324,False,below_benchmark,-0.0295,SMIC MTT Strategy,smic_mtt_strategy,0.15,4.75,1.1,True,0.0,0.25,-0.04,15,all,monthly,0.15,3.0,365,,,0.0617,-0.0138,0.2158,101,3,0.3945,179535568.8588,281535568.8588,0.3391,184,2
251,325,False,below_benchmark,-0.0295,SMIC MTT Strategy,smic_mtt_strategy,0.1,4.75,1.1,True,0.0,0.3,-0.01,15,all,quarterly,0.15,3.0,365,,,0.0617,-0.0138,0.2158,101,3,0.3944,179518936.8971,281518936.8971,0.3391,187,2
272,326,False,below_benchmark,-0.0295,SMIC MTT Strategy,smic_mtt_strategy,0.1,4.75,1.1,True,0.0,0.25,-0.03,15,all,monthly,0.15,3.0,365,,,0.0617,-0.0138,0.2158,101,3,0.3945,179535568.8588,281535568.8588,0.3391,184,2
47,327,False,below_benchmark,-0.3844,SMIC MTT Strategy,smic_mtt_strategy,0.05,1.5,1.1,False,0.2,0.85,0.01,30,overseas,monthly,0.15,0.75,1095,,,0.0352,-0.0157,0.1456,96,3,0.0396,10924378.2164,112924378.2164,0.2775,190,4
10,328,False,below_benchmark,-0.3422,SMIC MTT Strategy,smic_mtt_strategy,0.6,1.0,1.0,True,0.9,0.35,-0.01,20,all,quarterly,0.2,2.75,730,,,0.0554,-0.0166,0.2058,19,1,0.0817,23909813.383,125909813.383,0.3281,48,1
11,329,False,below_benchmark,-0.2965,SMIC MTT Strategy,smic_mtt_strategy,0.6,1.0,1.0,True,1.0,0.35,-0.01,20,all,quarterly,0.2,3.0,730,,,0.0554,-0.0166,0.2058,19,1,0.1275,39744297.9494,141744297.9494,0.2788,47,0
314,330,False,below_benchmark,-0.1995,SMIC MTT Strategy,smic_mtt_strategy,0.15,4.5,1.1,False,0.7,0.2,0.05,20,all,monthly,0.15,2.75,730,,,0.0401,-0.0212,0.1363,284,13,0.2245,80177395.054,182177395.054,0.1676,581,10
379,331,False,below_benchmark,-0.1995,SMIC MTT Strategy,smic_mtt_strategy,0.15,4.5,1.1,False,0.1,0.15,0.05,20,all,monthly,0.15,2.75,730,,,0.0401,-0.0212,0.1363,284,13,0.2245,80177395.054,182177395.054,0.1676,581,10
108,332,False,below_benchmark,-0.2136,SMIC MTT Strategy,smic_mtt_strategy,0.1,3.75,1.1,False,0.1,0.2,0.05,20,all,monthly,0.1,2.25,365,,,0.0684,-0.0223,0.2339,272,8,0.2103,73630415.1968,175630415.1968,0.2339,539,4
48,333,True,accepted,0.0398,SMIC MTT Strategy,smic_mtt_strategy,0.2,1.25,1.05,True,0.0,0.6,0.0,35,all,monthly,0.2,0.75,180,,,0.0522,-0.0228,0.2144,97,4,0.4638,233207787.2702,335207787.2702,0.3737,190,8
66,334,False,below_benchmark,-0.5009,SMIC MTT Strategy,smic_mtt_strategy,0.45,1.0,1.05,True,0.4,0.5,0.0,40,overseas,monthly,0.05,1.75,1095,,,0.0558,-0.0229,0.2248,13,0,-0.0769,-18162439.3882,83837560.6118,0.3734,49,0
363,335,False,below_benchmark,-0.0021,SMIC MTT Strategy,smic_mtt_strategy,0.15,4.0,1.0,True,0.1,0.15,0.05,20,all,monthly,0.15,2.75,730,,,0.0519,-0.0237,0.2161,51,2,0.4219,199703769.3875,301703769.3875,0.2161,104,3
332,336,False,below_benchmark,-0.3477,SMIC MTT Strategy,smic_mtt_strategy,0.15,4.5,1.1,True,0.1,0.15,0.04,20,all,monthly,0.15,2.75,730,,,0.0563,-0.0246,0.2311,57,3,0.0763,22158640.2862,124158640.2862,0.4377,117,2
341,337,False,below_benchmark,-0.3477,SMIC MTT Strategy,smic_mtt_strategy,0.15,4.25,1.1,True,0.1,0.15,0.04,20,all,monthly,0.15,2.75,730,,,0.0563,-0.0246,0.2311,57,3,0.0763,22158640.2862,124158640.2862,0.4377,117,2
330,338,True,accepted,0.0075,SMIC MTT Strategy,smic_mtt_strategy,0.15,4.5,1.1,True,0.1,0.2,-0.01,20,all,monthly,0.15,2.75,730,,,0.0462,-0.0293,0.2158,90,3,0.4314,207064780.1825,309064780.1825,0.3319,177,2
164,339,False,below_benchmark,-0.0232,SMIC MTT Strategy,smic_mtt_strategy,0.05,5.0,1.1,True,0.0,0.25,-0.04,10,all,monthly,0.15,3.0,365,,,0.0436,-0.0313,0.2139,99,3,0.4008,184081066.7887,286081066.7887,0.3381,180,1
350,340,False,below_benchmark,-0.3313,SMIC MTT Strategy,smic_mtt_strategy,0.2,4.0,1.1,True,0.2,0.15,0.05,20,all,monthly,0.2,2.75,730,,,0.0503,-0.0337,0.2401,49,3,0.0927,27534923.3083,129534923.3083,0.3476,102,3
310,341,False,below_benchmark,-0.3313,SMIC MTT Strategy,smic_mtt_strategy,0.15,4.5,1.1,True,0.0,0.15,0.05,20,all,monthly,0.2,2.75,730,,,0.0503,-0.0337,0.2401,51,3,0.0927,27533347.0024,129533347.0024,0.3476,104,3
106,342,True,accepted,0.1608,SMIC MTT Strategy,smic_mtt_strategy,0.2,3.75,0.85,True,0.2,0.3,0.05,30,all,monthly,0.1,2.5,365,,,0.0442,-0.034,0.2235,54,2,0.5848,349779257.1015,451779257.1015,0.2235,112,1
129,343,False,below_benchmark,-0.2437,SMIC MTT Strategy,smic_mtt_strategy,0.05,4.5,1.1,False,0.1,0.15,0.05,25,all,monthly,0.1,2.75,365,,,0.0623,-0.0344,0.2361,285,8,0.1803,60492132.2149,162492132.2149,0.2361,547,4
56,344,False,below_benchmark,-0.2477,SMIC MTT Strategy,smic_mtt_strategy,0.3,1.0,1.05,True,0.4,0.65,0.0,35,all,monthly,0.1,1.0,1095,,,0.045,-0.0368,0.2336,71,3,0.1763,58837301.3916,160837301.3916,0.4116,133,2
8,345,False,below_benchmark,-0.1809,SMIC MTT Strategy,smic_mtt_strategy,0.05,3.5,0.95,False,0.2,0.7,-0.04,30,domestic,quarterly,0.3,1.0,365,,,0.0541,-0.0383,0.2012,305,16,0.243,89109382.4652,191109382.4652,0.2012,622,13
1,346,True,accepted,0.1464,SMIC MTT Strategy,smic_mtt_strategy,0.15,2.0,1.05,True,0.2,0.55,0.01,5,all,monthly,0.1,0.75,180,,,0.0675,-0.0438,0.3181,87,4,0.5703,334168748.803,436168748.803,0.3181,167,3
75,347,False,below_benchmark,-0.524,SMIC MTT Strategy,smic_mtt_strategy,0.3,1.5,1.05,True,0.8,0.5,0.02,40,overseas,monthly,0.05,1.5,1095,,,0.0214,-0.0573,0.2248,12,0,-0.1,-22924785.1129,79075214.8871,0.3887,41,0
0,348,False,below_benchmark,-0.3916,SMIC MTT Strategy,smic_mtt_strategy,0.3,5.0,0.85,False,0.1,0.15,0.04,25,overseas,deposit_only,0.1,1.25,1095,,,0.0071,-0.0744,0.2327,54,1,0.0324,8862314.9517,110862314.9517,0.2463,148,1
210,349,True,accepted,0.004,SMIC MTT Strategy,smic_mtt_strategy,0.15,4.75,0.9,True,0.0,0.3,0.05,15,all,deposit_only,0.15,3.0,365,,,0.0122,-0.0774,0.256,61,2,0.428,204396931.526,306396931.526,0.256,131,4
371,350,False,below_benchmark,-0.0119,SMIC MTT Strategy,smic_mtt_strategy,0.15,4.25,0.9,True,0.1,0.2,0.05,20,all,monthly,0.15,2.75,730,,,0.0122,-0.0774,0.256,61,2,0.412,192334145.6205,294334145.6205,0.256,129,4
15,351,False,below_benchmark,-0.3381,SMIC MTT Strategy,smic_mtt_strategy,0.4,3.0,0.95,True,0.7,0.35,-0.01,30,all,quarterly,0.2,1.5,730,,,0.0315,-0.0839,0.3297,50,2,0.0859,25261833.8871,127261833.8871,0.3999,113,4
46,352,False,below_benchmark,-0.2238,SMIC MTT Strategy,smic_mtt_strategy,0.15,1.0,1.1,True,0.3,0.75,0.01,35,domestic,monthly,0.2,1.0,180,,,-0.0294,-0.0873,0.1653,67,3,0.2002,69087741.8198,171087741.8198,0.2765,108,2
36,353,False,below_benchmark,-0.2392,SMIC MTT Strategy,smic_mtt_strategy,0.25,1.25,1.05,False,0.1,0.9,0.04,35,overseas,quarterly,0.1,0.5,180,,,-0.0109,-0.0896,0.2248,65,3,0.1848,62413157.4154,164413157.4154,0.2248,155,2
77,354,False,below_benchmark,-0.2745,SMIC MTT Strategy,smic_mtt_strategy,0.3,1.75,1.05,False,0.6,0.45,0.01,40,domestic,monthly,0.1,1.75,1095,,,-0.0162,-0.0929,0.2191,178,8,0.1495,48046459.6663,150046459.6663,0.2191,380,2
4,355,False,below_benchmark,-0.2503,SMIC MTT Strategy,smic_mtt_strategy,0.25,2.25,1.1,False,0.5,0.2,0.02,35,domestic,deposit_only,0.05,0.5,1095,,,-0.0278,-0.0946,0.1909,188,3,0.1737,57740871.976,159740871.976,0.1953,327,1
99,356,False,below_benchmark,-0.1876,SMIC MTT Strategy,smic_mtt_strategy,0.2,3.75,1.1,True,0.2,0.3,0.05,30,all,monthly,0.05,2.5,365,,,-0.0241,-0.0964,0.2066,52,2,0.2364,85855197.7104,187855197.7104,0.3319,112,0
120,357,False,below_benchmark,-0.5513,SMIC MTT Strategy,smic_mtt_strategy,0.1,4.5,1.1,True,0.1,0.2,0.05,20,all,monthly,0.05,3.0,365,,,-0.0242,-0.0965,0.2066,54,2,-0.1273,-28168751.5057,73831248.4943,0.3889,109,0
5,358,False,below_benchmark,-0.2709,SMIC MTT Strategy,smic_mtt_strategy,0.2,2.5,0.8,False,0.3,0.25,0.05,35,domestic,monthly,0.25,2.75,1095,,,-0.0257,-0.1053,0.1784,293,13,0.1531,49446614.2776,151446614.2776,0.1784,538,11
298,359,False,below_benchmark,-0.0118,SMIC MTT Strategy,smic_mtt_strategy,0.15,5.0,0.8,True,0.0,0.25,0.05,15,all,monthly,0.15,3.0,365,,,-0.0101,-0.1119,0.2909,59,1,0.4122,192449213.301,294449213.301,0.2909,115,1
149,360,False,below_benchmark,-0.0128,SMIC MTT Strategy,smic_mtt_strategy,0.05,4.5,0.8,True,0.0,0.25,0.05,15,all,deposit_only,0.15,2.75,730,,,-0.0117,-0.1136,0.2913,60,1,0.4112,191704019.8409,293704019.8409,0.2913,118,1
3,361,False,below_benchmark,-0.292,SMIC MTT Strategy,smic_mtt_strategy,0.3,2.0,1.05,False,0.0,1.0,0.03,10,domestic,monthly,0.15,0.75,180,,,-0.0499,-0.1165,0.18,259,10,0.132,41398239.1038,143398239.1038,0.2296,469,3
301,362,False,below_benchmark,-0.0277,SMIC MTT Strategy,smic_mtt_strategy,0.05,4.75,1.1,True,0.0,0.25,-0.02,20,all,monthly,0.15,3.0,180,,,-0.0451,-0.1179,0.208,96,4,0.3963,180860590.9787,282860590.9787,0.3332,184,4
79,363,False,below_benchmark,-0.3373,SMIC MTT Strategy,smic_mtt_strategy,0.2,2.25,0.95,True,0.5,0.55,0.02,35,overseas,monthly,0.05,1.5,1095,,,-0.0315,-0.1259,0.1268,15,0,0.0867,25540339.2388,127540339.2388,0.3096,62,0
237,364,True,accepted,0.0709,SMIC MTT Strategy,smic_mtt_strategy,0.15,4.5,0.85,True,0.0,0.3,0.05,15,all,deposit_only,0.15,3.0,365,,,-0.0449,-0.145,0.2859,55,2,0.4949,260190088.6321,362190088.6321,0.2859,113,1
57,365,False,below_benchmark,-0.3557,SMIC MTT Strategy,smic_mtt_strategy,0.1,1.0,1.05,True,0.4,0.55,0.03,35,domestic,monthly,0.05,1.25,1095,,,-0.0822,-0.1456,0.1811,47,1,0.0683,19610673.6389,121610673.6389,0.2488,77,0
6,366,False,below_benchmark,-0.4424,SMIC MTT Strategy,smic_mtt_strategy,0.7,4.5,0.9,True,0.2,0.2,-0.02,40,overseas,monthly,0.1,1.75,1095,,,-0.0195,-0.1466,0.2201,3,0,-0.0184,-4693913.1623,97306086.8377,0.2201,10,1
49,367,False,below_benchmark,-0.2901,SMIC MTT Strategy,smic_mtt_strategy,0.1,1.5,0.8,True,0.2,0.25,0.02,30,all,monthly,0.15,1.25,180,,,-0.0909,-0.1568,0.1882,81,1,0.1339,42113818.9381,144113818.9381,0.339,157,3
267,368,True,accepted,0.0486,SMIC MTT Strategy,smic_mtt_strategy,0.75,4.75,1.1,True,0.0,0.3,0.05,15,all,monthly,0.15,3.0,365,,,-0.0736,-0.1616,0.2515,20,1,0.4726,240620225.6567,342620225.6567,0.2515,48,1
35,369,False,below_benchmark,-0.3756,SMIC MTT Strategy,smic_mtt_strategy,0.2,1.75,1.1,True,0.0,0.95,0.05,40,overseas,monthly,0.05,0.75,180,,,-0.0346,-0.1633,0.2248,16,0,0.0484,13513830.2969,115513830.2969,0.3155,40,0
235,370,True,accepted,0.1126,SMIC MTT Strategy,smic_mtt_strategy,0.65,4.75,1.1,True,0.0,0.3,0.05,15,all,deposit_only,0.15,3.0,365,,,-0.0756,-0.1636,0.2514,22,1,0.5365,299490369.1487,401490369.1487,0.2514,55,1
100,371,False,below_benchmark,-0.2105,SMIC MTT Strategy,smic_mtt_strategy,0.2,3.25,0.9,True,0.2,0.2,0.05,30,all,deposit_only,0.2,2.75,365,,,-0.0517,-0.1734,0.3477,49,2,0.2134,75040123.9478,177040123.9478,0.3477,112,5
26,372,False,below_benchmark,-0.4781,SMIC MTT Strategy,smic_mtt_strategy,0.35,2.0,1.05,False,0.3,0.8,-0.02,20,overseas,deposit_only,0.2,0.75,365,,,-0.0676,-0.1762,0.3102,55,1,-0.0541,-13176878.4393,88823121.5607,0.4533,139,3
16,373,False,below_benchmark,-0.3873,SMIC MTT Strategy,smic_mtt_strategy,0.65,1.5,1.05,True,0.4,0.1,0.02,15,all,quarterly,0.3,2.25,365,,,-0.0302,-0.1773,0.2777,12,0,0.0366,10077683.0254,112077683.0254,0.4146,42,4
319,374,True,accepted,0.0283,SMIC MTT Strategy,smic_mtt_strategy,0.2,4.5,1.1,True,0.1,0.2,0.05,20,domestic,monthly,0.15,2.5,730,,,-0.1088,-0.1806,0.2052,45,2,0.4523,223712787.1326,325712787.1326,0.255,81,3
345,375,False,duplicate_behavior,0.0283,SMIC MTT Strategy,smic_mtt_strategy,0.2,4.25,1.1,True,0.1,0.2,0.05,20,domestic,monthly,0.15,2.75,730,,,-0.1088,-0.1806,0.2052,45,2,0.4523,223712787.1326,325712787.1326,0.255,81,3
389,376,False,below_benchmark,-0.1736,SMIC MTT Strategy,smic_mtt_strategy,0.15,4.25,1.1,True,0.2,0.15,0.05,20,domestic,monthly,0.15,2.75,730,,,-0.1107,-0.1824,0.205,47,2,0.2504,92767553.8423,194767553.8423,0.2095,76,2
70,377,False,below_benchmark,-0.3748,SMIC MTT Strategy,smic_mtt_strategy,0.45,1.0,1.05,True,0.3,0.3,0.02,40,all,quarterly,0.05,1.75,365,,,-0.0558,-0.1845,0.2248,35,0,0.0491,13742598.1174,115742598.1174,0.3653,85,1
133,378,True,accepted,0.1035,SMIC MTT Strategy,smic_mtt_strategy,0.05,4.5,1.1,True,0.1,0.2,0.05,20,domestic,monthly,0.1,2.75,365,,,-0.0962,-0.1853,0.2547,51,1,0.5274,290588995.6965,392588995.6965,0.2575,86,1
37,379,False,below_benchmark,-0.3471,SMIC MTT Strategy,smic_mtt_strategy,0.1,1.75,1.05,True,0.2,0.95,0.02,40,domestic,monthly,0.1,0.75,180,,,-0.1198,-0.1883,0.1956,61,2,0.0769,22350322.5194,124350322.5194,0.2394,106,1
13,380,False,below_benchmark,-0.1712,SMIC MTT Strategy,smic_mtt_strategy,0.8,3.5,1.0,True,0.8,0.4,-0.05,15,all,quarterly,0.25,2.25,730,,,-0.0702,-0.1894,0.3406,24,1,0.2527,93951218.586,195951218.586,0.3797,54,2
175,381,True,accepted,0.0541,SMIC MTT Strategy,smic_mtt_strategy,0.1,4.5,1.1,True,0.0,0.3,0.05,15,domestic,monthly,0.15,3.0,365,,,-0.1088,-0.1919,0.2373,46,2,0.4781,245384529.8933,347384529.8933,0.2373,84,3
220,382,False,duplicate_behavior,0.0541,SMIC MTT Strategy,smic_mtt_strategy,0.15,4.75,1.1,True,0.0,0.3,0.05,15,domestic,deposit_only,0.15,3.0,365,,,-0.1088,-0.1919,0.2373,46,2,0.4781,245384529.8933,347384529.8933,0.2373,84,3
254,383,False,duplicate_behavior,0.0541,SMIC MTT Strategy,smic_mtt_strategy,0.15,4.5,1.1,True,0.0,0.25,0.05,15,domestic,deposit_only,0.15,3.0,365,,,-0.1088,-0.1919,0.2373,46,2,0.4781,245384529.8933,347384529.8933,0.2373,84,3
276,384,False,duplicate_behavior,0.0541,SMIC MTT Strategy,smic_mtt_strategy,0.1,5.0,1.1,True,0.0,0.25,0.05,15,domestic,deposit_only,0.15,2.75,365,,,-0.1088,-0.1919,0.2373,46,2,0.4781,245384529.8933,347384529.8933,0.2373,84,3
148,385,True,accepted,0.0527,SMIC MTT Strategy,smic_mtt_strategy,0.05,5.0,1.1,True,0.0,0.25,0.05,10,domestic,monthly,0.15,3.0,730,,,-0.1125,-0.1954,0.2369,51,2,0.4767,244140574.5138,346140574.5138,0.2369,88,3
296,386,False,duplicate_behavior,0.0527,SMIC MTT Strategy,smic_mtt_strategy,0.05,4.75,1.1,True,0.0,0.35,0.05,15,domestic,deposit_only,0.15,3.0,365,,,-0.1125,-0.1954,0.2369,51,2,0.4767,244140574.5138,346140574.5138,0.2369,88,3
325,387,False,below_benchmark,-0.4089,SMIC MTT Strategy,smic_mtt_strategy,0.2,4.25,1.1,True,0.1,0.15,0.04,20,all,monthly,0.15,2.75,730,,,-0.1083,-0.1978,0.2555,53,3,0.0151,4023987.4442,106023987.4442,0.4201,113,2
45,388,False,below_benchmark,-0.0957,SMIC MTT Strategy,smic_mtt_strategy,0.1,1.5,1.1,True,0.3,0.8,0.02,25,all,monthly,0.15,0.75,180,,,-0.1275,-0.2025,0.2143,79,4,0.3282,135868410.3403,237868410.3403,0.3086,162,2
7,389,False,below_benchmark,-0.3989,SMIC MTT Strategy,smic_mtt_strategy,0.45,1.0,0.85,True,0.1,0.55,0.05,10,domestic,deposit_only,0.2,1.75,365,,,-0.1187,-0.2027,0.2398,24,1,0.025,6775513.4699,108775513.4699,0.3007,42,1
368,390,False,below_benchmark,-0.0317,SMIC MTT Strategy,smic_mtt_strategy,0.15,4.25,1.1,True,0.1,0.2,0.04,20,domestic,monthly,0.15,2.75,730,,,-0.1518,-0.2233,0.2043,55,3,0.3923,177974273.9009,279974273.9009,0.2539,92,3
17,391,False,below_benchmark,-0.1893,SMIC MTT Strategy,smic_mtt_strategy,0.4,1.0,1.0,True,0.7,0.3,0.0,30,all,quarterly,0.15,3.0,365,,,-0.1394,-0.2269,0.2499,48,2,0.2347,85023106.9486,187023106.9486,0.2499,101,0
29,392,False,below_benchmark,-0.5571,SMIC MTT Strategy,smic_mtt_strategy,0.5,1.75,1.05,False,0.5,0.85,0.04,35,overseas,quarterly,0.2,1.0,730,,,-0.1161,-0.2301,0.1829,59,0,-0.1332,-29239472.3059,72760527.6941,0.4201,128,3
315,393,False,below_benchmark,-0.2609,SMIC MTT Strategy,smic_mtt_strategy,0.15,4.5,0.9,True,0.0,0.2,0.04,20,all,monthly,0.15,2.75,730,,,-0.1478,-0.2374,0.256,66,3,0.1631,53418771.7913,155418771.7913,0.256,141,6
382,394,False,below_benchmark,-0.2914,SMIC MTT Strategy,smic_mtt_strategy,0.15,4.5,0.85,True,0.1,0.2,0.05,20,all,monthly,0.2,2.75,730,,,-0.1128,-0.2412,0.3666,49,2,0.1326,41625595.866,143625595.866,0.3666,109,1
38,395,False,below_benchmark,-0.4731,SMIC MTT Strategy,smic_mtt_strategy,0.35,2.0,1.1,True,0.0,0.6,0.05,35,all,quarterly,0.05,0.75,180,,,-0.1276,-0.2493,0.2049,46,0,-0.0491,-12036451.5414,89963548.4586,0.2519,96,0
208,396,False,below_benchmark,-0.2002,SMIC MTT Strategy,smic_mtt_strategy,0.55,4.75,1.1,True,0.0,0.3,0.05,15,all,deposit_only,0.15,3.0,365,,,-0.1695,-0.2567,0.2492,27,1,0.2238,79835033.7871,181835033.7871,0.398,76,2
294,397,False,below_benchmark,-0.2002,SMIC MTT Strategy,smic_mtt_strategy,0.55,4.75,1.1,True,0.0,0.25,0.05,15,all,deposit_only,0.15,3.0,365,,,-0.1695,-0.2567,0.2492,27,1,0.2238,79835033.7871,181835033.7871,0.398,76,2
14,398,False,below_benchmark,-0.3569,SMIC MTT Strategy,smic_mtt_strategy,0.55,1.5,1.1,True,0.8,0.8,0.01,25,all,quarterly,0.15,2.25,365,,,-0.1931,-0.2801,0.2486,29,1,0.0671,19243944.9728,121243944.9728,0.3941,86,1
2,399,False,below_benchmark,-0.2435,SMIC MTT Strategy,smic_mtt_strategy,0.05,4.75,0.9,True,0.5,0.6,-0.03,40,domestic,monthly,0.1,0.5,1095,,,-0.1889,-0.2847,0.2736,69,2,0.1805,60563430.5727,162563430.5727,0.3614,115,1
12,400,False,below_benchmark,-0.3232,SMIC MTT Strategy,smic_mtt_strategy,0.5,1.5,1.0,True,1.0,0.4,0.0,20,all,quarterly,0.25,2.5,730,,,-0.1895,-0.3153,0.3595,30,1,0.1008,30278216.4184,132278216.4184,0.4102,77,3
