account_id,symbol,company,open_date,close_date,holding_days,buy_fills,sell_fills,total_qty_bought,total_qty_sold,avg_entry_price_krw,avg_exit_price_krw,realized_pnl_krw,unrealized_pnl_krw,last_close_krw,status,exit_reasons
smic_follower,GTT.PA,Gaztransport&technigaz,2021-01-04,2022-03-07,427,4,1,57,57,105727.3923,124595.6808,1075492.4461,,,closed,"('target_hit',)"
smic_follower,ROKU,Roku,2021-01-04,2021-01-05,1,1,1,9,9,345059.8232,356662.6207,104425.1775,,,closed,"('target_hit',)"
smic_follower,SE,SEA ltd.,2021-01-04,2021-06-17,164,2,1,23,23,215537.6185,316578.628,2323943.2172,,,closed,"('target_hit',)"
smic_follower,353810.KQ,이지바이오,2021-01-07,2021-01-08,1,1,1,22,22,8065.2396,7213.7762,-18732.1959,,,closed,"('target_hit',)"
smic_follower,166090.KQ,하나머티리얼즈,2021-01-18,2021-03-24,65,4,1,42,42,32155.4137,40301.0594,342117.1207,,,closed,"('target_hit',)"
smic_follower,170790.KQ,파이오링크,2021-01-18,2023-01-16,728,6,1,209,209,13225.0989,13267.428,8846.7755,,,closed,"('stop_loss_report_age',)"
smic_follower,006650.KS,대한유화,2021-02-01,2021-02-16,15,1,1,3,3,287686.8966,393533.8596,317540.8892,,,closed,"('target_hit',)"
smic_follower,009830.KS,한화솔루션,2021-02-01,2021-02-08,7,1,1,2,2,57054.8197,60551.3442,6993.0489,,,closed,"('target_hit',)"
smic_follower,004020.KS,현대제철,2021-05-03,2023-04-17,714,6,1,30,30,51353.3618,36859.5085,-434815.5997,,,closed,"('stop_loss_report_age',)"
smic_follower,060150.KQ,인선이엔티,2021-05-03,2023-04-17,714,9,1,99,99,12888.1708,8618.8404,-422663.7087,,,closed,"('stop_loss_report_age',)"
smic_follower,007690.KS,국도화학,2021-06-01,2023-04-17,685,4,1,25,25,56031.223,44357.1211,-291852.5471,,,closed,"('stop_loss_report_age',)"
smic_follower,017650.KS,대림제지,2021-06-01,2023-04-17,685,10,1,124,124,12997.5568,8738.5465,-528117.2722,,,closed,"('stop_loss_report_age',)"
smic_follower,005850.KS,에스엘,2021-06-17,2023-06-06,719,7,1,49,49,31325.4527,37208.6514,288276.7345,,,closed,"('stop_loss_report_age',)"
smic_follower,032640.KS,LG유플러스,2021-06-17,2023-06-06,719,8,1,90,90,15032.5437,11142.6444,-350090.9387,,,closed,"('stop_loss_report_age',)"
smic_follower,036420.KS,제이콘텐트리,2021-06-17,2021-11-22,158,3,1,21,21,51690.7239,74317.5476,475163.299,,,closed,"('target_hit',)"
smic_follower,053030.KQ,바이넥스,2021-06-17,2023-05-08,690,8,1,72,72,19331.3086,10743.624,-618313.2938,,,closed,"('stop_loss_report_age',)"
smic_follower,1833.HK,Ping An Healthcare & Technology,2021-06-17,2023-05-31,713,10,1,846,846,4651.3949,3035.0456,-1367431.5029,,,closed,"('stop_loss_report_age',)"
smic_follower,194480.KQ,데브시스터즈,2021-06-17,2021-09-27,102,4,1,12,12,89825.0217,197515.093,1292280.8558,,,closed,"('target_hit',)"
smic_follower,248070.KS,솔루엠,2021-06-17,2023-05-08,690,6,1,44,44,28906.279,25587.1825,-146040.2474,,,closed,"('stop_loss_report_age',)"
smic_follower,284740.KS,쿠쿠홈시스,2021-07-01,2023-05-08,676,4,1,26,26,44405.7714,25188.1621,-499657.8414,,,closed,"('stop_loss_report_age',)"
smic_follower,285490.KQ,노바텍,2021-09-27,2023-01-16,476,3,1,38,38,30770.6164,22395.0194,-318272.6882,,,closed,"('stop_loss_report_age',)"
smic_follower,4751.T,Cyber Agent,2021-10-01,2023-05-31,607,4,1,60,60,11649.0802,9304.9939,-140645.1749,,,closed,"('stop_loss_report_age',)"
smic_follower,004250.KS,NPC,2021-11-22,2021-12-21,29,2,1,122,122,6923.5143,9267.2486,285935.5827,,,closed,"('target_hit',)"
smic_follower,036930.KQ,주성엔지니어링,2021-11-22,2022-03-02,100,1,1,45,45,16010.4012,26634.611,478089.4425,,,closed,"('target_hit',)"
smic_follower,002714.SZ,Muyuan foods co ltd,2021-12-01,2023-11-30,729,5,1,296,296,10620.3289,8421.9328,-650725.2284,,,closed,"('stop_loss_report_age',)"
smic_follower,054780.KQ,키이스트,2021-12-01,2023-11-03,702,13,1,119,119,10909.8607,6553.9099,-518358.148,,,closed,"('stop_loss_report_age',)"
smic_follower,003030.KS,세아제강지주,2021-12-21,2022-04-15,115,2,1,7,7,106211.858,153622.8502,331876.9453,,,closed,"('target_hit',)"
smic_follower,122640.KQ,예스티,2021-12-21,2023-08-31,618,5,1,102,102,10994.888,25238.0397,1452801.4745,,,closed,"('target_hit',)"
smic_follower,4689.T,Z-holdings,2022-02-01,2023-11-30,667,7,1,1020,1020,3901.6755,3764.3045,-140118.457,,,closed,"('stop_loss_report_age',)"
smic_follower,148150.KQ,세경하이테크,2022-03-02,2023-11-03,611,10,1,182,182,7151.1843,3764.0923,-616450.7478,,,closed,"('stop_loss_report_age',)"
smic_follower,189300.KQ,인텔리안테크,2022-03-07,2023-12-13,646,2,1,11,11,79560.7778,71723.9151,-86205.4895,,,closed,"('stop_loss_report_age',)"
smic_follower,237690.KQ,에스티팜,2022-03-07,2023-12-13,646,5,1,12,12,89291.3417,61249.6299,-336500.5419,,,closed,"('stop_loss_report_age',)"
smic_follower,293490.KQ,카카오게임즈,2022-03-07,2023-11-20,623,13,1,29,29,47858.6777,25188.1621,-657444.9526,,,closed,"('stop_loss_report_age',)"
smic_follower,294570.KQ,쿠콘,2022-03-07,2023-12-13,646,12,1,40,40,33719.1557,20948.5705,-510823.4106,,,closed,"('stop_loss_report_age',)"
smic_follower,298020.KQ,효성티앤씨,2022-03-07,2023-06-06,456,1,1,1,1,480312.036,393533.8596,-86778.1764,,,closed,"('stop_loss_report_age',)"
smic_follower,344820.KQ,케이씨씨글라스,2022-03-07,2023-05-08,427,2,1,14,14,56479.5492,41498.1206,-209740.0014,,,closed,"('stop_loss_report_age',)"
smic_follower,348210.KQ,넥스틴,2022-03-07,2022-04-19,43,1,1,14,14,55936.3392,72222.6906,228008.9196,,,closed,"('target_hit',)"
smic_follower,348370.KQ,엔켐,2022-03-07,2023-12-13,646,5,1,13,13,80128.9791,70127.8335,-130014.892,,,closed,"('stop_loss_report_age',)"
smic_follower,352820.KS,하이브,2022-03-07,2023-11-20,623,2,1,3,3,264838.7198,192926.3586,-215737.0839,,,closed,"('stop_loss_report_age',)"
smic_follower,376980.KQ,원티드랩,2022-03-07,2023-11-20,623,11,1,79,79,18894.68,11421.9587,-590344.9889,,,closed,"('stop_loss_report_age',)"
smic_follower,OPEN,Opendoor,2022-04-01,2023-11-30,608,16,1,22,22,3403.3999,3868.4663,10231.4605,,,closed,"('stop_loss_report_age',)"
smic_follower,035900.KQ,JYP Ent.,2022-04-19,2023-05-02,378,1,1,13,13,60639.3945,92173.7101,409946.1021,,,closed,"('target_hit',)"
smic_follower,043650.KQ,국순당,2022-04-19,2024-04-15,727,26,1,231,231,6594.3057,5416.7018,-272026.4915,,,closed,"('stop_loss_report_age',)"
smic_follower,002340.SZ,"GEM Co., Ltd.",2022-06-01,2024-05-24,723,6,1,3042,3042,1426.995,1400.782,-79740.0034,,,closed,"('stop_loss_report_age',)"
smic_follower,000210.KS,DL,2022-07-01,2024-06-07,707,16,1,26,26,54433.4398,58755.7524,112380.1295,,,closed,"('stop_loss_report_age',)"
smic_follower,000640.KS,동아쏘시오홀딩스,2022-07-01,2024-06-07,707,9,1,13,13,94074.181,95721.2663,21412.1087,,,closed,"('stop_loss_report_age',)"
smic_follower,007210.KS,벽산,2022-07-01,2024-05-13,682,24,1,652,652,2433.1835,2324.2938,-70996.093,,,closed,"('stop_loss_report_age',)"
smic_follower,006260.KS,LS,2022-08-01,2024-05-17,655,5,1,13,13,67674.7343,162600.8089,1234038.9701,,,closed,"('target_hit',)"
smic_follower,009970.KS,영원무역홀딩스,2022-09-01,2024-02-01,518,3,1,13,13,54843.3214,84791.8329,389330.6489,,,closed,"('target_hit',)"
smic_follower,041830.KQ,인바디,2022-09-01,2024-05-13,620,16,1,49,49,22916.9289,28130.9375,255486.4231,,,closed,"('stop_loss_report_age',)"
smic_follower,067160.KQ,아프리카TV,2022-11-01,2024-01-08,433,7,1,12,12,74465.0431,101251.424,321436.5706,,,closed,"('target_hit',)"
smic_follower,089600.KQ,나스미디어,2022-11-01,2024-10-14,713,18,1,87,87,20932.7735,15960.8156,-432560.3403,,,closed,"('stop_loss_report_age',)"
smic_follower,099430.KQ,바이오플러스,2022-11-01,2022-11-23,22,1,1,1,1,6691.8474,9117.8216,2425.9742,,,closed,"('target_hit',)"
smic_follower,007660.KS,이수페타시스,2022-11-23,2023-01-30,68,3,1,101,101,6232.2666,7581.3874,136261.1987,,,closed,"('target_hit',)"
smic_follower,310200.KQ,애니플러스,2022-11-23,2023-02-01,70,3,1,3,3,3712.4118,5296.9957,4753.7517,,,closed,"('target_hit',)"
smic_follower,010950.KS,S-OIL,2022-12-01,2024-11-12,712,17,1,24,24,73593.6436,54965.0587,-447086.038,,,closed,"('stop_loss_report_age',)"
smic_follower,054210.KQ,이랜텍,2022-12-01,2024-11-12,712,28,1,253,253,8782.1876,5017.6814,-952420.0638,,,closed,"('stop_loss_report_age',)"
smic_follower,005490.KS,포스코홀딩스,2023-01-02,2023-03-31,88,1,1,2,2,272176.8204,364106.1059,183858.5709,,,closed,"('target_hit',)"
smic_follower,028050.KS,삼성엔지니어링,2023-01-16,2023-07-12,177,1,1,24,24,24315.7968,33717.223,225634.2272,,,closed,"('target_hit',)"
smic_follower,047810.KS,한국항공우주,2023-01-16,2024-11-11,665,11,1,28,28,49003.2637,66835.9153,499314.2463,,,closed,"('target_hit',)"
smic_follower,068270.KS,셀트리온,2023-01-16,2024-12-09,693,6,1,8,8,149914.2438,159955.2882,80328.3552,,,closed,"('stop_loss_report_age',)"
smic_follower,089860.KQ,롯데렌탈,2023-01-16,2024-04-15,455,22,1,42,42,27094.9833,26983.7539,-4671.6351,,,closed,"('stop_loss_report_age',)"
smic_follower,100840.KQ,SNT에너지,2023-01-30,2024-12-09,679,19,1,153,153,6919.0047,15631.6238,1333030.72,,,closed,"('stop_loss_report_age',)"
smic_follower,114810.KQ,아이원스,2023-01-30,2024-05-13,469,14,1,116,116,8000.8012,11641.4199,422311.7678,,,closed,"('stop_loss_report_age',)"
smic_follower,119610.KQ,인터로조,2023-02-01,2024-04-15,439,15,1,40,40,30085.7953,24839.0193,-209871.0416,,,closed,"('stop_loss_report_age',)"
smic_follower,215000.KQ,골프존,2023-02-01,2024-05-13,467,12,1,16,16,101628.5232,77509.7108,-385900.9998,,,closed,"('stop_loss_report_age',)"
smic_follower,316140.KS,우리금융지주,2023-02-01,2024-02-02,366,11,1,74,74,11713.9614,14663.9993,218302.8101,,,closed,"('target_hit',)"
smic_follower,368600.KQ,아이씨에이치,2023-02-01,2024-10-14,621,25,1,301,301,5653.5399,3670.9876,-596748.2601,,,closed,"('stop_loss_report_age',)"
smic_follower,322000.KS,현대에너지솔루션,2023-04-03,2024-11-12,589,20,1,48,48,34840.3425,20649.3052,-681169.7891,,,closed,"('stop_loss_report_age',)"
smic_follower,363280.KS,티와이홀딩스,2023-04-03,2024-06-07,431,25,1,371,371,5738.9904,3541.306,-815340.9418,,,closed,"('stop_loss_report_age',)"
smic_follower,159010.KQ,아스플로,2023-04-17,2025-04-14,728,38,1,320,320,8465.8436,4987.7549,-1112988.3945,,,closed,"('stop_loss_report_age',)"
smic_follower,182360.KQ,큐브엔터,2023-04-17,2025-04-14,728,20,1,119,119,17824.9414,16459.5911,-162476.6831,,,closed,"('stop_loss_report_age',)"
smic_follower,204620.KQ,글로벌텍스프리,2023-04-17,2023-08-16,121,8,1,237,237,3648.8177,4912.9386,299596.6356,,,closed,"('target_hit',)"
smic_follower,214450.KQ,파마리서치,2023-04-17,2023-05-16,29,1,1,6,6,98764.1624,111326.6888,75375.1584,,,closed,"('target_hit',)"
smic_follower,366030.KQ,공구우먼,2023-04-17,2023-04-18,1,1,1,61,61,9846.3967,6002.412,-234483.0666,,,closed,"('target_hit',)"
smic_follower,950170.KQ,JTC,2023-04-18,2025-04-14,727,15,1,310,310,4180.6353,5017.6814,259484.2874,,,closed,"('stop_loss_report_age',)"
smic_follower,403870.KQ,HPSP,2023-05-08,2023-05-09,1,1,1,30,30,21764.1391,19863.1483,-57029.7258,,,closed,"('target_hit',)"
smic_follower,ANET,Arista Networks,2023-05-08,2024-11-25,567,4,1,56,56,62614.4176,139909.2732,4328511.9133,,,closed,"('stop_loss_report_age',)"
smic_follower,CHGG,Chegg,2023-05-08,2023-11-30,206,6,1,60,60,13560.1046,12762.0837,-47881.2589,,,closed,"('stop_loss_report_age',)"
smic_follower,023160.KS,태광,2023-05-16,2025-05-12,727,23,1,115,115,14810.9263,17955.9175,361673.9931,,,closed,"('stop_loss_report_age',)"
smic_follower,044490.KQ,태웅,2023-05-16,2025-05-12,727,21,1,120,120,13922.9618,15811.183,226586.5437,,,closed,"('stop_loss_report_age',)"
smic_follower,001060.KS,JW중외제약,2023-05-31,2023-07-18,48,3,1,29,29,22744.6609,35512.8147,370276.4606,,,closed,"('target_hit',)"
smic_follower,210980.KS,SK디앤디,2023-05-31,2025-05-12,712,23,1,226,226,11782.4333,9077.7139,-611266.5794,,,closed,"('stop_loss_report_age',)"
smic_follower,228670.KQ,레이,2023-05-31,2025-05-12,712,27,1,225,225,13397.1924,8588.9139,-1081862.6661,,,closed,"('stop_loss_report_age',)"
smic_follower,328130.KQ,루닛,2023-05-31,2023-09-07,99,1,1,14,14,41927.2381,122399.5046,1126611.7309,,,closed,"('target_hit',)"
smic_follower,363250.KQ,진시스템,2023-05-31,2025-05-12,712,15,1,210,210,10194.7659,10294.7261,20991.6311,,,closed,"('stop_loss_report_age',)"
smic_follower,420770.KQ,기가비스,2023-06-01,2023-06-23,22,1,1,8,8,74648.4956,84592.3227,79550.6167,,,closed,"('target_hit',)"
smic_follower,BAC,Bank of America Corp.,2023-06-01,2023-12-14,196,4,1,21,21,37518.1077,43628.2002,128311.9419,,,closed,"('target_hit',)"
smic_follower,001530.KS,DI동일,2023-06-23,2024-09-20,455,12,1,60,60,20983.5451,30624.8149,578476.1918,,,closed,"('target_hit',)"
smic_follower,408920.KQ,메쎄이상,2023-06-23,2025-06-09,717,42,1,866,866,2514.5123,2279.404,-203603.8178,,,closed,"('stop_loss_report_age',)"
smic_follower,280360.KQ,롯데웰푸드,2023-07-03,2025-06-09,707,11,1,17,17,106810.5662,123097.7903,276882.8093,,,closed,"('stop_loss_report_age',)"
smic_follower,453340.KQ,현대그린푸드,2023-08-31,2025-06-09,648,10,1,120,120,12502.7057,18115.5257,673538.3948,,,closed,"('stop_loss_report_age',)"
smic_follower,EAF,GrafTech International Ltd.,2023-09-01,2024-05-24,266,9,1,63,63,29060.7522,24284.0167,-300934.3367,,,closed,"('stop_loss_report_age',)"
smic_follower,GLW,Corning,2023-09-07,2023-09-08,1,1,1,4,4,42057.9817,41745.7218,-1249.0394,,,closed,"('stop_loss_report_age',)"
smic_follower,MP,MP Materials,2023-09-07,2024-11-25,445,5,1,47,47,21651.2818,29177.5169,353733.0511,,,closed,"('stop_loss_report_age',)"
smic_follower,000660.KS,SK하이닉스,2023-11-01,2024-02-23,114,3,1,8,8,124555.9181,164196.8905,317127.7792,,,closed,"('target_hit',)"
smic_follower,089890.KQ,코세스,2023-11-01,2024-01-25,85,3,1,85,85,9236.0002,18554.4481,792068.0751,,,closed,"('target_hit',)"
smic_follower,200710.KQ,에이디테크놀로지,2023-11-03,2025-10-20,717,17,1,133,133,19875.8447,28031.1824,1084659.9102,,,closed,"('stop_loss_report_age',)"
smic_follower,131970.KQ,두산테스나,2023-11-20,2025-11-11,722,25,1,83,83,36768.465,46485.8754,806545.0624,,,closed,"('stop_loss_report_age',)"
smic_follower,267260.KS,HD현대일렉트릭,2023-11-20,2024-02-26,98,2,1,11,11,84491.2536,139756.8916,607922.0179,,,closed,"('target_hit',)"
smic_follower,1211.HK,BYD,2023-11-30,2025-11-21,722,14,1,200,200,16288.976,17513.8408,244972.9554,,,closed,"('stop_loss_report_age',)"
smic_follower,298020.KQ,효성티앤씨,2023-11-30,2025-11-11,712,12,1,15,15,242557.5782,210483.2557,-481114.8368,,,closed,"('stop_loss_report_age',)"
smic_follower,375500.KS,DL이앤씨,2023-11-30,2025-11-11,712,16,1,77,77,38284.612,40899.59,201353.3071,,,closed,"('stop_loss_report_age',)"
smic_follower,440110.KQ,파두,2023-11-30,2025-11-11,712,21,1,204,204,14324.3058,25936.3254,2368851.9834,,,closed,"('stop_loss_report_age',)"
smic_follower,BESI.AS,BE Semiconductor Industries N.V.,2023-11-30,2024-01-24,55,2,1,5,5,181899.2324,215379.3987,167400.8317,,,closed,"('target_hit',)"
smic_follower,INMD,Inmode,2023-11-30,2023-12-01,1,1,1,25,25,30618.441,31742.1104,28091.7338,,,closed,"('stop_loss_report_age',)"
smic_follower,LLY,Eli Lilly & Co.,2023-11-30,2024-02-06,68,1,1,1,1,761967.2715,962811.8053,200844.5338,,,closed,"('target_hit',)"
smic_follower,LONN.SW,Lonza Group AG,2023-11-30,2024-01-26,57,1,1,1,1,499615.7158,601305.172,101689.4562,,,closed,"('target_hit',)"
smic_follower,NE,Noble Corporation PLC,2023-12-01,2023-12-26,25,1,1,13,13,60593.3892,61999.482,18279.2064,,,closed,"('target_hit',)"
smic_follower,SBLK,Star Bulk Carriers,2023-12-01,2023-12-04,3,1,1,6,6,28415.3143,28136.3367,-1673.866,,,closed,"('stop_loss_report_age',)"
smic_follower,005290.KS,동진쎄미켐,2023-12-13,2025-12-05,723,24,1,105,105,31114.0228,36759.7534,592801.7127,,,closed,"('stop_loss_report_age',)"
smic_follower,006060.KS,화승인더,2023-12-13,2025-12-05,723,26,1,830,830,3843.8646,3900.4243,46944.5223,,,closed,"('stop_loss_report_age',)"
smic_follower,025980.KS,아난티,2023-12-13,2025-12-05,723,21,1,415,415,6530.0254,7671.167,473573.771,,,closed,"('stop_loss_report_age',)"
smic_follower,090460.KS,비에이치,2023-12-13,2025-12-05,723,27,1,188,188,16634.2107,18404.8155,332873.6975,,,closed,"('stop_loss_report_age',)"
smic_follower,192820.KS,코스맥스,2023-12-14,2024-04-30,138,5,1,10,10,119397.5669,141652.2384,222546.715,,,closed,"('target_hit',)"
smic_follower,STNG,Scorpio Tankers Inc.,2024-01-25,2024-01-26,1,1,1,6,6,91489.3748,56177.8941,-211868.8842,,,closed,"('target_hit',)"
smic_follower,TSM,TSMC,2024-02-02,2024-02-07,5,1,1,1,1,153925.9553,163938.4076,10012.4524,,,closed,"('target_hit',)"
smic_follower,VRT,Vertiv Holdings Co.,2024-02-06,2024-02-07,1,1,1,1,1,78881.2617,80066.3548,1185.0931,,,closed,"('target_hit',)"
smic_follower,005380.KS,현대차,2024-04-30,2025-12-05,584,8,1,14,14,225846.7219,314128.802,1235949.1214,,,closed,"('target_hit',)"
smic_follower,042660.KS,한화오션,2024-04-30,2025-01-15,260,6,1,49,49,32435.3574,49977.3038,859555.3744,,,closed,"('target_hit',)"
smic_follower,008730.KS,율촌화학,2024-05-13,2026-05-11,728,22,1,179,179,27885.4343,23791.5908,-732797.9917,,,closed,"('stop_loss_report_age',)"
smic_follower,032350.KS,롯데관광개발,2024-05-13,2025-09-18,493,12,1,213,213,9235.1546,19172.9297,2116746.1106,,,closed,"('target_hit',)"
smic_follower,052690.KS,한전기술,2024-05-13,2024-07-18,66,1,1,19,19,68144.2701,94767.3426,505838.3778,,,closed,"('target_hit',)"
smic_follower,078350.KS,한양디지텍,2024-05-13,2026-04-17,704,27,1,269,269,13965.3924,26983.7539,3501939.248,,,closed,"('stop_loss_report_age',)"
smic_follower,194480.KQ,데브시스터즈,2024-05-17,2026-05-11,724,28,1,192,192,35069.1369,19831.3134,-2925662.1201,,,closed,"('stop_loss_report_age',)"
smic_follower,196170.KQ,알테오젠,2024-05-24,2024-06-05,12,1,1,6,6,193225.5295,241606.8461,290287.9,,,closed,"('target_hit',)"
smic_follower,237690.KQ,에스티팜,2024-05-24,2024-08-26,94,3,1,15,15,93567.453,114021.074,306804.3147,,,closed,"('target_hit',)"
smic_follower,278470.KS,에이피알,2024-05-24,2025-05-08,349,11,1,32,32,62676.6556,88993.6385,842143.4541,,,closed,"('target_hit',)"
smic_follower,5726.T,"OSAKA Titanium Technologies Co.,Ltd.",2024-06-05,,716,14,0,169,0,19824.5338,,0.0,347120.2887,21878.5,open,()
smic_follower,005720.KS,넥센,2024-06-07,2025-06-04,362,9,1,371,371,4598.0276,6065.1099,544287.5614,,,closed,"('target_hit',)"
smic_follower,016380.KS,KG스틸,2024-06-07,,714,30,0,792,0,5932.8758,,0.0,655082.3876,6760.0,open,()
smic_follower,029460.KS,케이씨,2024-06-07,2025-10-02,482,15,1,111,111,20131.547,28031.1824,876859.5311,,,closed,"('target_hit',)"
smic_follower,192400.KQ,쿠쿠홀딩스,2024-06-07,2025-05-20,347,8,1,74,74,22158.3141,28829.2232,493647.2697,,,closed,"('target_hit',)"
smic_follower,271560.KS,오리온,2024-07-18,2025-03-19,244,4,1,14,14,94075.4021,115915.4233,305760.2974,,,closed,"('target_hit',)"
smic_follower,067160.KQ,아프리카TV,2024-11-01,,567,24,0,77,0,75391.8357,,0.0,-1708771.3451,53200.0,open,()
smic_follower,112610.KS,씨에스윈드,2024-11-01,,567,25,0,92,0,42847.945,,0.0,906389.062,52700.0,open,()
smic_follower,012330.KS,현대모비스,2024-11-11,2026-01-06,421,6,1,10,10,269875.3252,385154.4314,1152791.0622,,,closed,"('target_hit',)"
smic_follower,015760.KS,한국전력,2024-11-11,2025-06-25,226,6,1,75,75,21726.9149,37537.8432,1185819.6181,,,closed,"('target_hit',)"
smic_follower,018290.KS,브이티,2024-11-12,,556,25,0,292,0,23245.8552,,0.0,-2691029.7058,14030.0,open,()
smic_follower,211050.KQ,인카금융서비스,2024-11-12,2025-04-29,168,9,1,251,251,6046.0792,8080.1629,510554.9965,,,closed,"('target_hit',)"
smic_follower,234300.KQ,에스트래픽,2024-11-12,,556,36,0,1283,0,3839.7158,,0.0,-801510.42,3215.0,open,()
smic_follower,259960.KQ,크래프톤,2024-11-25,,543,14,0,18,0,291272.5593,,0.0,-598906.068,258000.0,open,()
smic_follower,294870.KS,HDC현대산업개발,2024-11-25,,543,25,0,201,0,20494.5581,,0.0,302593.8167,22000.0,open,()
smic_follower,356860.KQ,티엘비,2024-11-25,2025-07-16,233,5,1,111,111,13221.3821,25936.3254,1411358.7009,,,closed,"('target_hit',)"
smic_follower,4680.T,Round One Corp,2024-11-25,2024-12-16,21,1,1,129,129,9310.2283,12568.9092,420369.8342,,,closed,"('target_hit',)"
smic_follower,5253.T,Cover Corp,2024-11-25,,543,13,0,327,0,18677.912,,0.0,-640237.2316,16720.0,open,()
smic_follower,FLNC,Fluence Energy Inc.,2024-12-02,2026-01-28,422,15,1,314,314,10189.8082,44870.862,10889850.8997,,,closed,"('target_hit',)"
smic_follower,FNKO,Funko Inc.,2024-12-02,,536,14,0,870,0,6248.7023,,0.0,1455119.2854,7921.2532,open,()
smic_follower,033500.KQ,동성화인텍,2024-12-09,2025-01-22,44,2,1,84,84,12954.4873,20549.5501,637985.2701,,,closed,"('target_hit',)"
smic_follower,035900.KQ,JYP Ent.,2024-12-09,,529,19,0,68,0,69124.3186,,0.0,-511653.6623,61600.0,open,()
smic_follower,082740.KS,한화엔진,2024-12-09,2025-01-14,36,1,1,76,76,14219.2376,24292.3613,765557.4071,,,closed,"('target_hit',)"
smic_follower,218410.KQ,RFHIC,2024-12-09,2025-02-04,57,3,1,100,100,11666.9795,17606.7747,593979.5224,,,closed,"('target_hit',)"
smic_follower,6857.T,Advantest Corporation,2024-12-16,2025-09-18,276,5,1,28,28,75878.9318,135167.6943,1660085.3507,,,closed,"('target_hit',)"
smic_follower,GRND,Grindr Inc.,2025-01-15,2025-05-08,113,4,1,53,53,25861.8507,33934.7596,427864.1689,,,closed,"('target_hit',)"
smic_follower,ISRG,Intuitive Surgical,2025-02-04,2025-02-05,1,1,1,1,1,846288.1898,714604.9715,-131683.2183,,,closed,"('target_hit',)"
smic_follower,LEVI,Levi Strauss & Co,2025-02-04,,472,10,0,142,0,26111.8162,,0.0,1004313.5209,33184.4466,open,()
smic_follower,001040.KS,CJ,2025-04-29,2025-06-04,36,3,1,16,16,125506.5357,143344.0849,285400.7879,,,closed,"('target_hit',)"
smic_follower,119850.KQ,지엔씨에너지,2025-04-29,2025-10-15,169,8,1,96,96,27089.9949,39512.9941,1192607.9231,,,closed,"('target_hit',)"
smic_follower,012450.KS,한화에어로스페이스,2025-05-08,2026-01-09,246,2,1,3,3,907256.068,1202048.9249,884378.5706,,,closed,"('target_hit',)"
smic_follower,473980.KQ,노머스,2025-05-08,2025-08-21,105,2,1,66,66,28542.7853,37857.0595,614742.0959,,,closed,"('target_hit',)"
smic_follower,009830.KS,한화솔루션,2025-05-12,2026-02-19,283,15,1,127,127,30748.1252,52870.2017,2809503.7113,,,closed,"('target_hit',)"
smic_follower,101490.KQ,에스앤에스텍,2025-05-12,2025-08-14,94,2,1,55,55,36021.5833,54566.0383,1019945.0248,,,closed,"('target_hit',)"
smic_follower,475960.KQ,토모큐브,2025-05-12,2026-02-23,287,1,1,88,88,21013.6516,64391.9154,3817287.2198,,,closed,"('target_hit',)"
smic_follower,489790.KS,한화비전,2025-05-12,,375,11,0,72,0,55836.2742,,0.0,1134988.2587,71600.0,open,()
smic_follower,CLBT,Cellebrite DI,2025-06-02,,354,12,0,237,0,21534.4276,,0.0,-316988.4123,20196.9238,open,()
smic_follower,DOCS,Doximity,2025-06-04,,352,14,0,117,0,55771.2571,,0.0,-3059976.5325,29617.6115,open,()
smic_follower,LIF,Life360 Inc,2025-06-09,2025-09-08,91,1,1,23,23,87833.5502,142480.7569,1256885.7533,,,closed,"('target_hit',)"
smic_follower,PLTR,Palantir Technologies Inc.,2025-06-09,2025-06-10,1,1,1,6,6,179611.3053,55785.0273,-742957.6682,,,closed,"('target_hit',)"
smic_follower,SRAD,Sportradar,2025-06-09,,347,9,0,164,0,26890.224,,0.0,-1156048.426,19841.1482,open,()
smic_follower,049720.KQ,고려신용정보,2025-06-10,,346,21,0,421,0,10441.7716,,0.0,-219665.864,9920.0,open,()
smic_follower,310200.KQ,애니플러스,2025-06-10,,346,30,0,1593,0,4017.9587,,0.0,-2465898.1722,2470.0,open,()
smic_follower,101160.KQ,월덱스,2025-06-25,2025-07-11,16,2,1,96,96,21630.7191,26185.7131,437279.4214,,,closed,"('target_hit',)"
smic_follower,461300.KQ,아이스크림미디어,2025-07-16,2025-09-22,68,4,1,128,128,20480.18,25637.0601,660080.6469,,,closed,"('target_hit',)"
smic_follower,472850.KQ,폰드그룹,2025-07-16,,310,11,0,828,0,5657.0509,,0.0,-668238.1307,4850.0,open,()
smic_follower,098120.KQ,마이크로컨텍솔,2025-11-03,,200,8,0,184,0,22328.0925,,0.0,2718030.9871,37100.0,open,()
smic_follower,000150.KS,두산,2025-11-11,2026-05-06,176,3,1,4,4,929353.7572,1869410.5272,3760227.08,,,closed,"('target_hit',)"
smic_follower,017960.KS,한국카본,2025-11-11,,192,5,0,110,0,31554.5904,,0.0,576995.0523,36800.0,open,()
smic_follower,103140.KS,풍산,2025-11-11,2026-01-09,59,3,1,28,28,102009.1276,120404.4027,515067.701,,,closed,"('target_hit',)"
smic_follower,108490.KQ,로보티즈,2025-11-11,2026-01-30,80,2,1,13,13,225962.1816,354928.6369,1676563.9196,,,closed,"('target_hit',)"
smic_follower,352820.KS,하이브,2025-11-11,2026-01-23,73,1,1,9,9,285685.5964,392037.5332,957167.4309,,,closed,"('target_hit',)"
smic_follower,456160.KQ,지투지바이오,2025-11-11,,192,9,0,56,0,83277.3156,,0.0,-1141129.6745,62900.0,open,()
smic_follower,950160.KQ,코오롱티슈진,2025-11-21,2026-03-26,125,5,1,46,46,82364.3778,120703.668,1763607.3479,,,closed,"('target_hit',)"
smic_follower,2124.T,JAC recruitment Co. Ltd,2025-12-01,,172,12,0,960,0,8850.5596,,0.0,-653337.2585,8170.0,open,()
smic_follower,CRWV,Coreweave,2025-12-05,,168,5,0,40,0,121228.226,,0.0,1646601.5505,162393.2647,open,()
smic_follower,ESTA,Establishment Labs Holdings,2025-12-05,,168,8,0,47,0,101311.8364,,0.0,362970.2564,109034.6078,open,()
smic_follower,GLW,Corning,2025-12-05,2026-02-23,80,1,1,22,22,126662.7976,205473.1592,1733827.9546,,,closed,"('target_hit',)"
smic_follower,IMAX,IMAX Corp,2025-12-05,,168,6,0,71,0,52025.6094,,0.0,418327.0746,57917.5401,open,()
smic_follower,010950.KS,S-OIL,2026-01-02,2026-03-03,60,6,1,39,39,85732.6195,128085.5452,1651764.1018,,,closed,"('target_hit',)"
smic_follower,122640.KQ,예스티,2026-01-06,,136,7,0,211,0,19316.9095,,0.0,2275232.1015,30100.0,open,()
smic_follower,214450.KQ,파마리서치,2026-01-06,,136,8,0,13,0,413537.8868,,0.0,-1410992.5279,305000.0,open,()
smic_follower,476830.KQ,알지노믹스,2026-01-09,2026-01-12,3,1,1,14,14,194026.0495,104742.8524,-1249964.7603,,,closed,"('target_hit',)"
smic_follower,IRMD,Iradimed Corporation,2026-01-09,,133,6,0,28,0,143562.2489,,0.0,-49695.7862,141787.3994,open,()
smic_follower,LITE,Lumentum Holdings Inc,2026-01-28,2026-02-05,8,2,1,6,6,553263.9437,732638.4754,1076247.1905,,,closed,"('target_hit',)"
smic_follower,SXT,Sensient Technologies Corp,2026-01-28,,114,2,0,24,0,136030.8425,,0.0,882785.4772,172813.5707,open,()
smic_follower,TEM,Tempus AI Inc,2026-01-28,,114,2,0,3,0,90507.5772,,0.0,-58784.8323,70912.6331,open,()
smic_follower,WOLF,Wolfspeed,2026-01-28,2026-01-29,1,1,1,2,2,25027.8829,24708.5888,-638.5881,,,closed,"('stop_loss_report_age',)"
smic_follower,082920.KS,비츠로셀,2026-04-17,,35,1,0,73,0,56336.5992,,0.0,-316571.7432,52000.0,open,()
smic_follower,100090.KS,SK오션플랜트,2026-04-17,,35,3,0,189,0,23024.217,,0.0,-787037.0137,18860.0,open,()
smic_follower,187790.KS,나노,2026-05-06,,16,1,0,640,0,6524.2385,,0.0,144487.367,6750.0,open,()
smic_follower,213420.KS,덕산네오룩스,2026-05-06,,16,2,0,80,0,50430.8876,,0.0,-478471.0049,44450.0,open,()
smic_follower,252990.KS,샘씨엔에스,2026-05-06,,16,3,0,306,0,13023.3626,,0.0,17331.0373,13080.0,open,()
smic_follower,306200.KS,세아제강,2026-05-11,,11,1,0,6,0,163206.0272,,0.0,-37836.1634,156900.0,open,()
smic_follower,355150.KS,코스텍시스,2026-05-11,,11,1,0,2,0,58938.2894,,0.0,-38276.5788,39800.0,open,()
smic_follower_v2,GTT.PA,Gaztransport&technigaz,2021-01-04,2022-01-24,385,4,1,57,57,105727.3923,105454.2044,-15571.7072,,,closed,"('stop_loss_time',)"
smic_follower_v2,ROKU,Roku,2021-01-04,2021-01-05,1,1,1,9,9,345059.8232,356662.6207,104425.1775,,,closed,"('target_hit',)"
smic_follower_v2,SE,SEA ltd.,2021-01-04,2021-06-17,164,2,1,23,23,215537.6185,316578.628,2323943.2172,,,closed,"('target_hit',)"
smic_follower_v2,353810.KQ,이지바이오,2021-01-07,2021-01-08,1,1,1,22,22,8065.2396,7213.7762,-18732.1959,,,closed,"('target_hit',)"
smic_follower_v2,166090.KQ,하나머티리얼즈,2021-01-18,2021-03-24,65,4,1,42,42,32155.4137,40301.0594,342117.1207,,,closed,"('target_hit',)"
smic_follower_v2,170790.KQ,파이오링크,2021-01-18,2022-05-17,484,6,1,209,209,13225.0989,12968.1627,-53699.6706,,,closed,"('stop_loss_time',)"
smic_follower_v2,006650.KS,대한유화,2021-02-01,2021-02-16,15,1,1,3,3,287686.8966,393533.8596,317540.8892,,,closed,"('target_hit',)"
smic_follower_v2,009830.KS,한화솔루션,2021-02-01,2021-02-08,7,1,1,2,2,57054.8197,60551.3442,6993.0489,,,closed,"('target_hit',)"
smic_follower_v2,004020.KS,현대제철,2021-05-03,2021-11-10,191,8,1,31,31,51384.9953,40201.3043,-346694.4213,,,closed,"('stop_loss_average_down',)"
smic_follower_v2,060150.KQ,인선이엔티,2021-05-03,2021-11-30,211,10,1,113,113,12665.3077,10075.2648,-292674.842,,,closed,"('stop_loss_average_down',)"
smic_follower_v2,007690.KS,국도화학,2021-06-01,2022-06-01,365,7,1,44,44,56487.8593,54623.1793,-82045.9214,,,closed,"('stop_loss_time',)"
smic_follower_v2,017650.KS,대림제지,2021-06-01,2021-08-17,77,5,1,75,75,14248.59,11172.5709,-230701.4286,,,closed,"('stop_loss_average_down',)"
smic_follower_v2,005850.KS,에스엘,2021-06-17,2021-08-19,63,5,1,35,35,33543.22,26684.4886,-240055.6002,,,closed,"('stop_loss_average_down',)"
smic_follower_v2,032640.KS,LG유플러스,2021-06-17,2022-06-17,365,12,1,170,170,14531.4993,13666.4484,-147058.6519,,,closed,"('stop_loss_time',)"
smic_follower_v2,036420.KS,제이콘텐트리,2021-06-17,2021-08-17,61,3,1,21,21,51538.2439,40251.1818,-237028.3025,,,closed,"('stop_loss_average_down',)"
smic_follower_v2,053030.KQ,바이넥스,2021-06-17,2021-10-06,111,9,1,77,77,19376.874,14913.3871,-343688.4895,,,closed,"('stop_loss_average_down',)"
smic_follower_v2,1833.HK,Ping An Healthcare & Technology,2021-06-17,2021-08-20,64,5,1,105,105,11964.6712,8774.7973,-334936.7633,,,closed,"('stop_loss_average_down',)"
smic_follower_v2,194480.KQ,데브시스터즈,2021-06-17,2021-08-12,56,3,1,11,11,90613.4127,72023.1804,-204492.5554,,,closed,"('stop_loss_average_down',)"
smic_follower_v2,248070.KS,솔루엠,2021-06-17,2021-12-20,186,8,1,54,54,28107.1488,22195.5092,-319228.5373,,,closed,"('stop_loss_average_down',)"
smic_follower_v2,284740.KS,쿠쿠홈시스,2021-07-01,2022-01-27,210,8,1,31,31,43434.6691,32969.0597,-324433.8895,,,closed,"('stop_loss_average_down',)"
smic_follower_v2,285490.KQ,노바텍,2021-08-12,2022-08-16,369,8,1,46,46,32193.7927,31722.121,-21696.8966,,,closed,"('stop_loss_time',)"
smic_follower_v2,344820.KQ,케이씨씨글라스,2021-08-20,2021-11-30,102,4,1,21,21,66152.5,52770.4466,-281023.121,,,closed,"('stop_loss_average_down',)"
smic_follower_v2,4751.T,Cyber Agent,2021-09-01,2022-01-27,148,2,1,2,2,21796.9686,14782.6829,-14028.5714,,,closed,"('stop_loss_average_down',)"
smic_follower_v2,298020.KQ,효성티앤씨,2021-10-01,2022-01-21,112,2,1,2,2,611397.1958,474335.4886,-274123.4144,,,closed,"('stop_loss_average_down',)"
smic_follower_v2,148150.KQ,세경하이테크,2021-11-03,2022-06-17,226,17,1,196,196,8046.2136,6367.7006,-328988.5513,,,closed,"('stop_loss_average_down',)"
smic_follower_v2,036930.KQ,주성엔지니어링,2021-11-10,2022-03-02,112,1,1,98,98,11457.4434,26634.611,1487362.432,,,closed,"('target_hit',)"
smic_follower_v2,054780.KQ,키이스트,2021-11-10,2022-06-10,212,9,1,154,154,11835.936,9416.8812,-372534.4387,,,closed,"('stop_loss_average_down',)"
smic_follower_v2,002714.SZ,Muyuan foods co ltd,2021-11-30,2022-11-30,365,7,1,211,211,11806.3209,10359.3216,-305316.8468,,,closed,"('stop_loss_time',)"
smic_follower_v2,004250.KS,NPC,2021-11-30,2021-12-21,21,2,1,123,123,6297.0991,9267.2486,365328.3886,,,closed,"('target_hit',)"
smic_follower_v2,122640.KQ,예스티,2021-11-30,2022-04-27,148,11,1,139,139,11624.0984,7232.2446,-610467.681,,,closed,"('stop_loss_average_down',)"
smic_follower_v2,003030.KS,세아제강지주,2021-12-20,2022-04-15,116,4,1,11,11,106933.1057,153622.8501,513587.1885,,,closed,"('target_hit',)"
smic_follower_v2,189300.KQ,인텔리안테크,2021-12-21,2022-06-15,176,7,1,16,16,82953.8912,64142.5277,-300981.8164,,,closed,"('stop_loss_average_down',)"
smic_follower_v2,293490.KQ,카카오게임즈,2021-12-21,2022-05-06,136,6,1,16,16,71815.4051,57159.6709,-234491.7472,,,closed,"('stop_loss_average_down',)"
smic_follower_v2,376980.KQ,원티드랩,2021-12-21,2022-06-14,175,7,1,39,39,30362.0325,23841.4683,-254302.0025,,,closed,"('stop_loss_average_down',)"
smic_follower_v2,4689.T,Z-holdings,2021-12-21,2022-05-02,132,6,1,322,322,5954.8624,4494.7235,-470164.7485,,,closed,"('stop_loss_average_down',)"
smic_follower_v2,CHGG,Chegg,2022-01-03,2022-05-03,120,2,1,30,30,36187.9737,22012.743,-425256.9205,,,closed,"('stop_loss_average_down',)"
smic_follower_v2,237690.KQ,에스티팜,2022-01-21,2022-02-15,25,3,1,8,8,116638.2744,92472.9754,-193322.3919,,,closed,"('stop_loss_average_down',)"
smic_follower_v2,294570.KQ,쿠콘,2022-01-21,2022-05-10,109,6,1,25,25,53602.8232,40550.4471,-326309.4021,,,closed,"('stop_loss_average_down',)"
smic_follower_v2,348210.KQ,넥스틴,2022-01-24,2022-04-19,85,4,1,20,20,56866.9438,72222.6906,307114.9366,,,closed,"('target_hit',)"
smic_follower_v2,348370.KQ,엔켐,2022-01-24,2022-03-15,50,3,1,12,12,98222.1436,77409.9557,-249746.2554,,,closed,"('stop_loss_average_down',)"
smic_follower_v2,352820.KS,하이브,2022-01-24,2022-05-12,108,3,1,5,5,269475.0652,212478.3577,-284983.5376,,,closed,"('stop_loss_average_down',)"
smic_follower_v2,GLW,Corning,2022-01-27,2023-01-31,369,11,1,74,74,44619.7452,42517.8329,-155541.5103,,,closed,"('stop_loss_time',)"
smic_follower_v2,OPEN,Opendoor,2022-01-27,2022-03-04,36,3,1,6,6,10838.9231,8132.527,-16238.3771,,,closed,"('stop_loss_average_down',)"
smic_follower_v2,INMD,Inmode,2022-03-02,2022-06-20,110,2,1,18,18,41527.2164,28501.8608,-234456.4001,,,closed,"('stop_loss_average_down',)"
smic_follower_v2,035900.KQ,JYP Ent.,2022-04-19,2022-06-23,65,4,1,24,24,59909.7539,47333.7938,-301823.0424,,,closed,"('stop_loss_average_down',)"
smic_follower_v2,043650.KQ,국순당,2022-04-19,2022-06-22,64,6,1,138,138,10967.6324,8738.5465,-307613.8483,,,closed,"('stop_loss_average_down',)"
smic_follower_v2,089860.KQ,롯데렌탈,2022-04-27,2022-09-26,152,8,1,50,50,41300.8312,31372.9782,-496392.6516,,,closed,"('stop_loss_average_down',)"
smic_follower_v2,366030.KQ,공구우먼,2022-04-27,2022-04-28,1,1,1,2,2,6162.3369,6002.412,-319.8497,,,closed,"('target_hit',)"
smic_follower_v2,119610.KQ,인터로조,2022-05-03,2023-11-28,574,8,1,85,85,29070.6505,28629.713,-37479.6917,,,closed,"('stop_loss_time',)"
smic_follower_v2,007210.KS,벽산,2022-05-12,2022-06-22,41,5,1,356,356,3470.5833,2643.5101,-294438.074,,,closed,"('stop_loss_average_down',)"
smic_follower_v2,114810.KQ,아이원스,2022-05-12,2022-06-22,41,3,1,125,125,9458.6248,7232.2446,-278297.5315,,,closed,"('stop_loss_average_down',)"
smic_follower_v2,041830.KQ,인바디,2022-05-17,2022-09-26,132,9,1,80,80,25235.1441,19701.6318,-442680.9858,,,closed,"('stop_loss_average_down',)"
smic_follower_v2,215000.KQ,골프존,2022-05-17,2022-09-26,132,7,1,14,14,145708.9459,114219.5866,-440851.03,,,closed,"('stop_loss_average_down',)"
smic_follower_v2,310200.KQ,애니플러스,2022-05-17,2022-06-14,28,3,1,24,24,3820.8155,3012.6039,-19397.0782,,,closed,"('stop_loss_average_down',)"
smic_follower_v2,002340.SZ,"GEM Co., Ltd.",2022-05-25,2023-05-25,365,7,1,2604,2604,1667.3093,1441.728,-587413.7214,,,closed,"('stop_loss_time',)"
smic_follower_v2,000210.KS,DL,2022-06-10,2023-03-14,277,9,1,33,33,67807.6878,52570.9364,-502812.7971,,,closed,"('stop_loss_average_down',)"
smic_follower_v2,000640.KS,동아쏘시오홀딩스,2022-06-10,2023-05-03,327,9,1,22,22,96263.0198,76821.4863,-427713.7361,,,closed,"('stop_loss_average_down',)"
smic_follower_v2,006260.KS,LS,2022-06-14,2024-05-17,703,9,1,35,35,61142.5786,162600.8089,3551038.062,,,closed,"('target_hit',)"
smic_follower_v2,363280.KS,티와이홀딩스,2022-06-14,2022-09-01,79,8,1,84,84,21221.0216,16672.8624,-382045.3671,,,closed,"('stop_loss_average_down',)"
smic_follower_v2,009970.KS,영원무역홀딩스,2022-06-15,2024-02-01,596,10,1,42,42,50070.6238,84791.8329,1458290.7831,,,closed,"('target_hit',)"
smic_follower_v2,EAF,GrafTech International Ltd.,2022-06-17,2022-09-01,76,5,1,17,17,95210.7724,75785.8574,-330223.556,,,closed,"('stop_loss_average_down',)"
smic_follower_v2,SBLK,Star Bulk Carriers,2022-06-22,2023-05-25,337,6,1,81,81,29173.8847,23149.1209,-488005.8717,,,closed,"('stop_loss_average_down',)"
smic_follower_v2,STNG,Scorpio Tankers Inc.,2022-06-22,2022-08-10,49,3,1,17,17,44589.7684,56177.8941,196998.1378,,,closed,"('target_hit',)"
smic_follower_v2,TSM,TSMC,2022-08-10,2022-10-24,75,4,1,20,20,110980.8006,87314.5019,-473325.974,,,closed,"('stop_loss_average_down',)"
smic_follower_v2,WFG,West Fraser Timber. Co. Ltd,2022-09-26,2023-05-31,247,1,1,13,13,100075.1284,88762.3272,-147066.4157,,,closed,"('stop_loss_report_age',)"
smic_follower_v2,067160.KQ,아프리카TV,2022-10-24,2023-10-24,365,5,1,30,30,77073.4043,74816.3231,-67712.4346,,,closed,"('stop_loss_time',)"
smic_follower_v2,089600.KQ,나스미디어,2022-10-24,2023-04-25,183,7,1,62,62,26662.7026,21098.2031,-344998.9662,,,closed,"('stop_loss_average_down',)"
smic_follower_v2,099430.KQ,바이오플러스,2022-11-01,2022-11-23,22,1,1,1,1,6691.8474,9117.8216,2425.9742,,,closed,"('target_hit',)"
smic_follower_v2,007660.KS,이수페타시스,2022-11-23,2023-01-30,68,4,1,233,233,6208.8834,7581.3874,319793.4336,,,closed,"('target_hit',)"
smic_follower_v2,010950.KS,S-OIL,2022-11-30,2023-06-29,211,6,1,20,20,84469.8761,66037.8745,-368640.0307,,,closed,"('stop_loss_average_down',)"
smic_follower_v2,054210.KQ,이랜텍,2022-11-30,2023-09-25,299,12,1,161,161,13016.1578,10075.2648,-473483.7726,,,closed,"('stop_loss_average_down',)"
smic_follower_v2,005490.KS,포스코홀딩스,2023-01-02,2023-03-31,88,2,1,4,4,280056.9397,364106.1059,336196.6645,,,closed,"('target_hit',)"
smic_follower_v2,028050.KS,삼성엔지니어링,2023-01-30,2023-07-12,163,3,1,52,52,24646.7811,33717.223,471662.9776,,,closed,"('target_hit',)"
smic_follower_v2,047810.KS,한국항공우주,2023-01-30,2024-11-11,651,17,1,59,59,48281.3661,66835.9153,1094718.4032,,,closed,"('target_hit',)"
smic_follower_v2,100840.KQ,SNT에너지,2023-01-30,2024-12-09,679,12,1,327,327,6789.7932,15631.6238,2891278.5907,,,closed,"('stop_loss_report_age',)"
smic_follower_v2,068270.KS,셀트리온,2023-01-31,2024-12-09,678,10,1,17,17,140815.4614,159955.2882,325377.0551,,,closed,"('stop_loss_report_age',)"
smic_follower_v2,316140.KS,우리금융지주,2023-02-01,2024-02-02,366,12,1,182,182,11747.8518,14663.9993,530738.8503,,,closed,"('target_hit',)"
smic_follower_v2,322000.KS,현대에너지솔루션,2023-03-31,2023-04-28,28,2,1,28,28,52987.9952,42046.7736,-306354.2055,,,closed,"('stop_loss_average_down',)"
smic_follower_v2,368600.KQ,아이씨에이치,2023-03-31,2023-07-26,117,7,1,237,237,6292.189,4863.061,-338703.336,,,closed,"('stop_loss_average_down',)"
smic_follower_v2,204620.KQ,글로벌텍스프리,2023-04-13,2023-08-16,125,13,1,502,502,3404.6942,4912.9386,757138.6712,,,closed,"('target_hit',)"
smic_follower_v2,159010.KQ,아스플로,2023-04-25,2023-10-19,177,10,1,220,220,12282.4339,9526.6118,-606280.8511,,,closed,"('stop_loss_average_down',)"
smic_follower_v2,182360.KQ,큐브엔터,2023-04-25,2023-10-10,168,12,1,101,101,22206.2085,15781.2564,-648920.1597,,,closed,"('stop_loss_average_down',)"
smic_follower_v2,ANET,Arista Networks,2023-05-01,2024-11-25,574,3,1,67,67,65317.5257,139909.2732,4997647.0851,,,closed,"('stop_loss_report_age',)"
smic_follower_v2,001060.KS,JW중외제약,2023-05-25,2023-07-18,54,4,1,52,52,23683.3723,35512.8147,615131.0037,,,closed,"('target_hit',)"
smic_follower_v2,023160.KS,태광,2023-05-25,2023-11-09,168,14,1,132,132,18302.1173,14354.7585,-521051.3566,,,closed,"('stop_loss_average_down',)"
smic_follower_v2,044490.KQ,태웅,2023-05-25,2024-08-05,438,12,1,155,155,15043.0631,13895.8851,-177812.5911,,,closed,"('stop_loss_time',)"
smic_follower_v2,210980.KS,SK디앤디,2023-05-25,2024-03-29,309,12,1,86,86,21352.8254,12170.1219,-789712.5022,,,closed,"('stop_loss_average_down',)"
smic_follower_v2,214450.KQ,파마리서치,2023-05-25,2023-05-26,1,1,1,9,9,113573.7835,111326.6888,-20223.8523,,,closed,"('target_hit',)"
smic_follower_v2,228670.KQ,레이,2023-05-25,2023-08-14,81,8,1,41,41,36384.613,28180.815,-336355.715,,,closed,"('stop_loss_average_down',)"
smic_follower_v2,363250.KQ,진시스템,2023-05-25,2023-10-17,145,12,1,108,108,22835.3906,17756.4074,-548530.1935,,,closed,"('stop_loss_average_down',)"
smic_follower_v2,950170.KQ,JTC,2023-05-25,2023-10-10,138,9,1,442,442,4313.73,3441.5509,-385503.1906,,,closed,"('stop_loss_average_down',)"
smic_follower_v2,328130.KQ,루닛,2023-05-31,2023-09-07,99,2,1,26,26,43347.3915,122399.5046,2055354.941,,,closed,"('target_hit',)"
smic_follower_v2,001530.KS,DI동일,2023-06-29,2024-09-20,449,10,1,139,139,20635.753,30624.8149,1388479.605,,,closed,"('target_hit',)"
smic_follower_v2,280360.KQ,롯데웰푸드,2023-06-29,2025-01-14,565,12,1,23,23,104559.2315,104244.0769,-7248.5568,,,closed,"('stop_loss_time',)"
smic_follower_v2,403870.KQ,HPSP,2023-07-12,2023-07-13,1,1,1,13,13,28168.2996,19863.1483,-107966.9674,,,closed,"('target_hit',)"
smic_follower_v2,408920.KQ,메쎄이상,2023-07-12,2023-10-06,86,9,1,667,667,3077.7941,2419.0611,-439374.9013,,,closed,"('stop_loss_average_down',)"
smic_follower_v2,420770.KQ,기가비스,2023-07-18,2023-07-19,1,1,1,2,2,100565.3325,84592.3227,-31946.0197,,,closed,"('target_hit',)"
smic_follower_v2,453340.KQ,현대그린푸드,2023-07-18,2024-10-16,456,16,1,234,234,11698.027,11631.4444,-15580.3369,,,closed,"('stop_loss_time',)"
smic_follower_v2,BAC,Bank of America Corp.,2023-09-07,2023-12-14,98,4,1,61,61,37186.7468,43628.2002,392928.6577,,,closed,"('target_hit',)"
smic_follower_v2,MP,MP Materials,2023-09-07,2024-03-18,193,8,1,80,80,22608.0468,17305.4014,-424211.6348,,,closed,"('stop_loss_average_down',)"
smic_follower_v2,000660.KS,SK하이닉스,2023-10-19,2024-02-23,127,3,1,16,16,125512.7897,164196.8905,618945.6122,,,closed,"('target_hit',)"
smic_follower_v2,089890.KQ,코세스,2023-10-19,2024-01-25,98,3,1,222,222,9205.0341,18554.4481,2075569.9093,,,closed,"('target_hit',)"
smic_follower_v2,200710.KQ,에이디테크놀로지,2023-10-24,2024-08-05,286,3,1,86,86,23015.5335,16379.787,-570674.198,,,closed,"('stop_loss_average_down',)"
smic_follower_v2,267260.KS,HD현대일렉트릭,2023-11-09,2024-02-26,109,1,1,19,19,82153.3712,139756.8916,1094466.8884,,,closed,"('target_hit',)"
smic_follower_v2,1211.HK,BYD,2023-11-22,2025-11-21,730,13,1,434,434,13683.3516,17513.8408,1662432.3102,,,closed,"('stop_loss_report_age',)"
smic_follower_v2,131970.KQ,두산테스나,2023-11-28,2024-01-29,62,3,1,31,31,59574.1864,47084.406,-387183.1918,,,closed,"('stop_loss_average_down',)"
smic_follower_v2,298020.KQ,효성티앤씨,2023-12-01,2024-11-22,357,7,1,10,10,313053.376,212977.1332,-1000762.428,,,closed,"('stop_loss_average_down',)"
smic_follower_v2,352820.KS,하이브,2023-12-01,2024-09-19,293,5,1,11,11,202249.5738,161204.2376,-451498.6986,,,closed,"('stop_loss_average_down',)"
smic_follower_v2,375500.KS,DL이앤씨,2023-12-01,2024-04-17,138,10,1,64,64,41218.1838,32420.4067,-563057.7322,,,closed,"('stop_loss_average_down',)"
smic_follower_v2,005290.KS,동진쎄미켐,2023-12-14,2024-08-05,235,9,1,71,71,39327.662,29577.3864,-692269.5668,,,closed,"('stop_loss_average_down',)"
smic_follower_v2,006060.KS,화승인더,2023-12-14,2025-09-26,652,24,1,1496,1496,3858.4425,3840.5713,-26735.349,,,closed,"('stop_loss_time',)"
smic_follower_v2,025980.KS,아난티,2024-01-02,2024-08-05,216,15,1,468,468,6400.5898,4897.9753,-703223.5846,,,closed,"('stop_loss_average_down',)"
smic_follower_v2,090460.KS,비에이치,2024-01-25,2024-12-09,319,12,1,177,177,18240.6637,14374.7095,-684273.8767,,,closed,"('stop_loss_average_down',)"
smic_follower_v2,192820.KS,코스맥스,2024-01-25,2024-04-30,96,8,1,24,24,119890.3871,141652.2384,522284.4321,,,closed,"('target_hit',)"
smic_follower_v2,440110.KQ,파두,2024-02-01,2024-03-22,50,6,1,106,106,20722.8966,16090.4972,-491034.3386,,,closed,"('stop_loss_average_down',)"
smic_follower_v2,BESI.AS,BE Semiconductor Industries N.V.,2024-02-02,2024-02-06,4,1,1,1,1,206080.1436,215379.3987,9299.2551,,,closed,"('target_hit',)"
smic_follower_v2,LONN.SW,Lonza Group AG,2024-02-23,2024-02-26,3,1,1,1,1,699596.0137,601305.172,-98290.8417,,,closed,"('target_hit',)"
smic_follower_v2,LLY,Eli Lilly & Co.,2024-02-26,2024-02-27,1,1,1,1,1,1027320.9791,962811.8053,-64509.1738,,,closed,"('target_hit',)"
smic_follower_v2,005380.KS,현대차,2024-04-17,2025-04-17,365,11,1,25,25,219798.7929,181255.0122,-963594.5179,,,closed,"('stop_loss_time',)"
smic_follower_v2,042660.KS,한화오션,2024-04-17,2025-01-15,273,5,1,99,99,31692.8115,49977.3038,1810164.7382,,,closed,"('target_hit',)"
smic_follower_v2,052690.KS,한전기술,2024-04-30,2024-07-18,79,3,1,31,31,68434.7814,94767.3426,816309.3974,,,closed,"('target_hit',)"
smic_follower_v2,NE,Noble Corporation PLC,2024-05-01,2024-05-06,5,1,1,1,1,60514.6429,61999.482,1484.8391,,,closed,"('target_hit',)"
smic_follower_v2,008730.KS,율촌화학,2024-05-17,2024-08-02,77,2,1,80,80,31667.4478,23841.4683,-626078.3632,,,closed,"('stop_loss_average_down',)"
smic_follower_v2,032350.KS,롯데관광개발,2024-05-17,2024-12-09,206,6,1,311,311,9649.5808,7621.2894,-630798.6018,,,closed,"('stop_loss_average_down',)"
smic_follower_v2,078350.KS,한양디지텍,2024-06-03,2024-08-02,60,2,1,28,28,24256.8299,16389.7625,-220277.8879,,,closed,"('stop_loss_average_down',)"
smic_follower_v2,005720.KS,넥센,2024-07-01,2025-06-04,338,21,1,1158,1158,4625.2587,6065.1099,1667347.7247,,,closed,"('target_hit',)"
smic_follower_v2,016380.KS,KG스틸,2024-07-18,2025-07-31,378,22,1,933,933,6126.4774,5925.4528,-187555.9625,,,closed,"('stop_loss_time',)"
smic_follower_v2,029460.KS,케이씨,2024-07-18,2024-12-09,144,8,1,159,159,19612.8673,15561.7952,-644120.4683,,,closed,"('stop_loss_average_down',)"
smic_follower_v2,192400.KQ,쿠쿠홀딩스,2024-08-02,2025-05-20,291,13,1,216,216,21712.7168,28829.2232,1537165.3698,,,closed,"('target_hit',)"
smic_follower_v2,194480.KQ,데브시스터즈,2024-08-05,2024-11-11,98,5,1,86,86,40784.0536,32470.2842,-714984.1661,,,closed,"('stop_loss_average_down',)"
smic_follower_v2,196170.KQ,알테오젠,2024-08-05,2024-08-06,1,1,1,8,8,261669.9946,241606.8461,-160505.1877,,,closed,"('target_hit',)"
smic_follower_v2,237690.KQ,에스티팜,2024-08-05,2024-08-26,21,1,1,28,28,74248.2356,114021.074,1113639.476,,,closed,"('target_hit',)"
smic_follower_v2,271560.KS,오리온,2024-08-05,2025-03-19,226,8,1,35,35,89669.6827,115915.4233,918600.9201,,,closed,"('target_hit',)"
smic_follower_v2,278470.KS,에이피알,2024-08-05,2024-11-14,101,6,1,59,59,52551.0891,41797.3859,-634468.4921,,,closed,"('stop_loss_average_down',)"
smic_follower_v2,5726.T,"OSAKA Titanium Technologies Co.,Ltd.",2024-08-06,2024-11-07,93,3,1,178,178,23032.5998,18350.6331,-833390.0785,,,closed,"('stop_loss_average_down',)"
smic_follower_v2,FLNC,Fluence Energy Inc.,2024-10-16,2025-01-21,97,6,1,129,129,25979.017,20635.327,-689336.0053,,,closed,"('stop_loss_average_down',)"
smic_follower_v2,211050.KQ,인카금융서비스,2024-10-17,2025-04-29,194,21,1,722,722,5816.6597,8080.1629,1634249.3122,,,closed,"('target_hit',)"
smic_follower_v2,067160.KQ,아프리카TV,2024-11-01,2025-11-03,367,19,1,88,88,84420.7533,71424.6498,-1143657.1035,,,closed,"('stop_loss_time',)"
smic_follower_v2,112610.KS,씨에스윈드,2024-11-01,2025-04-08,158,12,1,127,127,41138.5368,32171.0189,-1138874.7657,,,closed,"('stop_loss_average_down',)"
smic_follower_v2,012330.KS,현대모비스,2024-11-07,2026-01-06,425,14,1,27,27,259909.5917,385154.4314,3381610.6731,,,closed,"('target_hit',)"
smic_follower_v2,015760.KS,한국전력,2024-11-07,2025-06-25,230,15,1,223,223,21706.2989,37537.8432,3530434.3844,,,closed,"('target_hit',)"
smic_follower_v2,018290.KS,브이티,2024-11-11,2025-10-24,347,17,1,239,239,32101.1894,25437.5499,-1592609.8379,,,closed,"('stop_loss_average_down',)"
smic_follower_v2,234300.KQ,에스트래픽,2024-11-12,2025-11-12,365,28,1,1693,1693,3872.9768,3665.9998,-350412.0225,,,closed,"('stop_loss_time',)"
smic_follower_v2,259960.KQ,크래프톤,2024-11-25,2025-11-18,358,12,1,22,22,321754.4832,253377.9476,-1504283.7823,,,closed,"('stop_loss_average_down',)"
smic_follower_v2,294870.KS,HDC현대산업개발,2024-11-25,2025-11-25,365,19,1,320,320,19717.7472,19402.3665,-100921.8315,,,closed,"('stop_loss_time',)"
smic_follower_v2,356860.KQ,티엘비,2024-11-25,2025-07-16,233,7,1,261,261,13869.1251,25936.3254,3149539.2765,,,closed,"('target_hit',)"
smic_follower_v2,4680.T,Round One Corp,2024-11-25,2024-12-16,21,1,1,234,234,9310.2283,12568.9092,762531.3272,,,closed,"('target_hit',)"
smic_follower_v2,5253.T,Cover Corp,2024-12-02,2025-09-10,282,10,1,215,215,22855.1003,18184.6224,-1004152.7523,,,closed,"('stop_loss_average_down',)"
smic_follower_v2,033500.KQ,동성화인텍,2024-12-09,2025-01-22,44,2,1,176,176,13141.9468,20549.5501,1303738.1796,,,closed,"('target_hit',)"
smic_follower_v2,035900.KQ,JYP Ent.,2024-12-09,2026-03-03,449,19,1,178,178,68034.6483,64940.5685,-550746.2146,,,closed,"('stop_loss_time',)"
smic_follower_v2,082740.KS,한화엔진,2024-12-09,2025-01-14,36,1,1,151,151,14219.2376,24292.3613,1521041.6904,,,closed,"('target_hit',)"
smic_follower_v2,218410.KQ,RFHIC,2024-12-09,2025-02-04,57,3,1,217,217,10907.7775,17606.7747,1453682.3919,,,closed,"('target_hit',)"
smic_follower_v2,6857.T,Advantest Corporation,2024-12-09,2025-03-31,112,4,1,35,35,80959.4259,63404.4389,-614424.5449,,,closed,"('stop_loss_average_down',)"
smic_follower_v2,FNKO,Funko Inc.,2024-12-09,2025-03-07,88,6,1,175,175,16928.4489,12936.1141,-698658.5948,,,closed,"('stop_loss_average_down',)"
smic_follower_v2,GRND,Grindr Inc.,2024-12-16,2025-05-08,143,5,1,134,134,24280.1812,33934.7596,1293713.5023,,,closed,"('target_hit',)"
smic_follower_v2,ISRG,Intuitive Surgical,2025-01-14,2025-01-15,1,1,1,3,3,786677.7255,714604.9715,-216218.2621,,,closed,"('target_hit',)"
smic_follower_v2,LEVI,Levi Strauss & Co,2025-01-14,2025-04-04,80,3,1,128,128,25749.6782,20100.5987,-723082.1717,,,closed,"('stop_loss_average_down',)"
smic_follower_v2,PLTR,Palantir Technologies Inc.,2025-01-15,2025-01-16,1,1,1,14,14,99579.0685,55785.0273,-613116.5776,,,closed,"('target_hit',)"
smic_follower_v2,VRT,Vertiv Holdings Co.,2025-01-22,2025-01-23,1,1,1,1,1,211995.8604,80066.3548,-131929.5056,,,closed,"('target_hit',)"
smic_follower_v2,001040.KS,CJ,2025-04-29,2025-06-04,36,2,1,37,37,125981.8444,143344.0849,642402.8971,,,closed,"('target_hit',)"
smic_follower_v2,012450.KS,한화에어로스페이스,2025-04-29,2026-01-09,255,5,1,9,9,873011.5988,1202048.9249,2961335.935,,,closed,"('target_hit',)"
smic_follower_v2,119850.KQ,지엔씨에너지,2025-04-29,2025-10-15,169,11,1,205,205,28767.4694,39512.9941,2202832.5775,,,closed,"('target_hit',)"
smic_follower_v2,009830.KS,한화솔루션,2025-05-20,2025-09-01,104,6,1,156,156,35124.4212,27432.6518,-1199916.0304,,,closed,"('stop_loss_average_down',)"
smic_follower_v2,101490.KQ,에스앤에스텍,2025-05-20,2025-08-14,86,3,1,118,118,34328.2336,54566.0383,2388060.9546,,,closed,"('target_hit',)"
smic_follower_v2,473980.KQ,노머스,2025-06-04,2025-08-21,78,3,1,147,147,31575.9556,37857.0595,923322.2763,,,closed,"('target_hit',)"
smic_follower_v2,475960.KQ,토모큐브,2025-06-04,2026-02-23,264,4,1,185,185,24876.4313,64391.9154,7310364.5633,,,closed,"('target_hit',)"
smic_follower_v2,489790.KS,한화비전,2025-06-04,2025-12-04,183,18,1,150,150,53399.6913,40949.4675,-1867533.5593,,,closed,"('stop_loss_average_down',)"
smic_follower_v2,310200.KQ,애니플러스,2025-06-10,2025-11-03,146,20,1,1661,1661,4626.4854,3636.0733,-1645074.5582,,,closed,"('stop_loss_average_down',)"
smic_follower_v2,049720.KQ,고려신용정보,2025-06-25,,331,28,0,1741,0,10444.1716,,0.0,-912582.8314,9920.0,open,()
smic_follower_v2,101160.KQ,월덱스,2025-06-25,2025-07-11,16,2,1,176,176,21520.7992,26185.7131,821024.8406,,,closed,"('target_hit',)"
smic_follower_v2,461300.KQ,아이스크림미디어,2025-07-11,2025-09-22,73,6,1,271,271,21515.9336,25637.0601,1116825.2691,,,closed,"('target_hit',)"
smic_follower_v2,472850.KQ,폰드그룹,2025-07-11,2025-10-29,110,12,1,1280,1280,5964.8323,4701.4777,-1617093.8377,,,closed,"('stop_loss_average_down',)"
smic_follower_v2,CLBT,Cellebrite DI,2025-07-16,,310,18,0,858,0,19418.0892,,0.0,668240.0475,20196.9238,open,()
smic_follower_v2,DOCS,Doximity,2025-08-01,2025-11-17,108,5,1,66,66,88920.1481,67921.4184,-1385916.1589,,,closed,"('stop_loss_average_down',)"
smic_follower_v2,LIF,Life360 Inc,2025-08-14,2025-09-08,25,2,1,25,25,119796.6575,142480.7569,567102.4851,,,closed,"('target_hit',)"
smic_follower_v2,SRAD,Sportradar,2025-08-14,2025-11-06,84,6,1,164,164,41484.0631,32831.8536,-1418962.3581,,,closed,"('stop_loss_average_down',)"
smic_follower_v2,TEM,Tempus AI Inc,2025-09-26,2025-11-13,48,2,1,25,25,128965.8799,99493.0246,-736821.3822,,,closed,"('stop_loss_average_down',)"
smic_follower_v2,WOLF,Wolfspeed,2025-09-29,2025-09-30,1,1,1,2,2,31152.7291,39922.8252,17540.1922,,,closed,"('stop_loss_report_age',)"
smic_follower_v2,098120.KQ,마이크로컨텍솔,2025-10-24,2025-11-14,21,3,1,230,230,27088.9027,18504.5706,-1974396.3921,,,closed,"('stop_loss_average_down',)"
smic_follower_v2,108490.KQ,로보티즈,2025-10-24,2026-01-30,98,5,1,33,33,203147.1266,354928.6369,5008789.8404,,,closed,"('target_hit',)"
smic_follower_v2,GLW,Corning,2025-10-24,2026-02-23,122,5,1,55,55,126965.8396,205473.1592,4317902.5769,,,closed,"('target_hit',)"
smic_follower_v2,352820.KS,하이브,2025-10-29,2026-01-23,86,7,1,23,23,325559.3266,392037.5332,1528998.7518,,,closed,"('target_hit',)"
smic_follower_v2,CRWV,Coreweave,2025-11-03,2025-11-11,8,2,1,38,38,176930.7575,128388.5924,-1844602.2758,,,closed,"('stop_loss_average_down',)"
smic_follower_v2,000150.KS,두산,2025-11-11,2025-12-19,38,5,1,9,9,957622.1218,758138.741,-1795350.427,,,closed,"('stop_loss_average_down',)"
smic_follower_v2,017960.KS,한국카본,2025-11-11,,192,17,0,434,0,33751.8809,,0.0,1322883.6821,36800.0,open,()
smic_follower_v2,103140.KS,풍산,2025-11-12,2026-01-09,58,7,1,69,69,102143.1692,120404.4027,1260025.1118,,,closed,"('target_hit',)"
smic_follower_v2,950160.KQ,코오롱티슈진,2025-11-12,2026-03-26,134,8,1,150,150,73375.6687,120703.668,7099199.8913,,,closed,"('target_hit',)"
smic_follower_v2,456160.KQ,지투지바이오,2025-11-14,2025-11-27,13,5,1,84,84,92877.0045,73918.5272,-1592512.086,,,closed,"('stop_loss_average_down',)"
smic_follower_v2,2124.T,JAC recruitment Co. Ltd,2025-12-01,2026-02-24,85,10,1,968,968,10004.213,7897.3834,-2039411.0269,,,closed,"('stop_loss_average_down',)"
smic_follower_v2,ESTA,Establishment Labs Holdings,2025-12-04,,169,9,0,196,0,99253.7896,,0.0,1917040.3724,109034.6078,open,()
smic_follower_v2,010950.KS,S-OIL,2025-12-19,2026-03-03,74,9,1,109,109,89368.15,128085.5452,4220196.0756,,,closed,"('target_hit',)"
smic_follower_v2,122640.KQ,예스티,2025-12-19,,154,10,0,873,0,20106.9457,,0.0,8723936.4104,30100.0,open,()
smic_follower_v2,214450.KQ,파마리서치,2026-01-06,2026-02-05,30,5,1,18,18,441842.5998,335675.9031,-1911000.5405,,,closed,"('stop_loss_average_down',)"
smic_follower_v2,476830.KQ,알지노믹스,2026-01-06,2026-01-07,1,1,1,24,24,143593.2858,104742.8524,-932410.4013,,,closed,"('target_hit',)"
smic_follower_v2,IMAX,IMAX Corp,2026-01-07,,135,9,0,311,0,52531.7835,,0.0,1674970.2972,57917.5401,open,()
smic_follower_v2,IRMD,Iradimed Corporation,2026-01-09,,133,8,0,119,0,144620.9436,,0.0,-337191.7643,141787.3994,open,()
smic_follower_v2,LITE,Lumentum Holdings Inc,2026-01-09,2026-02-05,27,3,1,14,14,515754.8388,732638.4754,3036370.913,,,closed,"('target_hit',)"
smic_follower_v2,SXT,Sensient Technologies Corp,2026-01-09,,133,8,0,135,0,137913.5666,,0.0,4711500.5467,172813.5707,open,()
smic_follower_v2,CAMT,Camtek,2026-05-01,,21,1,0,7,0,275258.5633,,0.0,-216644.782,244309.3087,open,()
smic_follower_v2,187790.KS,나노,2026-05-04,,18,1,0,2,0,6364.1345,,0.0,771.731,6750.0,open,()
all_weather,069500.KS,KODEX 200,2021-01-04,,1964,51,13,978,460,39073.8406,,13972814.7521,43655050.5518,123350.0,open,"('rebalance_sell',)"
all_weather,GLD,Gold,2021-01-04,,1964,40,11,97,19,295179.0443,,2977955.8274,26068184.6321,629386.5396,open,"('rebalance_sell',)"
all_weather,QQQ,NASDAQ-100,2021-01-04,,1964,35,2,57,2,594228.4292,,679072.8932,27427102.5949,1092903.0218,open,"('rebalance_sell',)"
all_weather,SPY,S&P 500,2021-01-04,,1964,34,0,50,0,707918.4065,,0.0,21288021.1515,1133678.8295,open,()
benchmark_gld,GLD,Gold,2021-01-04,,1964,65,0,368,0,276507.0644,,0.0,129859646.873,629386.5396,open,()
benchmark_kodex200,069500.KS,KODEX 200,2021-01-04,,1964,65,0,2623,0,38849.0394,,0.0,221646019.7229,123350.0,open,()
benchmark_qqq,QQQ,NASDAQ-100,2021-01-04,,1964,65,0,196,0,516854.1795,,0.0,112905573.1006,1092903.0218,open,()
benchmark_spy,SPY,S&P 500,2021-01-04,,1964,65,0,163,0,623301.4615,,0.0,83191510.9772,1133678.8295,open,()
