source_file,report_date,filename_date,market,company,ticker,exchange,rating,target_price,target_price_raw,report_current_price,report_current_price_raw,stated_upside_pct,parse_issue
data\markdown\2020-06-22_equity-research-교촌에프앤비.md,2020-06-06,2020-06-22,KR,교촌에프앤비,075580,KRX,Buy,31900.0,"27,500 ~ 36,300원",,,,
data\markdown\2020-06-22_equity-research-네패스-2.md,2020-06-06,2020-06-22,KR,네패스,033640,KRX,Buy,58383.0,"58,383 원",32000.0,"32,000 원",82.4,
data\markdown\2020-06-22_equity-research-자이에스앤디.md,2020-06-06,2020-06-22,KR,자이에스앤디,317400,KRX,Buy,7056.0,"7,056 원",5840.0,"5,840 원",20.8,
data\markdown\2020-06-22_equity-research-제이브이엠-2.md,2020-06-06,2020-06-22,KR,제이브이엠,054950,KRX,Hold,26876.0,"26,876 원",35050.0,"35,050 원",-24.0,
data\markdown\2020-06-22_equity-research-테스나.md,2020-06-06,2020-06-22,KR,테스나,131970,KRX,Buy,83099.0,"83,099 원",67100.0,"67,100 원",24.0,
data\markdown\2020-10-10_equity-research-디이엔티.md,2020-10-10,2020-10-10,KR,디이엔티,079810,KRX,Buy,13600.0,"13,600 원",9470.0,"9,470 원",43.5,
data\markdown\2020-10-10_equity-research-엑시콘.md,2020-10-10,2020-10-10,KR,엑시콘,092870,KRX,Buy,28700.0,"28,700원",13800.0,"13,800원",108.0,
data\markdown\2020-10-10_equity-research-이엔드디.md,2020-10-10,2020-10-10,KR,이엔드디,101360,KRX,Buy,39950.0,"39,950 원",25000.0,"25,000 원",59.8,
data\markdown\2020-10-10_equity-research-코스맥스.md,2020-10-10,2020-10-10,KR,코스맥스,192820,KRX,Buy,206700.0,"206,700 원",116000.0,"116,000 원",78.2,
data\markdown\2020-10-10_equity-research-핌스.md,2020-10-10,2020-10-10,KR,핌스,347770,KRX,Buy,28900.0,"28,900 원",16850.0,"16,850 원",70.0,
data\markdown\2020-10-31_equity-research-에스제이그룹.md,2020-10-31,2020-10-31,KR,에스제이그룹,306040,KRX,Buy,23500.0,"23,500 원",14750.0,"14,750 원",59.3,
data\markdown\2020-10-31_equity-research-이지바이오.md,2020-10-31,2020-10-31,KR,이지바이오,353810,KRX,Buy,103500.0,"103,500 원",77000.0,"77,000 원",34.4,
data\markdown\2020-10-31_equity-research-이지웰.md,2020-10-31,2020-10-31,KR,이지웰,090850,KRX,Buy,11560.0,11560 원,9610.0,9610 원,20.29,
data\markdown\2020-10-31_equity-research-지트리비앤티.md,2020-10-31,2020-10-31,KR,지트리비앤티,115450,KRX,Buy,,,27450.0,"27,450 원",200.7,missing_target_price
data\markdown\2020-10-31_equity-research-진성티이씨.md,2020-10-31,2020-10-31,KR,진성티이씨,036890,KRX,Buy,20350.0,"20,350원",9910.0,"9,910원",,
data\markdown\2020-12-05_equity-research-bili-bili.md,2020-11-14,2020-12-05,US,Bilibili,BILI,NASDAQ,Buy,72.95,72.95,45.9,45.90,59.0,
data\markdown\2020-12-05_equity-research-chewy.md,2020-11-14,2020-12-05,,,,,Sell,51.6,51.60 USD,63.36,63.36 USD,,non_us_kr_or_unparsed_market;missing_ticker
data\markdown\2020-12-05_equity-research-gaztransporttechnigaz-2.md,2020-11-14,2020-12-05,,,,,Buy,114.45,114.45,80.7,80.70,41.38,non_us_kr_or_unparsed_market;missing_ticker
data\markdown\2020-12-05_equity-research-roku.md,2020-11-14,2020-12-05,,,,,Buy,327.62,$327.62,230.0,$230.00,42.0,non_us_kr_or_unparsed_market;missing_ticker
data\markdown\2020-12-05_equity-research-sea-ltd.md,2020-11-21,2020-12-05,,,,,Buy,,,,,,non_us_kr_or_unparsed_market;missing_ticker;missing_target_price
data\markdown\2021-01-16_equity-research-gaztransporttechnigaz.md,2020-11-28,2021-01-16,KR,파이오링크,170790,KRX,Buy,20400.0,"20,400 원",14750.0,"14,750 원",38.3,
data\markdown\2021-01-16_equity-research-노바텍.md,2020-11-28,2021-01-16,KR,노바텍,285490,KRX,Buy,139200.0,"139,200원",60300.0,"60,300원",131.0,
data\markdown\2021-01-16_equity-research-대한유화-3.md,2020-11-28,2021-01-16,KR,대한유화,006650,KRX,Buy,394500.0,"394,500 원",250000.0,"250,000 원",57.8,
data\markdown\2021-01-16_equity-research-하나머티리얼즈.md,2020-11-28,2021-01-16,KR,하나머티리얼즈,166090,KRX,Buy,40400.0,"40,400 원",24900.0,24900 원,62.25,
data\markdown\2021-01-16_equity-research-한화솔루션.md,2020-11-28,2021-01-16,KR,한화솔루션,009830,KRX,Buy,60700.0,60700 원,49350.0,49350 원,23.0,
data\markdown\2021-04-15_10537-2.md,2021-04-10,2021-04-15,KR,현대제철,004020,KRX,Buy,93800.0,"93,800원",50600.0,"50,600원",,
data\markdown\2021-04-15_equity-research-국도화학-2.md,2021-04-10,2021-04-15,KR,국도화학,007690,KRX,Buy,146000.0,"146,000 원",73100.0,"73,100 원",99.7,
data\markdown\2021-04-15_equity-research-대림제지-2.md,2021-04-10,2021-04-15,KR,대림제지,017650,KRX,Buy,21500.0,"21,500원",13800.0,"13,800원",56.0,
data\markdown\2021-04-15_equity-research-쌍용ce.md,2021-04-10,2021-04-15,KR,쌍용C&E,003410,KRX,Buy,10000.0,"10,000 원",7560.0,"7,560 원",32.3,
data\markdown\2021-04-15_equity-research-인선이엔티-2.md,2021-04-10,2021-04-15,KR,인선이엔티,060150,KRX,Buy,21750.0,"21,750 원",14500.0,14500 원,50.2,
data\markdown\2021-05-06_equity-research-데브시스터즈.md,2021-05-01,2021-05-06,KR,데브시스터즈,194480,KRX,Buy,198000.0,"198,000 원",114100.0,"114,100 원",73.5,
data\markdown\2021-05-06_equity-research-바이넥스.md,2021-04-30,2021-05-06,KR,바이넥스,053030,KRX,Buy,43750.0,"43,750 원",28950.0,"28,950 원",51.1,
data\markdown\2021-05-06_equity-research-솔루엠.md,2021-05-01,2021-05-06,KR,솔루엠,248070,KRX,Buy,36900.0,"36,900원",25050.0,"25,050원",47.0,
data\markdown\2021-05-06_equity-research-케이씨씨글라스.md,2021-05-01,2021-05-06,KR,케이씨씨글라스,344820,KRX,Buy,108000.0,"108,000원",59600.0,"59,600원",81.2,
data\markdown\2021-05-06_equity-research-쿠쿠홈시스.md,2021-05-01,2021-05-06,KR,쿠쿠홈시스,003410,KRX,Buy,66500.0,"66,500 원",42200.0,"42,200 원",57.6,
data\markdown\2021-05-31_equity-research-corning.md,2021-05-15,2021-05-31,KR,"170 년 근본 기업, 5G 투자 대장 기업",075580,KRX,Buy,,,,,31.0,missing_target_price
data\markdown\2021-05-31_equity-research-cyber-agent.md,2021-05-15,2021-05-31,KR,CyberAgent Inc. (4751.T),075580,KRX,Buy,,,,,,missing_target_price
data\markdown\2021-05-31_equity-research-ping-an-healthcare-technology.md,2021-05-31,2021-05-31,,,,,Buy,,,,,,non_us_kr_or_unparsed_market;missing_ticker;missing_target_price
data\markdown\2021-05-31_equity-research-star-bulk-carriers.md,2021-05-31,2021-05-31,,,,,Buy,37.8,$ 37.8,21.5,$ 21.5,75.9,non_us_kr_or_unparsed_market;missing_ticker
data\markdown\2021-05-31_equity-research-west-fraser-timber-co-ltd.md,2021-05-15,2021-05-31,US,West Fraser Timber Co. Ltd.,WFG,NYSE,Buy,137.0,137 USD,78.0,78 USD,76.0,
data\markdown\2021-06-06_equity-research-corning-2.md,2021-05-29,2021-06-06,KR,제이콘텐트리,036420,KRX,Buy,74500.0,"74,500원",53000.0,"53,000원",,
data\markdown\2021-06-06_equity-research-lg유플러스-2.md,2021-05-29,2021-06-06,KR,LG 유플러스,032640,KRX,Buy,26450.0,26450 원,14500.0,14500 원,82.4,
data\markdown\2021-06-06_equity-research-시그넷이브이.md,2021-05-28,2021-06-06,KR,시그넷이브이(KONEX: 260870),075580,KRX,,61300.0,"61,300원",61300.0,"61,300원",,
data\markdown\2021-06-06_equity-research-에스엘.md,2021-05-29,2021-06-06,KR,에스엘,005850,KRX,Buy,50000.0,"50,000 원",31200.0,"31,200 원",60.3,
data\markdown\2021-06-06_equity-research-효성티앤씨.md,2021-05-29,2021-06-06,KR,효성티앤씨,298020,KRX,Buy,975000.0,"975,000 원",710000.0,"710,000 원",37.3,
data\markdown\2021-11-03_equity-research-넥스틴.md,2021-10-16,2021-11-03,KR,넥스틴,348210,KRX,Buy,72400.0,"72,400 원",52800.0,"52,800 원",37.0,
data\markdown\2021-11-03_equity-research-세경하이테크.md,2021-10-16,2021-11-03,KR,세경하이테크,148150,KRX,Buy,35000.0,"35,000 원",24950.0,"24,950 원",40.0,
data\markdown\2021-11-03_equity-research-엔씨소프트.md,2021-10-16,2021-11-03,KR,엔씨소프트,036570,KRX,Sell,372000.0,"372,000 원",607000.0,"607,000 원",-39.0,
data\markdown\2021-11-03_equity-research-주성엔지니어링.md,2021-10-16,2021-11-03,KR,주성엔지니어링,036930,KRX,Buy,26700.0,"26,700 원",11200.0,"11,200 원",138.4,
data\markdown\2021-11-03_equity-research-키이스트.md,2021-10-16,2021-11-03,,,,,Buy,20800.0,"20,800 원",15000.0,"15,000 원",39.0,non_us_kr_or_unparsed_market;missing_ticker
data\markdown\2021-11-19_equity-research-npc.md,2021-11-06,2021-11-19,KR,NPC,004250,KRX,Buy,9290.0,9290 원,5910.0,5910 원,57.0,
data\markdown\2021-11-19_equity-research-예스티.md,2021-11-06,2021-11-19,,,,,Buy,25300.0,"25,300 원",13600.0,"13,600 원",86.0,non_us_kr_or_unparsed_market;missing_ticker
data\markdown\2021-11-19_equity-research-원티드랩.md,2021-11-06,2021-11-19,KR,원티드랩,376980,KRX,Buy,50900.0,"50,900 원",35500.0,"35,500 원",43.0,
data\markdown\2021-11-19_equity-research-카카오게임즈.md,2021-11-06,2021-11-19,KR,카카오게임즈,293490,KRX,Buy,151300.0,151.300 원,97900.0,"97,900 원",55.0,
data\markdown\2021-11-19_equity-research-하이브.md,2021-11-06,2021-11-19,KR,하이브,352820,KRX,Buy,628000.0,"628,000 원",383500.0,"383,500 원",63.7,
data\markdown\2021-11-30_equity-research-chegg.md,2021-11-20,2021-11-30,US,"Chegg, Inc.",CHGG,NYSE,Buy,43.5,$ 43.50,27.12,$ 27.12,60.0,
data\markdown\2021-11-30_equity-research-inmode.md,2021-11-30,2021-11-30,,,,,Buy,172.11,$ 172.11,92.62,$ 92.62,,non_us_kr_or_unparsed_market;missing_ticker
data\markdown\2021-11-30_equity-research-muyuan-foods-co-ltd.md,2021-11-20,2021-11-30,,,,,Buy,84.0,84,56.0,56,45.0,non_us_kr_or_unparsed_market;missing_ticker
data\markdown\2021-11-30_equity-research-opendoor.md,2021-11-20,2021-11-30,US,"Opendoor Technologies, Inc.",OPEN,NASDAQ,Buy,,,,,,missing_target_price
data\markdown\2021-11-30_equity-research-z-holdings.md,2021-11-20,2021-11-30,,,,,Buy,1210.0,"1,210",825.5,825.5,46.0,non_us_kr_or_unparsed_market;missing_ticker
data\markdown\2021-12-13_equity-research-세아제강지주.md,2021-12-04,2021-12-13,KR,세아제강지주,003030,KRX,Buy,154000.0,"154,000 원",110000.0,"110,000 원",40.0,
data\markdown\2021-12-13_equity-research-에스티팜-2.md,2021-12-04,2021-12-13,KR,에스티팜,237690,KRX,Buy,185000.0,"185,000 원",128000.0,"128,000 원",44.5,
data\markdown\2021-12-13_equity-research-엔켐.md,2021-12-04,2021-12-13,KR,엔켐,348370,KRX,Buy,174900.0,"174,900 원",108600.0,"108,600 원",61.0,
data\markdown\2021-12-13_equity-research-인텔리안테크.md,2021-12-04,2021-12-13,KR,인텔리안테크,189300,KRX,Buy,122000.0,"122,000 원",80400.0,"80,400 원",52.0,
data\markdown\2021-12-13_equity-research-쿠콘.md,2021-12-04,2021-12-13,KR,쿠콘,294570,KRX,Buy,104100.0,"104,100 원",77900.0,"77,900 원",34.0,
data\markdown\2022-04-16_equity-research-jyp-ent.md,2022-04-09,2022-04-16,KR,JYP Ent.,035900,KRX,Buy,92400.0,"92,400 원",64700.0,"64,700 원",43.0,
data\markdown\2022-04-16_equity-research-공구우먼.md,2022-04-09,2022-04-16,KR,공구우먼,366030,KRX,,37400.0,"37,400 원",34600.0,"34,600 원",39.0,
data\markdown\2022-04-16_equity-research-국순당.md,2022-04-09,2022-04-16,KR,국순당,043650,KRX,Buy,13250.0,"13,250 원",10750.0,"10,750 원",23.3,
data\markdown\2022-04-16_equity-research-롯데렌탈.md,2022-04-09,2022-04-16,KR,롯데렌탈,089860,KRX,Buy,63529.0,"63,529원",,,33.0,
data\markdown\2022-04-16_equity-research-인터로조.md,2022-04-09,2022-04-16,KR,인터로조,119610,KRX,Buy,45500.0,"45,500 원",31350.0,"31,350 원",45.0,
data\markdown\2022-05-12_equity-research-골프존-2.md,2022-05-11,2022-05-12,KR,골프존,215000,KRX,Buy,268300.0,"268,300 원",179000.0,"179,000 원",50.0,
data\markdown\2022-05-12_equity-research-벽산-2.md,2022-05-07,2022-05-12,KR,벽산,007210,KRX,Buy,5300.0,"5,300원",,,35.0,
data\markdown\2022-05-12_equity-research-아이원스.md,2022-05-07,2022-05-12,KR,아이원스,114810,KRX,Buy,16450.0,"16,450 원",9650.0,"9,650 원",70.5,
data\markdown\2022-05-12_equity-research-애니플러스.md,2022-05-07,2022-05-12,KR,애니플러스,310200,KRX,Buy,5310.0,"5,310 원",4215.0,"4,215 원",26.0,
data\markdown\2022-05-12_equity-research-인바디.md,2022-05-07,2022-05-12,KR,인바디,041830,KRX,Buy,43000.0,"38,300~47,700 원",27550.0,"27,550 원",,
data\markdown\2022-05-25_equity-research-gem-co-ltd.md,2022-05-21,2022-05-25,,,,,Buy,11.35,11.35,7.63,7.63,49.0,non_us_kr_or_unparsed_market;missing_ticker
data\markdown\2022-05-25_equity-research-graftech-international-ltd.md,2022-05-21,2022-05-25,US,GrafTech International Ltd.,EAF,NYSE,Buy,13.1,$ 13.10,8.25,$ 8.25,59.0,
data\markdown\2022-05-25_equity-research-scorpio-tankers-inc.md,2022-05-21,2022-05-25,US,Scorpio Tankers Inc.,STNG,NYSE,Buy,44.66,$ 44.66,29.11,$ 29.11,,
data\markdown\2022-05-25_equity-research-tsmc.md,2022-05-21,2022-05-25,,,,,Buy,764.0,764,530.0,530,44.0,non_us_kr_or_unparsed_market;missing_ticker
data\markdown\2022-06-08_equity-research-dl.md,2022-06-03,2022-06-08,KR,DL,000210,KRX,Buy,102000.0,"102,000 원",68000.0,"68,000 원",50.0,
data\markdown\2022-06-08_equity-research-ls.md,2022-06-03,2022-06-08,KR,LS,006260,KRX,Buy,163000.0,"163,000 원",66700.0,"66,700 원",144.4,
data\markdown\2022-06-08_equity-research-동아쏘시오홀딩스.md,2022-06-02,2022-06-08,KR,동아쏘시오홀딩스,000640,KRX,Buy,155500.0,"155,500 원",107000.0,"107,000 원",45.0,
data\markdown\2022-06-08_equity-research-영원무역홀딩스.md,2022-06-02,2022-06-08,KR,영원무역홀딩스,009970,KRX,Buy,,,,,47.0,missing_target_price
data\markdown\2022-06-08_equity-research-티와이홀딩스.md,2022-06-03,2022-06-08,KR,티와이홀딩스,363280,KRX,Buy,38100.0,"38,100원",25300.0,"25,300원",51.0,
data\markdown\2022-10-13_equity-research-hpsp.md,2022-10-08,2022-10-13,KR,HPSP,403870,KRX,Buy,89100.0,"89,100 원",57500.0,"57,500 원",55.0,
data\markdown\2022-10-13_equity-research-나스미디어.md,2022-10-08,2022-10-13,KR,나스미디어,089600,KRX,Buy,45500.0,"45,500 원",29550.0,"29,550 원",54.0,
data\markdown\2022-10-13_equity-research-바이오플러스.md,2022-10-08,2022-10-13,KR,바이오플러스,099430,KRX,Buy,31800.0,"31,800 원",29100.0,"29,100 원",,
data\markdown\2022-10-13_equity-research-아이씨에이치.md,2022-10-07,2022-10-13,KR,아이씨에이치,368600,KRX,Buy,31100.0,"31,100원",,,18.0,
data\markdown\2022-10-13_equity-research-아프리카tv.md,2022-10-07,2022-10-13,KR,아프리카TV,067160,KRX,Buy,101500.0,"101,500 원",75500.0,"75,500 원",34.0,
data\markdown\2022-11-13_equity-research-s-oil-3.md,2022-11-05,2022-11-13,KR,S-OIL,010950,KRX,Buy,122500.0,"122,500 원",91800.0,"91,800 원",33.0,
data\markdown\2022-11-13_equity-research-우리금융지주.md,2022-11-04,2022-11-13,KR,우리금융지주,316140,KRX,Buy,14700.0,"14,700 원",11450.0,"11,450 원",28.4,
data\markdown\2022-11-13_equity-research-이랜텍.md,2022-11-04,2022-11-13,KR,이랜텍,054210,KRX,Buy,17500.0,"17,500 원",12250.0,"12,250 원",43.0,
data\markdown\2022-11-13_equity-research-이수페타시스-2.md,2022-11-05,2022-11-13,KR,이수페타시스,007660,KRX,Buy,7600.0,"7,600 원",5480.0,"5,480 원",38.7,
data\markdown\2022-11-13_equity-research-현대에너지솔루션.md,2022-11-04,2022-11-13,KR,현대에너지솔루션,322000,KRX,Buy,82700.0,"82,700 원",56600.0,"56,600 원",46.0,
data\markdown\2022-11-25_equity-research-arista-networks.md,2022-11-19,2022-11-25,US,Arista Networks,ANET,NYSE,Buy,184.525,$167.75 - $201.30,,,,
data\markdown\2022-11-25_equity-research-mp-materials.md,2022-11-18,2022-11-25,US,MP Materials Corp.,MP,NYSE,Buy,51.4,$ 51.40,32.47,$ 32.47,58.3,
data\markdown\2022-11-25_equity-research-noble-corporation-plc.md,2022-11-18,2022-11-25,US,Noble Corporation Plc.,NE,NYSE,Buy,47.16,$ 47.16,38.26,$ 38.26,23.0,
data\markdown\2022-11-25_equity-research-tenaris-s-a.md,2022-11-19,2022-11-25,,,,,Buy,24.44,$24.44,17.22,$17.22,42.0,non_us_kr_or_unparsed_market;missing_ticker
data\markdown\2022-11-25_equity-research-wolfspeed.md,2022-11-18,2022-11-25,US,Wolfspeed,WOLF,NYSE,Buy,109.68,$ 109.68,88.06,$ 88.06,24.6,
data\markdown\2022-12-08_equity-research-snt에너지.md,2022-12-02,2022-12-08,KR,SNT에너지,100840,KRX,Buy,35500.0,"35,500 원",22850.0,"22,850 원",55.4,
data\markdown\2022-12-08_equity-research-삼성엔지니어링.md,2022-12-03,2022-12-08,KR,삼성엔지니어링,028050,KRX,Buy,33800.0,"33,800 원",23700.0,"23,700 원",43.0,
data\markdown\2022-12-08_equity-research-셀트리온-3.md,2022-12-03,2022-12-08,KR,셀트리온,068270,KRX,Buy,222000.0,"222,000 원",174000.0,"174,000 원",28.0,
data\markdown\2022-12-08_equity-research-포스코홀딩스.md,2022-12-02,2022-12-08,KR,POSCO홀딩스,005490,KRX,Buy,365000.0,"365,000 원",295000.0,"295,000 원",24.0,
data\markdown\2022-12-08_equity-research-한국항공우주.md,2022-12-03,2022-12-08,KR,한국항공우주,047810,KRX,Buy,67000.0,"67,000 원",47000.0,"47,000 원",42.6,
data\markdown\2023-04-13_equity-research-jtc.md,2023-04-07,2023-04-13,KR,JTC,950170,KRX,Buy,7100.0,"7,100 원",4075.0,"4,075 원",74.0,
data\markdown\2023-04-13_equity-research-글로벌텍스프리-2.md,2023-04-07,2023-04-13,KR,글로벌텍스프리,204620,KRX,Buy,3800.0,"3,800 원",3800.0,"3,800 원",78.0,
data\markdown\2023-04-13_equity-research-아스플로.md,2023-04-07,2023-04-13,KR,아스플로,159010,KRX,Buy,20300.0,"20,300 원",13500.0,"13,500 원",50.0,
data\markdown\2023-04-13_equity-research-큐브엔터.md,2023-04-07,2023-04-13,KR,큐브엔터,182360,KRX,Buy,41900.0,"41,900 원",24200.0,"24,200 원",73.2,
data\markdown\2023-04-13_equity-research-파마리서치.md,2023-04-07,2023-04-13,KR,파마리서치,214450,KRX,Buy,111300.0,"111,300원",,,,
data\markdown\2023-05-11_equity-research-sk디앤디-2.md,2023-05-05,2023-05-11,KR,SK디앤디,210980,KRX,Buy,38000.0,"38,000 원",22300.0,"22,300 원",70.0,
data\markdown\2023-05-11_equity-research-레이.md,2023-05-05,2023-05-11,KR,레이,228670,KRX,Buy,73700.0,"73,700 원",34550.0,"34,550 원",113.0,
data\markdown\2023-05-11_equity-research-진시스템.md,2023-05-05,2023-05-11,KR,진시스템,363250,KRX,Buy,32800.0,"32,800 원",17990.0,"17,990 원",82.0,
data\markdown\2023-05-11_equity-research-태광-2.md,2023-05-05,2023-05-11,KR,태광,023160,KRX,Buy,28840.0,"28,840 원",18120.0,"18,120 원",59.0,
data\markdown\2023-05-11_equity-research-태웅-3.md,2023-05-05,2023-05-11,KR,태웅,044490,KRX,Buy,28600.0,"28,600 원",13700.0,"13,700 원",109.0,
data\markdown\2023-05-25_equity-research-bank-of-america-corp.md,2023-05-20,2023-05-25,US,Bank of America Corp,BAC,NYSE,Buy,33.17,$33.17,28.47,28.47$,16.5,
data\markdown\2023-05-25_equity-research-jw중외제약.md,2023-05-19,2023-05-25,KR,JW중외제약,001060,KRX,Buy,35600.0,"35,600 원",24600.0,"24,600 원",45.0,
data\markdown\2023-05-25_equity-research-기가비스.md,2023-05-19,2023-05-25,KR,기가비스,420770,KRX,Buy,84800.0,"84,800 원",,,97.0,
data\markdown\2023-05-25_equity-research-루닛.md,2023-05-19,2023-05-25,KR,루닛,328130,KRX,Buy,122700.0,"122,700원",68800.0,"68,800 원",156.0,
data\markdown\2023-06-09_equity-research-di동일.md,2023-06-01,2023-06-09,KR,DI동일,001530,KRX,Buy,30700.0,"30,700 원",20500.0,"20,500 원",50.0,
data\markdown\2023-06-09_equity-research-롯데웰푸드.md,2023-06-01,2023-06-09,KR,롯데웰푸드,280360,KRX,Buy,18269.0,"18,269원",107000.0,"107,000 원",106.0,
data\markdown\2023-06-09_equity-research-메쎄이상.md,2023-06-01,2023-06-09,KR,메쎄이상,408920,KRX,Buy,4620.0,"4,620원",2825.0,"2,825 원",63.0,
data\markdown\2023-06-09_equity-research-제이시스메디칼.md,2023-06-01,2023-06-09,KR,제이시스메디칼,287410,KRX,Buy,15420.0,"15,420원",,,61.8,
data\markdown\2023-06-09_equity-research-현대그린푸드-2.md,2023-06-01,2023-06-09,KR,현대그린푸드,453340,KRX,Buy,21600.0,"21,600 원",11910.0,"11,910 원",81.0,
data\markdown\2023-10-19_equity-research-hd현대일렉트릭.md,2023-10-14,2023-10-19,KR,HD현대일렉트릭,267260,KRX,Buy,140100.0,"140,100 원",71600.0,"71,600 원",96.0,
data\markdown\2023-10-19_equity-research-sk하이닉스-2.md,2023-10-13,2023-10-19,KR,SK하이닉스,000660,KRX,Buy,164600.0,"164,600 원",124700.0,"124,700 원",32.0,
data\markdown\2023-10-19_equity-research-에이디테크놀로지.md,2023-10-13,2023-10-19,KR,에이디테크놀로지,200710,KRX,Buy,75100.0,"75,100 원",23200.0,"23,200 원",224.0,
data\markdown\2023-10-19_equity-research-코세스.md,2023-10-12,2023-10-19,KR,코세스,089890,KRX,Buy,18600.0,"18,600 원",9600.0,9.600 원,94.0,
data\markdown\2023-10-19_equity-research-하이브-2.md,2023-10-13,2023-10-19,KR,하이브,352820,KRX,Buy,334500.0,"334,500 원",244500.0,"244,500 원",37.0,
data\markdown\2023-11-12_equity-research-dl이앤씨.md,2023-11-03,2023-11-12,KR,DL이앤씨,375500,KRX,Buy,82600.0,"82,600 원",34800.0,"34,800 원",131.0,
data\markdown\2023-11-12_equity-research-lx인터내셔널.md,2023-11-03,2023-11-12,KR,LX인터내셔널,001120,KRX,Buy,26300.0,"26,300 원",52800.0,"52,800 원",101.0,
data\markdown\2023-11-12_equity-research-두산테스나.md,2023-11-03,2023-11-12,KR,두산테스나,131970,KRX,Buy,66500.0,"66,500 원",52500.0,"52,500 원",27.0,
data\markdown\2023-11-12_equity-research-파두.md,2023-11-03,2023-11-12,KR,파두,440110,KRX,Neutral,,,33550.0,"33,550 원",90.0,missing_target_price
data\markdown\2023-11-12_equity-research-효성티앤씨-2.md,2023-11-03,2023-11-12,KR,효성티앤씨,298020,KRX,Buy,514000.0,"514,000 원",364500.0,"364,500 원",41.0,
data\markdown\2023-11-22_equity-research-be-semiconductor-industries-n-v.md,2023-11-17,2023-11-22,,,,,Buy,,,118.4,118.4,94.0,non_us_kr_or_unparsed_market;missing_ticker;missing_target_price
data\markdown\2023-11-22_equity-research-byd.md,2023-11-16,2023-11-22,,,,,Buy,238.3,238.30,238.3,238.30,39.0,non_us_kr_or_unparsed_market;missing_ticker
data\markdown\2023-11-22_equity-research-eli-lilly-co.md,2023-11-17,2023-11-22,US,Eli Lilly & Co,LLY,NYSE,,745.2,$745.2,,,,
data\markdown\2023-11-22_equity-research-lonza-group-ag.md,2023-11-18,2023-11-22,,,,,Buy,465.4,465.4,353.3,353.3,32.0,non_us_kr_or_unparsed_market;missing_ticker
data\markdown\2023-11-22_equity-research-vertiv-holdings-co.md,2023-11-17,2023-11-22,US,Vertiv Holdings Co,VRT,NYSE,Buy,61.97,$61.97,42.84,$ 42.84,,
data\markdown\2023-12-06_equity-research-동진쎄미켐.md,2023-11-30,2023-12-06,KR,동진쎄미켐,005290,KRX,Buy,62950.0,"62,950 원",37350.0,"37,350 원",69.0,
data\markdown\2023-12-06_equity-research-비에이치-2.md,2023-11-29,2023-12-06,KR,비에이치,090460,KRX,Buy,31000.0,"31,000 원",21250.0,"21,250 원",46.0,
data\markdown\2023-12-06_equity-research-아난티.md,2023-11-29,2023-12-06,KR,아난티,025980,KRX,Buy,12700.0,"12,700 원",6520.0,"6,520 원",95.0,
data\markdown\2023-12-06_equity-research-코스맥스-2.md,2023-11-29,2023-12-06,KR,코스맥스,192820,KRX,Buy,142000.0,"142,000 원",112500.0,"112,500 원",26.0,
data\markdown\2023-12-06_equity-research-화승인더-2.md,2023-11-29,2023-12-06,KR,화승인더,006060,KRX,Buy,6700.0,"6,700 원",3505.0,"3,505 원",91.0,
data\markdown\2024-04-17_equity-research-에스티팜-3.md,2024-04-13,2024-04-17,KR,에스티팜,237690,KRX,Buy,114301.0,"114,301원",83300.0,"83,300 원",37.2,
data\markdown\2024-04-17_equity-research-한양디지텍.md,2024-04-12,2024-04-17,KR,한양디지텍,078350,KRX,Buy,47800.0,"47,800 원",22200.0,"22,200 원",115.3,
data\markdown\2024-04-17_equity-research-한전기술-2.md,2024-04-12,2024-04-17,KR,한전기술,052690,KRX,Buy,95000.0,"95,000 원",58800.0,"58,800 원",61.6,
data\markdown\2024-04-17_equity-research-한화오션.md,2024-04-13,2024-04-17,KR,한화오션,042660,KRX,Buy,,,28500.0,"28,500 원",91.0,missing_target_price
data\markdown\2024-04-17_equity-research-현대차-2.md,2024-04-12,2024-04-17,KR,현대차,005380,KRX,Buy,314900.0,"314,900 원",238000.0,"238,000 원",32.0,
data\markdown\2024-05-09_equity-research-데브시스터즈-2.md,2024-05-03,2024-05-09,KR,데브시스터즈,194480,KRX,Buy,87700.0,"87,700 원",47100.0,"47,100 원",86.0,
data\markdown\2024-05-09_equity-research-롯데관광개발.md,2024-05-03,2024-05-09,KR,롯데관광개발,032350,KRX,Buy,19220.0,"19,220 원",10150.0,"10,150 원",89.4,
data\markdown\2024-05-09_equity-research-알테오젠.md,2024-05-03,2024-05-09,KR,알테오젠,196170,KRX,Buy,242200.0,"242,200 원",180800.0,"180,800 원",34.0,
data\markdown\2024-05-09_equity-research-에이피알.md,2024-05-03,2024-05-09,KR,에이피알,278470,KRX,Buy,414000.0,"414,000 원",297000.0,"297,000 원",39.4,
data\markdown\2024-05-09_equity-research-율촌화학.md,2024-05-02,2024-05-09,KR,율촌화학,008730,KRX,Buy,69000.0,"69,000 원",32350.0,"32,350 원",113.29,
data\markdown\2024-05-24_equity-research-centrus-energy-corp.md,2024-05-17,2024-05-24,,,,,Buy,832.82,$832.82,43.64,$43.64,,non_us_kr_or_unparsed_market;missing_ticker
data\markdown\2024-05-24_equity-research-fluence-energy-inc.md,2024-05-17,2024-05-24,US,Fluence Energy Inc,FLNC,NASDAQ,Buy,32.89,$32.89,,,,
data\markdown\2024-05-24_equity-research-intuitive-surgical.md,2024-05-17,2024-05-24,US,"Intuitive Surgical, Inc.",ISRG,NASDAQ,Buy,523.8,$523.8,396.43,$396.43,32.1,
data\markdown\2024-05-24_equity-research-osaka-titanium-technologies-co-ltd.md,2024-05-17,2024-05-24,,,,,Buy,4300.0,"4,300 엔",2490.0,"2,490 엔",72.62,non_us_kr_or_unparsed_market;missing_ticker
data\markdown\2024-05-24_equity-research-palantir-technologies-inc.md,2024-05-17,2024-05-24,US,Palantir Technologies Inc.,PLTR,NYSE,Buy,40.89,$40.89,21.65,$21.65,88.9,
data\markdown\2024-06-07_equity-research-kg스틸.md,2024-05-30,2024-06-07,KR,KG스틸,016380,KRX,Buy,9600.0,"9,600 원",6790.0,"6,790 원",41.0,
data\markdown\2024-06-07_equity-research-넥센.md,2024-05-30,2024-06-07,KR,넥센,005720,KRX,Buy,6080.0,"6,080 원",4435.0,"4,435 원",33.0,
data\markdown\2024-06-07_equity-research-오리온-2.md,2024-05-30,2024-06-07,KR,오리온,271560,KRX,Buy,116200.0,"116,200 원",92100.0,"92,100 원",26.0,
data\markdown\2024-06-07_equity-research-케이씨.md,2024-05-30,2024-06-07,KR,케이씨,029460,KRX,Buy,28100.0,"28,100 원",21550.0,"21,550 원",30.39,
data\markdown\2024-06-07_equity-research-쿠쿠홀딩스.md,2024-05-30,2024-06-07,KR,쿠쿠홀딩스,192400,KRX,Buy,28900.0,"28,900 원",21350.0,"21,350 원",35.4,
data\markdown\2024-10-17_equity-research-hdc현대산업개발.md,2024-10-12,2024-10-17,KR,HDC현대산업개발,294870,KRX,Buy,35600.0,"35,600 원",22150.0,"22,150 원",61.0,
data\markdown\2024-10-17_equity-research-soop.md,2024-10-11,2024-10-17,KR,SOOP,067160,KRX,Buy,182500.0,"182,500 원",96200.0,"96,200 원",93.53,
data\markdown\2024-10-17_equity-research-씨에스윈드.md,2024-10-11,2024-10-17,KR,씨에스윈드,112610,KRX,Buy,134400.0,"134,400 원",61500.0,"61,500 원",118.5,
data\markdown\2024-10-17_equity-research-인카금융서비스.md,2024-10-11,2024-10-17,KR,인카금융서비스,211050,KRX,Buy,8100.0,"8,100원",,,,
data\markdown\2024-10-17_equity-research-크래프톤.md,2024-10-11,2024-10-17,KR,크래프톤,259960,KRX,Buy,600500.0,"600,500원",331500.0,"331,500 원",81.0,
data\markdown\2024-11-07_equity-research-브이티.md,2024-11-01,2024-11-07,KR,브이티,018290,KRX,Buy,55700.0,"55,700 원",32500.0,"32,500 원",71.0,
data\markdown\2024-11-07_equity-research-에스트래픽.md,2024-11-02,2024-11-07,KR,에스트래픽,234300,KRX,Buy,6900.0,"6,900 원",4150.0,"4,150 원",66.0,
data\markdown\2024-11-07_equity-research-티엘비.md,2024-11-06,2024-11-07,KR,티엘비,356860,KRX,Buy,106000.0,"106,000원",13550.0,"13,550 원",91.88,
data\markdown\2024-11-07_equity-research-한국전력-2.md,2024-11-01,2024-11-07,KR,한국전력,015760,KRX,Buy,37630.0,"37,630 원",23050.0,"23,050 원",63.25,
data\markdown\2024-11-07_equity-research-현대모비스-2.md,2024-11-01,2024-11-07,KR,현대모비스,012330,KRX,Buy,386100.0,"386,100 원",248500.0,"248,500 원",55.0,
data\markdown\2024-11-21_equity-research-cover-corp.md,2024-11-20,2024-11-21,,,,,Buy,6800.0,"6,800 엔",2584.0,"2,584 엔",163.2,non_us_kr_or_unparsed_market;missing_ticker
data\markdown\2024-11-21_equity-research-funko-inc.md,2024-11-16,2024-11-21,US,Funko Inc.,FNKO,NASDAQ,Buy,16.1,$16.1,10.29,$10.29,57.0,
data\markdown\2024-11-21_equity-research-grindr-inc.md,2024-11-15,2024-11-21,US,Grindr,GRND,NYSE,Buy,24.34,24.34 달러,,,,
data\markdown\2024-11-21_equity-research-levi-strauss-co.md,2024-11-15,2024-11-21,US,Levi Strauss & Co.,LEVI,NYSE,Buy,26.33,$ 26.33,16.76,$ 16.76,57.1,
data\markdown\2024-11-21_equity-research-round-one-corp.md,2024-11-16,2024-11-21,,,,,Buy,1400.0,"1,400 엔",1063.0,"1,063 엔",32.0,non_us_kr_or_unparsed_market;missing_ticker
data\markdown\2024-12-05_equity-research-advantest-corporation.md,2024-11-29,2024-12-05,,,,,Buy,14463.0,"14,463",,,76.0,non_us_kr_or_unparsed_market;missing_ticker
data\markdown\2024-12-05_equity-research-jyp-ent-2.md,2024-11-30,2024-12-05,KR,JYP Ent.,035900,KRX,Buy,116604.0,"116,604 원",76400.0,"76,400 원",52.6,
data\markdown\2024-12-05_equity-research-rfhic.md,2024-11-29,2024-12-05,KR,RFHIC,218410,KRX,Buy,17650.0,"17,650 원",12240.0,"12,240 원",44.2,
data\markdown\2024-12-05_equity-research-동성화인텍.md,2024-11-29,2024-12-05,KR,동성화인텍,033500,KRX,Buy,20600.0,"20,600 원",14310.0,"14,310 원",42.0,
data\markdown\2024-12-05_equity-research-한화엔진.md,2024-11-29,2024-12-05,KR,한화엔진,082740,KRX,Buy,24352.0,"24,352 원",16110.0,"16,110 원",51.16,
data\markdown\2025-04-19_equity-research-cj.md,2025-04-12,2025-04-19,KR,CJ,001040,KRX,Buy,116700.0,"116,700 원",116700.0,"116,700 원",47.0,
data\markdown\2025-04-19_equity-research-노머스.md,2025-04-11,2025-04-19,KR,노머스,473980,KRX,Buy,37950.0,"37,950 원",24350.0,"24,350 원",56.0,
data\markdown\2025-04-19_equity-research-지엔씨에너지.md,2025-04-11,2025-04-19,KR,지엔씨에너지,119850,KRX,Buy,39610.0,"39,610 원",16950.0,"16,950 원",133.69,
data\markdown\2025-04-19_equity-research-한화비전.md,2025-04-11,2025-04-19,KR,한화비전,489790,KRX,Buy,111600.0,"111,600 원",54400.0,"54,400 원",105.0,
data\markdown\2025-04-19_equity-research-한화에어로스페이스.md,2025-04-12,2025-04-19,KR,한화에어로스페이스,012450,KRX,Buy,1205000.0,"1,205,000원",779000.0,"779,000 원",138.0,
data\markdown\2025-05-11_equity-research-hd현대미포.md,2025-05-02,2025-05-11,KR,HD현대미포,010620,KRX,Buy,250000.0,"250,000 원",171700.0,"171,700 원",46.0,
data\markdown\2025-05-11_equity-research-에스앤에스텍.md,2025-05-03,2025-05-11,KR,에스앤에스텍,101490,KRX,Buy,54700.0,"54,700 원",34650.0,"34,650 원",57.86,
data\markdown\2025-05-11_equity-research-토모큐브.md,2025-05-02,2025-05-11,KR,토모큐브,475960,KRX,Buy,64550.0,"64,550원",19420.0,"19,420 원",1344.2,
data\markdown\2025-05-11_equity-research-펄어비스-2.md,2025-05-02,2025-05-11,KR,펄어비스,263750,KRX,Sell,,,35400.0,"35,400 원",,missing_target_price
data\markdown\2025-05-11_equity-research-한화솔루션-2.md,2025-05-03,2025-05-11,KR,한화솔루션,009830,KRX,Buy,,,30300.0,"30,300 원",201.0,missing_target_price
data\markdown\2025-05-25_equity-research-cellebrite-di.md,2025-05-16,2025-05-25,US,Cellebrite DI,CLBT,NASDAQ,Buy,29.7,$ 29.70,17.27,$ 17.27,71.95,
data\markdown\2025-05-25_equity-research-doximity.md,2025-05-16,2025-05-25,US,Doximity,DOCS,NYSE,Buy,75.4,75.40 USD,46.25,46.25 USD,63.0,
data\markdown\2025-05-25_equity-research-life360-inc.md,2025-05-17,2025-05-25,US,Life360 Inc,LIF,NASDAQ,Buy,103.4,$ 103.4,58.6,$ 58.6,77.0,
data\markdown\2025-05-25_equity-research-sportradar.md,2025-05-16,2025-05-25,US,Sportradar,SRAD,NYSE,Buy,33.82,33.82달러,,,,
data\markdown\2025-05-25_equity-research-tempus-ai-inc.md,2025-05-16,2025-05-25,US,"Tempus AI, Inc.",TEM,NASDAQ,Buy,228.5,$228.5,62.6,$62.6,265.1,
data\markdown\2025-06-10_equity-research-고려신용정보-2.md,2025-05-29,2025-06-10,KR,고려신용정보,049720,KRX,Buy,18600.0,"18,600 원",10400.0,"10,400 원",78.85,
data\markdown\2025-06-10_equity-research-아이스크림미디.md,2025-05-29,2025-06-10,KR,아이스크림미디어,461300,KRX,Buy,25700.0,"25,700 원",15780.0,"15,780 원",62.86,
data\markdown\2025-06-10_equity-research-애니플러스-2.md,2025-05-30,2025-06-10,KR,애니플러스,310200,KRX,Buy,7680.0,"7,680 원",3550.0,"3,550 원",116.0,
data\markdown\2025-06-10_equity-research-월덱스.md,2025-05-29,2025-06-10,KR,월덱스,101160,KRX,Buy,26250.0,"26,250 원",19010.0,"19,010 원",38.1,
data\markdown\2025-06-10_equity-research-폰드그룹.md,2025-05-29,2025-06-10,KR,폰드그룹,472850,KRX,Buy,16057.0,"16,057 원",8480.0,"8,480 원",89.4,
data\markdown\2025-10-23_equity-research-coreweave.md,2025-10-17,2025-10-23,US,"CoreWeave, Inc.",CRWV,NASDAQ,Buy,,,,,,missing_target_price
data\markdown\2025-10-23_equity-research-corning-3.md,2025-10-18,2025-10-23,US,Corning,GLW,NYSE,Buy,144.0,144 $,86.24,86.24 $,66.8,
data\markdown\2025-10-23_equity-research-로보티즈.md,2025-10-18,2025-10-23,KR,로보티즈,108490,KRX,Buy,355800.0,"355,800원",192200.0,"192,200 원",236.0,
data\markdown\2025-10-23_equity-research-마이크로컨텍솔.md,2025-10-17,2025-10-23,KR,마이크로컨텍솔,098120,KRX,Buy,58200.0,"58,200 원",26300.0,"26,300 원",121.0,
data\markdown\2025-10-23_equity-research-하이브-3.md,2025-10-18,2025-10-23,KR,하이브,352820,KRX,Buy,393000.0,"393,000 원",269500.0,"269,500 원",45.9,
data\markdown\2025-11-11_equity-research-두산.md,2025-11-01,2025-11-11,KR,두산,000150,KRX,Buy,1874000.0,"1,874,000 원",949000.0,"949,000 원",97.0,
data\markdown\2025-11-11_equity-research-지투지바이오.md,2025-11-01,2025-11-11,KR,지투지바이오,456160,KRX,Buy,319800.0,"319,800원",55696.0,"55,696 원",585.0,
data\markdown\2025-11-11_equity-research-코오롱티슈진.md,2025-10-31,2025-11-11,KR,코오롱티슈진,950160,KRX,Buy,121000.0,"121,000원",44800.0,"44,800 원",420.0,
data\markdown\2025-11-11_equity-research-풍산-2.md,2025-11-01,2025-11-11,KR,풍산,103140,KRX,Hold,120700.0,"120,700 원",110000.0,"110,000 원",9.7,
data\markdown\2025-11-11_equity-research-한국카본-3.md,2025-10-31,2025-11-11,KR,한국카본,017960,KRX,Buy,64000.0,"64,000 원",36600.0,"36,600 원",74.9,
data\markdown\2025-12-01_equity-research-establishment-labs-holdings.md,2025-11-21,2025-12-01,US,Establishment Labs Holdings,ESTA,NASDAQ,Buy,118.76,$118.76,66.05,$66.05,79.8,
data\markdown\2025-12-01_equity-research-imax-corp.md,2025-11-21,2025-12-01,US,IMAX Corporation,IMAX,NYSE,Buy,54.6,$54.6,35.4,$35.4,54.0,
data\markdown\2025-12-01_equity-research-iradimed-corporation.md,2025-11-22,2025-12-01,US,Iradimed Corporation,IRMD,NASDAQ,Buy,146.0,"$ 146,",,,,
data\markdown\2025-12-01_equity-research-jac-recruitment-co-ltd.md,2025-11-22,2025-12-01,,,,,Buy,1686.0,"1,686",1108.0,"1,108",52.0,non_us_kr_or_unparsed_market;missing_ticker
data\markdown\2025-12-01_equity-research-sensient-technologies-corp.md,2025-11-21,2025-12-01,US,Sensient Technologies Corp,SXT,NYSE,Buy,238.0,"$ 238,",,,,
data\markdown\2025-12-15_equity-research-lumentum-holdings-inc.md,2025-12-06,2025-12-15,US,Lumentum Holdings Inc,LITE,NASDAQ,Buy,498.63,$ 498.63,327.85,$ 327.85,52.09,
data\markdown\2025-12-15_equity-research-s-oil-4.md,2025-12-06,2025-12-15,KR,S-Oil,010950,KRX,Buy,128400.0,"128,400 원",80500.0,"80,500 원",59.0,
data\markdown\2025-12-15_equity-research-알지노믹스.md,2025-12-05,2025-12-15,KR,알지노믹스,476830,KRX,Buy,,,,,367.0,missing_target_price
data\markdown\2025-12-15_equity-research-예스티-2.md,2025-12-05,2025-12-15,KR,예스티,122640,KRX,Buy,40500.0,"40,500원",,,,
data\markdown\2025-12-15_equity-research-파마리서치-2.md,2025-12-06,2025-12-15,KR,파마리서치,214450,KRX,Buy,805000.0,"805,000 원",401500.0,"401,500 원",100.5,
data\markdown\2026-04-16_equity-research-camteck.md,2026-04-11,2026-04-16,US,Camtek Ltd.,CAMT,NASDAQ,Buy,238.67,$ 238.67,176.51,$ 176.51,35.2,
data\markdown\2026-04-16_equity-research-golar-lng.md,2026-04-10,2026-04-16,US,Golar LNG Limited,GLNG,NASDAQ,Buy,,,,,,missing_target_price
data\markdown\2026-04-16_equity-research-sk오션플랜트.md,2026-04-15,2026-04-16,KR,SK오션플랜트,100090,KRX,Buy,41600.0,"41,600 원",23300.0,"23,300 원",78.5,
data\markdown\2026-04-16_equity-research-비츠로셀-3.md,2026-04-11,2026-04-16,,,,,Buy,45250.0,"45,250원",45250.0,"45,250원",73.4,non_us_kr_or_unparsed_market;missing_ticker
data\markdown\2026-04-16_equity-research-세아제강.md,2026-04-11,2026-04-16,KR,세아제강,306200,KRX,Buy,286700.0,"286,700 원",156400.0,"156,400 원",83.0,
data\markdown\2026-05-02_equity-research-hd현대마린솔루션.md,2026-05-02,2026-05-02,KR,HD현대마린솔루션,443060,KRX,Buy,393000.0,"393,000 원",263500.0,"263,500 원",48.0,
data\markdown\2026-05-02_equity-research-나노.md,2026-05-02,2026-05-02,KR,나노,187790,KRX,Buy,16310.0,"16,310 원",6100.0,"6,100 원",167.0,
data\markdown\2026-05-02_equity-research-샘씨엔에스.md,2026-05-02,2026-05-02,KR,샘씨엔에스,252990,KRX,Buy,14260.0,"14,260원",14260.0,"14,260원",,
data\markdown\2026-05-02_equity-research-코스텍시스.md,2026-05-02,2026-05-02,KR,코스텍시스,355150,KRX,Buy,112400.0,"112,400 원",51000.0,"51,000 원",120.4,
data\markdown\2026-05-06_equity-research-덕산네오룩스.md,2026-05-06,2026-05-06,KR,덕산네오룩스,213420,KRX,Buy,91200.0,"91,200 원",51200.0,"51,200 원",73.7,
data\markdown\2026-05-07_equity-research-hd현대마린솔루션.md,2026-05-02,2026-05-07,KR,HD현대마린솔루션,443060,KRX,Buy,393000.0,"393,000 원",263500.0,"263,500 원",48.0,
data\markdown\2026-05-07_equity-research-나노.md,2026-05-02,2026-05-07,KR,나노,187790,KRX,Buy,16310.0,"16,310 원",6100.0,"6,100 원",167.0,
data\markdown\2026-05-07_equity-research-덕산네오룩스.md,2026-05-06,2026-05-07,KR,덕산네오룩스,213420,KRX,Buy,91200.0,"91,200 원",51200.0,"51,200 원",73.7,
data\markdown\2026-05-07_equity-research-코스텍시스.md,2026-05-02,2026-05-07,KR,코스텍시스,355150,KRX,Buy,112400.0,"112,400 원",51000.0,"51,000 원",120.4,
data\markdown\2026-05-07_equity-research.md,2026-05-02,2026-05-07,KR,샘씨엔에스,252990,KRX,Buy,14260.0,"14,260원",14260.0,"14,260원",,
data\markdown\2026-05-29_equity-research-aixtron-se.md,2026-05-27,2026-05-29,,,,,Buy,94.79,94.79,,,79.7,non_us_kr_or_unparsed_market;missing_ticker
data\markdown\2026-05-29_equity-research-comfort-systems-usa-inc.md,2026-05-23,2026-05-29,US,Comfort Systems USA Inc,FIX,NYSE,Buy,5326.0,"$ 5,326",1835.0,"$ 1,835",190.0,
data\markdown\2026-05-29_equity-research-global-unichip-corp.md,2026-05-23,2026-05-29,,,,,Buy,5140.0,"5,140",5140.0,"5,140",,non_us_kr_or_unparsed_market;missing_ticker
data\markdown\2026-05-29_equity-research-soitec-sa.md,2026-05-22,2026-05-29,,,,,Buy,482.35,482.35,166.6,166.6,,non_us_kr_or_unparsed_market;missing_ticker
data\markdown\2026-05-29_equity-research-sterling-infrastructure-inc.md,2026-05-23,2026-05-29,US,"Sterling Infrastructure, Inc.",STRL,NASDAQ,Buy,1500.0,"$ 1,500",,,,
