source_file,school,report_type,ocr_recovered,report_date,authored_date,filename_date,market,company,ticker,exchange,rating,target_price,target_price_raw,report_current_price,report_current_price_raw,stated_upside_pct,parse_issue,qa_flags,data_issue
data/markdown/2020-10-31_equity-research-지트리비앤티.md,smic,company,False,2020-10-31,2020-10-31,2020-10-31,KR,HLB테라퓨틱스,115450,KRX,Strong Buy,,,27450.0,"27,450 원",200.7,missing_target_price,,
data/markdown/2020-12-05_equity-research-gaztransporttechnigaz-2.md,smic,sector,False,2020-12-05,2020-11-14,2020-12-05,FOREIGN,Gaztransport & Technigaz SA,,,Buy,,,,,,non_us_kr_or_unparsed_market;missing_ticker;missing_target_price,,
data/markdown/2020-12-05_equity-research-sea-ltd.md,smic,sector,False,2020-12-05,2020-11-21,2020-12-05,,,,,Buy,,,,,,non_us_kr_or_unparsed_market;missing_ticker;missing_target_price,,
data/markdown/2021-05-31_equity-research-ping-an-healthcare-technology.md,smic,sector,False,2021-05-31,,2021-05-31,,,,,Buy,,,,,,non_us_kr_or_unparsed_market;missing_ticker;missing_target_price,,
data/markdown/2021-11-03_equity-research-키이스트.md,smic,sector,False,2021-11-03,2021-10-16,2021-11-03,,,,,Buy,20800.0,"20,800 원",15000.0,"15,000 원",39.0,non_us_kr_or_unparsed_market;missing_ticker,,
data/markdown/2021-11-19_equity-research-예스티.md,smic,sector,False,2021-11-19,2021-11-06,2021-11-19,,,,,Buy,25300.0,"25,300 원",13600.0,"13,600 원",86.0,non_us_kr_or_unparsed_market;missing_ticker,,
data/markdown/2021-11-30_equity-research-muyuan-foods-co-ltd.md,smic,sector,False,2021-11-30,2021-11-20,2021-11-30,,,,,Strong Buy,84.0,84,56.0,56,45.0,non_us_kr_or_unparsed_market;missing_ticker,,
data/markdown/2021-11-30_equity-research-opendoor.md,smic,company,False,2021-11-30,2021-11-20,2021-11-30,US,"Opendoor Technologies, Inc.",OPEN,NASDAQ,Buy,,,,,,missing_target_price,,
data/markdown/2021-11-30_equity-research-z-holdings.md,smic,sector,False,2021-11-30,2021-11-20,2021-11-30,,,,,Buy,1210.0,"1,210",825.5,825.5,46.0,non_us_kr_or_unparsed_market;missing_ticker,,
data/markdown/2022-05-25_equity-research-gem-co-ltd.md,smic,sector,False,2022-05-25,2022-05-21,2022-05-25,FOREIGN,GEM,,,Buy,,,,,,non_us_kr_or_unparsed_market;missing_ticker;missing_target_price,,
data/markdown/2022-05-25_equity-research-tsmc.md,smic,sector,False,2022-05-25,2022-05-21,2022-05-25,,,,,Buy,764.0,764,530.0,530,44.0,non_us_kr_or_unparsed_market;missing_ticker,,
data/markdown/2022-11-25_equity-research-tenaris-s-a.md,smic,sector,False,2022-11-25,2022-11-19,2022-11-25,,,,,Buy,24.44,$24.44,17.22,$17.22,42.0,non_us_kr_or_unparsed_market;missing_ticker,,
data/markdown/2023-11-22_equity-research-be-semiconductor-industries-n-v.md,smic,sector,False,2023-11-22,2023-11-17,2023-11-22,,,,,Buy,229.2,Bull Case: 229.2,118.4,118.4,94.0,non_us_kr_or_unparsed_market;missing_ticker,,
data/markdown/2023-11-22_equity-research-lonza-group-ag.md,smic,sector,False,2023-11-22,2023-11-18,2023-11-22,,,,,Buy,465.4,465.4,353.3,353.3,32.0,non_us_kr_or_unparsed_market;missing_ticker,,
data/markdown/2024-05-24_equity-research-osaka-titanium-technologies-co-ltd.md,smic,sector,False,2024-05-24,2024-05-17,2024-05-24,,,,,Buy,4300.0,"4,300 엔",2490.0,"2,490 엔",72.62,non_us_kr_or_unparsed_market;missing_ticker,,
data/markdown/2024-11-21_equity-research-cover-corp.md,smic,sector,False,2024-11-21,2024-11-20,2024-11-21,,,,,Buy,6800.0,"6,800 엔",2584.0,"2,584 엔",163.2,non_us_kr_or_unparsed_market;missing_ticker,,
data/markdown/2024-11-21_equity-research-round-one-corp.md,smic,sector,False,2024-11-21,2024-11-16,2024-11-21,,,,,Buy,1400.0,"1,400 엔",1063.0,"1,063 엔",32.0,non_us_kr_or_unparsed_market;missing_ticker,,
data/markdown/2024-12-05_equity-research-advantest-corporation.md,smic,sector,False,2024-12-05,2024-11-29,2024-12-05,,,,,Buy,14463.0,"14,463",,,76.0,non_us_kr_or_unparsed_market;missing_ticker,,
data/markdown/2025-10-23_equity-research-coreweave.md,smic,company,False,2025-10-23,2025-10-17,2025-10-23,US,"CoreWeave, Inc.",CRWV,NASDAQ,Buy,,,,,,missing_target_price,,
data/markdown/2025-12-01_equity-research-jac-recruitment-co-ltd.md,smic,sector,False,2025-12-01,2025-11-22,2025-12-01,,,,,Buy,1686.0,"1,686",1108.0,"1,108",52.0,non_us_kr_or_unparsed_market;missing_ticker,,
data/markdown/2026-04-16_equity-research-golar-lng.md,smic,company,False,2026-04-16,2026-04-10,2026-04-16,US,Golar LNG Limited,GLNG,NASDAQ,Buy,,,,,,missing_target_price,,
data/markdown/2026-04-16_equity-research-비츠로셀-3.md,smic,sector,False,2026-04-16,2026-04-11,2026-04-16,,,,,Buy,78450.0,"78,450원",45250.0,"45,250원",73.4,non_us_kr_or_unparsed_market;missing_ticker,,
data/markdown/2026-05-29_equity-research-aixtron-se.md,smic,sector,False,2026-05-29,2026-05-27,2026-05-29,,,,,Buy,94.79,94.79,,,79.7,non_us_kr_or_unparsed_market;missing_ticker,,
data/markdown/2026-05-29_equity-research-global-unichip-corp.md,smic,sector,False,2026-05-29,2026-05-23,2026-05-29,,,,,Buy,5140.0,"5,140",5140.0,"5,140",,non_us_kr_or_unparsed_market;missing_ticker,,
data/markdown/2026-05-29_equity-research-soitec-sa.md,smic,sector,False,2026-05-29,2026-05-22,2026-05-29,,,,,Buy,482.35,482.35,166.6,166.6,189.5,non_us_kr_or_unparsed_market;missing_ticker,,
"data/markdown/smic/2013-09-18_Equity Research, DM테크놀러지.md",smic,sector,False,2007-05-12,2007-05-12,2013-09-18,,,,,Buy,6920.0,"6,920",,,,non_us_kr_or_unparsed_market;missing_ticker,report_date_from_filename,
"data/markdown/smic/2013-09-18_Equity Research, Daehan Flour mills.md",smic,sector,True,2007-05-05,2007-05-05,2013-09-18,,,,,Buy,204000.0,"₩204,000",204000.0,"₩204,000",,non_us_kr_or_unparsed_market;missing_ticker,ocr_fallback;report_date_from_filename,
"data/markdown/smic/2013-09-18_Equity Research, ECS텔레콤.md",smic,sector,False,2008-06-21,2008-06-21,2013-09-18,,,,,Buy,6427.0,"6,427",,,,non_us_kr_or_unparsed_market;missing_ticker,report_date_from_filename,
"data/markdown/smic/2013-09-18_Equity Research, S.M.ENTERTAINMENT.md",smic,sector,False,2010-10-09,2010-10-09,2013-09-18,,,,,Buy,25900.0,"25,900원",16800.0,"16,800원",54.1,non_us_kr_or_unparsed_market;missing_ticker,report_date_from_filename,
"data/markdown/smic/2013-09-18_Equity Research, YG-1.md",smic,sector,False,2008-11-01,2008-11-01,2013-09-18,,,,,Buy,6.973,6.973,,,,non_us_kr_or_unparsed_market;missing_ticker,report_date_from_filename,
"data/markdown/smic/2013-09-18_Equity Research, 국민은행.md",smic,company,False,2007-05-26,2007-05-26,2013-09-18,KR,국민은행,060000,KRX,Buy,,,,,,missing_target_price,report_date_from_filename,
"data/markdown/smic/2013-09-18_Equity Research, 다우기술.md",smic,sector,False,2010-10-23,2010-10-23,2013-09-18,,,,,Buy,13900.0,"13,900",8640.0,"8,640",60.0,non_us_kr_or_unparsed_market;missing_ticker,report_date_from_filename,
"data/markdown/smic/2013-09-18_Equity Research, 대한통운.md",smic,sector,False,2008-11-20,2008-11-20,2013-09-18,,,,,Buy,,,5.0,5,,non_us_kr_or_unparsed_market;missing_ticker;missing_target_price,report_date_from_filename,
"data/markdown/smic/2013-09-18_Equity Research, 동화약품공업.md",smic,company,False,2008-10-17,2008-10-17,2013-09-18,KR,동화약품,000020,KRX,Buy,,,,,,missing_target_price,report_date_from_filename,
"data/markdown/smic/2013-09-18_Equity Research, 롯데쇼핑.md",smic,sector,False,2008-11-07,2008-11-07,2013-09-18,,,,,Hold,240851.0,"240,851",,,,non_us_kr_or_unparsed_market;missing_ticker,report_date_from_filename,
"data/markdown/smic/2013-09-18_Equity Research, 맥쿼리인프라(MKIF).md",smic,sector,False,2009-11-07,2009-11-07,2013-09-18,,,,,Buy,7093.0,"7,093원",5110.0,"5,110원",38.81,non_us_kr_or_unparsed_market;missing_ticker,report_date_from_filename,
"data/markdown/smic/2013-09-18_Equity Research, 메가스터디.md",smic,sector,True,2007-04-07,2007-04-07,2013-09-18,,,,,Buy,174500.0,"₩174,500",174500.0,"₩174,500",,non_us_kr_or_unparsed_market;missing_ticker,ocr_fallback;report_date_from_filename,
"data/markdown/smic/2013-09-18_Equity Research, 모아텍.md",smic,sector,False,2010-10-21,2010-10-21,2013-09-18,,,,,Buy,13218.0,"13,218 원",8400.0,"8,400원",57.4,non_us_kr_or_unparsed_market;missing_ticker,report_date_from_filename,
"data/markdown/smic/2013-09-18_Equity Research, 뷰웍스.md",smic,sector,False,2009-05-09,2009-05-09,2013-09-18,,,,,Buy,18120.0,"18,120",,,,non_us_kr_or_unparsed_market;missing_ticker,report_date_from_filename,
"data/markdown/smic/2013-09-18_Equity Research, 빙그레.md",smic,sector,False,2009-04-04,2009-04-04,2013-09-18,,,,,Buy,49986.0,"49,986",,,,non_us_kr_or_unparsed_market;missing_ticker,report_date_from_filename,
"data/markdown/smic/2013-09-18_Equity Research, 삼성중공업.md",smic,sector,False,2010-10-09,2010-10-09,2013-09-18,,,,,Buy,38302.0,"38,302원",31600.0,"31,600원",21.0,non_us_kr_or_unparsed_market;missing_ticker,report_date_from_filename,
"data/markdown/smic/2013-09-18_Equity Research, 성우전자.md",smic,sector,False,2009-04-11,2009-04-11,2013-09-18,,,,,Buy,15225.0,"15,225",,,,non_us_kr_or_unparsed_market;missing_ticker,report_date_from_filename,
"data/markdown/smic/2013-09-18_Equity Research, 신세계.md",smic,sector,False,2007-11-16,2007-11-16,2013-09-18,,,,,Hold,711444.0,"711,444",715000.0,"715,000원",,non_us_kr_or_unparsed_market;missing_ticker,report_date_from_filename,
"data/markdown/smic/2013-09-18_Equity Research, 아가방앤컴퍼니.md",smic,sector,False,2007-10-15,2007-10-15,2013-09-18,,,,,Neutral,28000.0,"28,000",,,,non_us_kr_or_unparsed_market;missing_ticker,report_date_from_filename,
"data/markdown/smic/2013-09-18_Equity Research, 아비스타.md",smic,company,False,2007-05-26,2007-05-26,2013-09-18,KR,메타랩스,090370,KRX,Buy,,,,,,missing_target_price,report_date_from_filename,
"data/markdown/smic/2013-09-18_Equity Research, 에스에너지.md",smic,sector,False,2010-11-13,2010-11-13,2013-09-18,,,,,Buy,21467.0,"21,467원",14900.0,"14,900원",44.1,non_us_kr_or_unparsed_market;missing_ticker,report_date_from_filename,
"data/markdown/smic/2013-09-18_Equity Research, 영원무역.md",smic,sector,False,2008-11-14,2008-11-14,2013-09-18,,,,,Buy,9828.0,"9,828",,,,non_us_kr_or_unparsed_market;missing_ticker,report_date_from_filename,
"data/markdown/smic/2013-09-18_Equity Research, 진로의 IPO 이슈.md",smic,sector,False,2009-05-27,2009-05-27,2013-09-18,,,,,,,,,,,non_us_kr_or_unparsed_market;missing_ticker,report_date_from_filename,
"data/markdown/smic/2013-09-18_Equity Research, 키움증권.md",smic,sector,False,2007-04-13,2007-04-13,2013-09-18,,,,,Buy,51719.0,"51,719",,,,non_us_kr_or_unparsed_market;missing_ticker,report_date_from_filename,
"data/markdown/smic/2013-09-18_Equity Research, 태광.md",smic,sector,False,2009-04-04,2009-04-04,2013-09-18,,,,,Buy,37530.0,"37,530",,,,non_us_kr_or_unparsed_market;missing_ticker,report_date_from_filename,
"data/markdown/smic/2013-09-18_Equity Research, 한국알콜.md",smic,sector,False,2009-05-16,2009-05-16,2013-09-18,,,,,Buy,7499.0,"7,499",,,,non_us_kr_or_unparsed_market;missing_ticker,report_date_from_filename,
"data/markdown/smic/2013-09-18_Equity Research, 한라레벨.md",smic,sector,False,2009-05-15,2009-05-15,2013-09-18,,,,,Buy,20590.0,"20,590",,,,non_us_kr_or_unparsed_market;missing_ticker,report_date_from_filename,
"data/markdown/smic/2013-09-18_Industry Report, Financial_Securities.md",smic,sector,True,2007-05-19,2007-05-19,2013-09-18,,,,,Buy,52.0,52,52.0,52,,non_us_kr_or_unparsed_market;missing_ticker,ocr_fallback;report_date_from_filename,
"data/markdown/smic/2013-09-18_Industry Report, 반도체, semiconductor.md",smic,sector,False,2007-11-10,2007-11-10,2013-09-18,,,,,Neutral,28000.0,"28,000",,,,non_us_kr_or_unparsed_market;missing_ticker,report_date_from_filename,
"data/markdown/smic/2013-09-18_Industry Report, 인터넷 전화의 등장과 KT.md",smic,sector,False,2008-11-07,2008-11-07,2013-09-18,,,,,,,,,,,non_us_kr_or_unparsed_market;missing_ticker,report_date_from_filename,
"data/markdown/smic/2013-09-18_Industry Report, 자본시장과 금융투자업에 관한 법률.md",smic,sector,False,2009-05-02,2009-05-02,2013-09-18,,,,,,,,,,,non_us_kr_or_unparsed_market;missing_ticker,report_date_from_filename,
"data/markdown/smic/2013-09-18_Industry Report, 자본시장통합법.md",smic,sector,False,2007-05-12,2007-05-12,2013-09-18,,,,,,,,,,,non_us_kr_or_unparsed_market;missing_ticker,report_date_from_filename,
"data/markdown/smic/2013-09-18_Industry Report, 조선 산업.md",smic,sector,False,2011-11-04,2011-11-04,2013-09-18,,,,,Neutral,377600.0,"377,600",288500.0,"288,500",31.0,non_us_kr_or_unparsed_market;missing_ticker,report_date_from_filename,
"data/markdown/smic/2013-09-18_Industry Report, 주가지수 선물옵션이 주식시장에 미치는 영향.md",smic,sector,False,2008-10-31,2008-10-31,2013-09-18,,,,,Buy,,,,,,non_us_kr_or_unparsed_market;missing_ticker;missing_target_price,report_date_from_filename,
"data/markdown/smic/2013-09-18_Industry Report, 통신 서비스.md",smic,company,False,2010-05-15,2010-05-15,2013-09-18,KR,SK텔레콤,017670,KRX,Buy,,,,,,missing_target_price,report_date_from_filename,
"data/markdown/smic/2013-09-18_Industry Report, 포털 산업.md",smic,sector,False,2008-05-02,2008-05-02,2013-09-18,,,,,,1111.0,1111,233000.0,"233,000원",,non_us_kr_or_unparsed_market;missing_ticker,report_date_from_filename,
data/markdown/smic/2013-09-18_smic-4782.md,smic,sector,True,2007-10-13,2007-10-13,2013-09-18,,,,,Hold,70000.0,"70,000",,,,non_us_kr_or_unparsed_market;missing_ticker,ocr_fallback;report_date_from_filename,
data/markdown/smic/2013-09-18_smic-5021.md,smic,sector,False,2009-05-02,2009-05-02,2013-09-18,,,,,Buy,13271.0,"13,271",,,,non_us_kr_or_unparsed_market;missing_ticker,report_date_from_filename,
"data/markdown/smic/2013-09-19_Equity Research, 롯데푸드.md",smic,sector,False,2013-09-19,2013-04-12,2013-09-19,,,,,Buy,1101168.0,"1,101,168원",809000.0,"809,000원",36.0,non_us_kr_or_unparsed_market;missing_ticker,,
"data/markdown/smic/2013-09-19_Equity Research, 우리파이낸셜.md",smic,sector,False,2013-09-19,2012-11-16,2013-09-19,,,,,Buy,22714.0,"22,714원",16500.0,"16,500원",38.0,non_us_kr_or_unparsed_market;missing_ticker,,
"data/markdown/smic/2013-09-19_Equity Research, 한국콜마홀딩스.md",smic,sector,False,2013-09-19,2012-11-02,2013-09-19,,,,,Hold,12840.0,"12,840원",12400.0,"12,400원",,non_us_kr_or_unparsed_market;missing_ticker,,
"data/markdown/smic/2013-09-19_Industry Report, 미디어 산업.md",smic,sector,False,2013-09-19,2012-11-23,2013-09-19,,,,,Buy,6360.0,"6,360원",4620.0,"4,620원",37.66,non_us_kr_or_unparsed_market;missing_ticker,,
"data/markdown/smic/2013-09-19_Industry Report, 어태치먼트, 건설기계.md",smic,sector,False,2013-09-19,2012-10-19,2013-09-19,,,,,Buy,2360.0,"2,360",1780.0,"1,780",32.6,non_us_kr_or_unparsed_market;missing_ticker,,
"data/markdown/smic/2013-09-19_Industry Report, 유통산업, 홈쇼핑.md",smic,sector,False,2013-09-19,2012-10-19,2013-09-19,,,,,Buy,329200.0,"329,200원",242000.0,"242,000원",36.0,non_us_kr_or_unparsed_market;missing_ticker,,
"data/markdown/smic/2013-09-19_Industry Report, 카메라모듈.md",smic,sector,False,2013-09-19,2012-10-20,2013-09-19,,,,,Buy,12551.0,"12,551원",9870.0,"9,870원",27.0,non_us_kr_or_unparsed_market;missing_ticker,,
"data/markdown/smic/2013-10-13_Industry Report, 렌터카, AJ렌터카.md",smic,sector,False,2013-10-13,2013-05-24,2013-10-13,,,,,Hold,13212.0,"13,212원",12850.0,"12,850원",20.0,non_us_kr_or_unparsed_market;missing_ticker,,
"data/markdown/smic/2013-10-16_Equity Research, 세종공업.md",smic,sector,False,2013-10-16,2013-10-11,2013-10-16,,,,,Buy,22100.0,"22,100",16350.0,"16,350",35.0,non_us_kr_or_unparsed_market;missing_ticker,,
"data/markdown/smic/2013-10-17_Equity Research, 유니드.md",smic,sector,False,2013-10-17,2013-10-12,2013-10-17,,,,,Buy,80600.0,"80,600",63800.0,"63,800",26.0,non_us_kr_or_unparsed_market;missing_ticker,,
"data/markdown/smic/2013-10-17_Equity Research, 피제이전자.md",smic,sector,False,2013-10-17,,2013-10-17,,,,,Buy,17750.0,"17,750",14350.0,"14,350",24.0,non_us_kr_or_unparsed_market;missing_ticker,,
"data/markdown/smic/2013-11-01_Equity Research, 삼성SDI.md",smic,sector,False,2013-11-01,2013-10-26,2013-11-01,,,,,Sell,157000.0,"157,000 원",182000.0,"182,000 원",,non_us_kr_or_unparsed_market;missing_ticker,,
"data/markdown/smic/2013-11-01_Equity Research, 세코닉스.md",smic,sector,False,2013-11-01,2013-10-26,2013-11-01,,,,,Buy,33100.0,"33,100 원",26350.0,"26,350 원",26.0,non_us_kr_or_unparsed_market;missing_ticker,,
"data/markdown/smic/2013-11-02_Equity Research, 엑세스바이오.md",smic,sector,False,2013-11-02,2013-10-26,2013-11-02,,,,,Buy,10400.0,10400,8250.0,"8,250",26.0,non_us_kr_or_unparsed_market;missing_ticker,,
"data/markdown/smic/2013-11-15_Equity Research, GD.md",smic,sector,False,2013-11-15,2013-11-09,2013-11-15,,,,,Buy,25950.0,"25,950",21550.0,"21,550",20.4,non_us_kr_or_unparsed_market;missing_ticker,,
"data/markdown/smic/2013-11-15_Equity Research, ITX시큐리티.md",smic,sector,False,2013-11-15,2013-11-09,2013-11-15,,,,,Buy,9000.0,"9,000",6860.0,"6,860",31.0,non_us_kr_or_unparsed_market;missing_ticker,,
"data/markdown/smic/2013-11-15_Equity Research, 한스바이오메드.md",smic,sector,False,2013-11-15,2013-11-09,2013-11-15,,,,,Buy,19800.0,"19,800",13900.0,"13,900",43.0,non_us_kr_or_unparsed_market;missing_ticker,,
"data/markdown/smic/2014-03-04_Equity Research, CJ E&M.md",smic,company,False,2014-03-04,2013-11-23,2014-03-04,US,방송채널사용사업자,PP,US,Buy,,,,,40.0,missing_target_price,,
"data/markdown/smic/2014-03-04_Equity Research, 아모레퍼시픽.md",smic,sector,False,2014-03-04,2013-11-23,2014-03-04,,,,,Hold,982000.0,"982,000",932000.0,"932,000",5.0,non_us_kr_or_unparsed_market;missing_ticker,,
"data/markdown/smic/2014-05-12_Equity Research, KG모빌리언스.md",smic,sector,False,2014-05-12,2014-04-12,2014-05-12,,,,,Buy,20350.0,"20,350",16950.0,"16,950",20.0,non_us_kr_or_unparsed_market;missing_ticker,,
"data/markdown/smic/2014-06-24_Equity Research, KG ETS.md",smic,sector,False,2014-06-24,2014-05-31,2014-06-24,,,,,Buy,5850.0,5850 원,4825.0,4825 원,21.0,non_us_kr_or_unparsed_market;missing_ticker,,
"data/markdown/smic/2015-05-22_Equity Research, 해천미업 (중국).md",smic,sector,False,2015-05-22,2015-05-16,2015-05-22,,,,,Buy,47.0,47,34.0,34,38.0,non_us_kr_or_unparsed_market;missing_ticker,,
"data/markdown/smic/2015-12-16_Equity Research, 글로벌텍스프리.md",smic,sector,False,2015-12-16,2015-12-05,2015-12-16,,,,,Buy,77240.0,"77,240원",,,,non_us_kr_or_unparsed_market;missing_ticker,,
"data/markdown/smic/2016-04-18_Equity Research, 휠라코리아.md",smic,company,False,2016-04-18,2016-04-09,2016-04-18,KR,미스토홀딩스,081660,KRX,Buy,,,,,,missing_target_price,,
"data/markdown/smic/2016-05-09_Equity Research, 티씨케이.md",smic,company,False,2016-04-30,2016-44-30,2016-05-09,KR,티씨케이,064760,KRX,Buy,,,,,,missing_target_price,,
"data/markdown/smic/2016-05-27_Equity Research, 서울옥션.md",smic,sector,False,2016-05-27,2016-05-14,2016-05-27,,,,,Buy,31850.0,"31,850 원",19150.0,"19,150 원",66.3,non_us_kr_or_unparsed_market;missing_ticker,,
"data/markdown/smic/2016-06-03_Equity Research, 휴온스.md",smic,sector,False,2016-06-03,2016-05-26,2016-06-03,,,,,Buy,99581.0,"99,581 원",80900.0,"80,900 원",23.09,non_us_kr_or_unparsed_market;missing_ticker,,
"data/markdown/smic/2016-12-05_Property Research, P2P 금융상품.md",smic,sector,False,2016-12-05,2016-11-19,2016-12-05,,,,,,,,,,,non_us_kr_or_unparsed_market;missing_ticker,,
"data/markdown/smic/2017-12-05_Equity Research, 티슈진.md",smic,sector,False,2017-12-05,2017-11-11,2017-12-05,,,,,Buy,,,48200.0,"48,200 원",,non_us_kr_or_unparsed_market;missing_ticker;missing_target_price,,
"data/markdown/smic/2017-12-26_Equity Research, GS홈쇼핑.md",smic,sector,False,2017-12-26,2017-12-02,2017-12-26,,,,,Buy,273000.0,"273,000 원",213100.0,"213,100 원",28.0,non_us_kr_or_unparsed_market;missing_ticker,,
"data/markdown/smic/2018-05-18_Equity Research, 대주전자재료.md",smic,company,False,2018-05-18,2018-05-05,2018-05-18,KR,대주전자재료,078600,KRX,Buy,,,18850.0,"18,850 원",,missing_target_price,,
"data/markdown/smic/2018-06-12_Equity Research, CJ프레시웨이.md",smic,company,False,2018-06-12,2018-06-02,2018-06-12,KR,CJ프레시웨이,051500,KRX,Buy,,,34600.0,"34,600 원",,missing_target_price,,
"data/markdown/smic/2018-11-21_Equity Research, 빅히트엔터테인먼트.md",smic,sector,False,2018-11-21,2018-11-03,2018-11-21,,,,,Hold,3.0,3,3.0,3,,non_us_kr_or_unparsed_market;missing_ticker,,
"data/markdown/smic/2019-08-11_Equity Research, Adobe systems.md",smic,company,False,2019-08-11,2019-06-01,2019-08-11,KR,세진중공업,075580,KRX,Buy,,,,,,missing_target_price,,
"data/markdown/smic/2019-12-24_Equity Research, Hoya.md",smic,sector,False,2019-12-24,2019-11-16,2019-12-24,,,,,Buy,12391.0,"12,391",9626.0,"9,626",28.7,non_us_kr_or_unparsed_market;missing_ticker,,
"data/markdown/smic/2019-12-24_Equity Research, Visa.md",smic,company,False,2019-12-24,2019-11-16,2019-12-24,KR,세진중공업,075580,KRX,Buy,,,,,,missing_target_price,,
"data/markdown/smic/2019-12-24_Equity Research, 효성화학.md",smic,sector,False,2019-12-24,2019-11-30,2019-12-24,,,,,Buy,230000.0,"230,000 원",141000.0,"141,000 원",63.12,non_us_kr_or_unparsed_market;missing_ticker,,
"data/markdown/yig/2025-11-10_SK가스 (018670, KS), 당신의 포트폴리오를 지켜줄 든든한 수비수 (발간일 240503) YIG Research.md",yig,company,False,2024-05-04,2024-05-04,2025-11-10,KR,SK가스,018670,KOSPI,Buy,,,,,,missing_target_price,,
"data/markdown/yig/2025-11-10_디스플레이, OLED라는 봄바람과 함께 YIG Research.md",yig,sector,False,,,2025-11-10,,,,,,,,,,,non_us_kr_or_unparsed_market;missing_ticker;missing_report_date,,
"data/markdown/yig/2025-11-10_솔브레인 (357789, KQ), 솔브레인 안 사면 노브레인 (발간일 240315) YIG Research.md",yig,company,True,2024-03-16,2024-03-16,2025-11-10,KR,솔브레인,357780,KOSDAQ,Buy,,,,,,missing_target_price,ocr_fallback,
"data/markdown/yig/2025-11-10_쏘카 (403550, KS), BTS, 봉준호, SONNY 말고 SOCAR LET'S GO (발간일 240531) YIG R.md",yig,company,False,2024-05-24,2024-05-24,2025-11-10,KR,쏘카,403550,KOSPI,Buy,,,,,,missing_target_price,,
"data/markdown/yig/2025-11-11_[2025-1 SOKHA 우승] 넥스트바이오메디컬 (389650, KQ), 의료기기의 Next Level (발간일 25051.md",yig,company,True,2025-05-15,2025-05-15,2025-11-11,KR,넥스트바이오메디컬,389650,KOSDAQ,Buy,,,63200.0,"₩63,200 ₩",,missing_target_price,ocr_fallback,
"data/markdown/yig/2025-11-11_스마일게이트, 인디와 함께 스마일 (발간일 250221) YIG Research.md",yig,sector,True,2025-02-21,2025-02-21,2025-11-11,,,,,,,,,,,non_us_kr_or_unparsed_market;missing_ticker,ocr_fallback,
"data/markdown/yig/2025-11-11_지엔씨에너지 (119850, KQ), 비상발전기로 주가도 비상 (발간일 250801) YIG Research.md",yig,company,True,2025-08-01,2025-08-01,2025-11-11,KR,지엔씨에너지,119850,KOSDAQ,Buy,,,53600.0,"₩53,600 ₩",,missing_target_price,ocr_fallback,
"data/markdown/yig/2025-11-11_폐암 치료제, 항암의 최종 보스, 폐암 정복 (발간일 251031) YIG Research.md",yig,sector,False,2025-10-31,2025-10-31,2025-11-11,,,,,Overweight,69200.0,"₩69,200",41000.0,"₩41,000",68.8,non_us_kr_or_unparsed_market;missing_ticker,,
data/markdown/star/2022-04-07_STAR_배터리 재활용 산업.md,star,company,False,2022-04-07,2022-03-20,2022-04-07,KR,제이에스코퍼레이션,194370,KOSPI,Buy,,,,,,missing_target_price,,
data/markdown/star/2022-05-28_STAR_암호화폐투자전략.md,star,company,False,2022-05-28,2022-05-19,2022-05-28,KR,대덕전자,353200,KOSPI,Buy,,,,,,missing_target_price,,
data/markdown/star/2023-02-16_STAR_백광산업.md,star,sector,False,2023-02-16,2022-11-24,2023-02-16,,백광산업,,,Buy,6320.0,"6,320",4450.0,"4,450",42.02,non_us_kr_or_unparsed_market;missing_ticker,,
"data/markdown/star/2023-03-01_STAR_자율주행 자동차 산업, 살아남는 자가 강하다.md",star,sector,False,2023-03-01,2022-11-17,2023-03-01,,"자율주행 자동차 산업, 살아남는 자가 강하다",,,Buy,,,,,,non_us_kr_or_unparsed_market;missing_ticker;missing_target_price,,
data/markdown/star/2023-06-12_STAR_신흥시장 투자 전략.md,star,sector,False,2023-06-12,,2023-06-12,,신흥시장 투자 전략,,,,,,,,,non_us_kr_or_unparsed_market;missing_ticker,,
data/markdown/star/2023-06-12_STAR_조선산업.md,star,sector,False,2023-06-12,2023-05-04,2023-06-12,,조선산업,,,Buy,,,,,,non_us_kr_or_unparsed_market;missing_ticker;missing_target_price,,
data/markdown/star/2023-11-29_STAR_AI 산업.md,star,sector,False,2023-11-29,,2023-11-29,,AI 산업,,,,,,,,,non_us_kr_or_unparsed_market;missing_ticker,,
data/markdown/star/2023-11-29_STAR_ESS 산업.md,star,sector,False,2023-11-29,2023-11-09,2023-11-29,,ESS 산업,,,Buy,,,,,,non_us_kr_or_unparsed_market;missing_ticker;missing_target_price,,
data/markdown/star/2023-11-29_STAR_바이오 산업.md,star,sector,False,2023-11-29,2023-11-11,2023-11-29,,바이오 산업,,,Buy,,,,,,non_us_kr_or_unparsed_market;missing_ticker;missing_target_price,,
data/markdown/star/2024-06-30_STAR_그리드 산업.md,star,sector,False,2024-06-30,,2024-06-30,,그리드 산업,,,,,,,,,non_us_kr_or_unparsed_market;missing_ticker,,
data/markdown/star/2024-06-30_STAR_로봇 산업.md,star,sector,False,2024-06-30,,2024-06-30,,로봇 산업,,,,,,,,,non_us_kr_or_unparsed_market;missing_ticker,,
data/markdown/star/2024-06-30_STAR_방위 산업.md,star,sector,False,2024-06-30,,2024-06-30,,방위 산업,,,,,,,,,non_us_kr_or_unparsed_market;missing_ticker,,
data/markdown/star/2025-01-09_STAR_원자력 발전산업.md,star,sector,False,2025-01-09,2024-12-05,2025-01-09,,원자력 발전산업,,,Neutral,,,,,,non_us_kr_or_unparsed_market;missing_ticker,,
data/markdown/star/2025-02-02_STAR_비만치료제 산업.md,star,sector,False,2025-02-02,2024-11-05,2025-02-02,,비만치료제 산업,,,,,,,,,non_us_kr_or_unparsed_market;missing_ticker,,
data/markdown/star/2025-06-19_STAR_25_매크로시황.md,star,sector,False,2025-06-19,,2025-06-19,,25_매크로시황,,,,,,,,,non_us_kr_or_unparsed_market;missing_ticker,,
data/markdown/star/2025-06-19_STAR_우주항공 산업.md,star,sector,False,2025-06-19,,2025-06-19,,우주항공 산업,,,Buy,96600.0,"96,600원",,,,non_us_kr_or_unparsed_market;missing_ticker,,
data/markdown/star/2025-06-19_STAR_차이나 테크 산업.md,star,sector,False,2025-06-19,2022-12-31,2025-06-19,,차이나 테크 산업,,,,,,,,,non_us_kr_or_unparsed_market;missing_ticker,,
data/markdown/star/2025-12-12_STAR_PGY.md,star,sector,False,2025-12-12,2025-11-13,2025-12-12,,PGY,,,Buy,61.47,61.47,61.47,61.47,,non_us_kr_or_unparsed_market;missing_ticker,,
data/markdown/star/2025-12-12_STAR_중국 반도체 굴기.md,star,sector,False,2025-12-12,,2025-12-12,,중국 반도체 굴기,,,,,,,,,non_us_kr_or_unparsed_market;missing_ticker,,
data/markdown/star/2025-12-13_STAR_GaN 반도체.md,star,sector,False,2025-12-13,2025-01-02,2025-12-13,,GaN 반도체,,,Hold,,,,,,non_us_kr_or_unparsed_market;missing_ticker,,
data/markdown/star/2026-06-12_STAR_FANUC.md,star,sector,False,2026-06-12,2026-05-28,2026-06-12,FOREIGN,FANUC,,,Buy,,,,,,non_us_kr_or_unparsed_market;missing_ticker;missing_target_price,,
data/markdown/star/2026-06-12_STAR_FIGR.md,star,sector,False,2026-06-12,2026-06-04,2026-06-12,,FIGR,,,Buy,47.12,47.12달러,30.98,30.98,,non_us_kr_or_unparsed_market;missing_ticker,,
data/markdown/star/2026-06-12_STAR_패권의 시대_pdf.md,star,sector,False,2026-06-12,,2026-06-12,,패권의 시대_pdf,,,Buy,163500.0,"163,500원",,,,non_us_kr_or_unparsed_market;missing_ticker,,
data/markdown/star/2026-06-12_STAR_하반기투자전략.md,star,sector,False,2026-06-12,,2026-06-12,,하반기투자전략,,,,,,,,,non_us_kr_or_unparsed_market;missing_ticker,,
data/markdown/star/2026-06-13_STAR_FANUC.md,star,sector,False,2026-06-13,2026-05-28,2026-06-13,FOREIGN,FANUC,,,Buy,,,,,,non_us_kr_or_unparsed_market;missing_ticker;missing_target_price,,
data/markdown/star/2026-06-13_STAR_FIGR.md,star,sector,False,2026-06-13,2026-06-04,2026-06-13,,FIGR,,,Buy,47.12,47.12달러,30.98,30.98,,non_us_kr_or_unparsed_market;missing_ticker,,
data/markdown/star/2026-06-13_STAR_전략광물.md,star,sector,False,2026-06-13,,2026-06-13,,전략광물,,,Buy,163500.0,"163,500원",,,,non_us_kr_or_unparsed_market;missing_ticker,,
data/markdown/star/2026-06-13_STAR_하반기투자전략.md,star,sector,False,2026-06-13,,2026-06-13,,하반기투자전략,,,,,,,,,non_us_kr_or_unparsed_market;missing_ticker,,
data/markdown/star/2026-06-13_STAR_한화-KAI M&A Feasibility Study.md,star,sector,False,2026-06-13,,2026-06-13,,한화-KAI M&A Feasibility Study,,,Hold,,,,,,non_us_kr_or_unparsed_market;missing_ticker,,
data/markdown/kuvic/2023-09-20_루닛 - The Winner Takes It All.md,kuvic,company,True,2023-09-20,,2023-09-20,KR,루닛,328130,KRX,Buy,,,,,31.9,missing_target_price,ocr_fallback,
data/markdown/kuvic/2023-10-13_원텍 - 우리 원텍 절대 월드클래스 맞습니다.md,kuvic,company,True,2023-10-13,2023-10-13,2023-10-13,KR,원텍,336570,KRX,Buy,,,,,,missing_target_price,ocr_fallback,
data/markdown/kuvic/2024-04-05_하이비젼시스템 - 이 기업의 고점은 어디인가.md,kuvic,company,True,2024-04-05,,2024-04-05,KR,하이비젼시스템,126700,KOSDAQ,Buy,,,,,96.0,missing_target_price,ocr_fallback;ocr_inconsistent_prices,
data/markdown/kuvic/2024-05-13_뷰노 - You know 뷰노 Why no.md,kuvic,company,True,2024-05-13,2024-05-13,2024-05-13,KR,뷰노,338220,KOSDAQ,Buy,,,,,35.5,missing_target_price,ocr_fallback;ocr_inconsistent_prices,
data/markdown/kuvic/2024-06-27_Novo Nordisk - 수수수 수퍼노보~.md,kuvic,sector,True,2024-06-27,,2024-06-27,,Novo Nordisk,,,Buy,52.0,52,,,33.6,non_us_kr_or_unparsed_market;missing_ticker,ocr_fallback,
"data/markdown/kuvic/2024-06-28_버튜버 산업 - 야레야레, 못말리는 버튜버 아가씨.md",kuvic,sector,True,2024-06-28,,2024-06-28,,버튜버 산업,,,,,,,,,non_us_kr_or_unparsed_market;missing_ticker,ocr_fallback,
data/markdown/kuvic/2024-12-06_RADNET - 촬영하자고 너 누군데.md,kuvic,sector,True,2024-12-06,,2024-12-06,,RADNET,,,Buy,52.0,52,52.0,52,,non_us_kr_or_unparsed_market;missing_ticker,ocr_fallback,
data/markdown/kuvic/2025-03-21_AdTech - AI 수익성 증명이 되.md,kuvic,sector,False,2025-03-21,2025-03-21,2025-03-21,,AdTech,,,,,,,,,non_us_kr_or_unparsed_market;missing_ticker,,
data/markdown/kuvic/2025-03-21_여행업 OTA - What's your OTA.md,kuvic,sector,True,2025-03-21,,2025-03-21,,여행업/OTA,,,,,,,,,non_us_kr_or_unparsed_market;missing_ticker,ocr_fallback,
"data/markdown/kuvic/2025-03-21_패션 명품 - Better than your 루이비통, Your 루이비통~.md",kuvic,sector,True,2025-03-21,,2025-03-21,,패션/명품,,,Neutral,,,,,,non_us_kr_or_unparsed_market;missing_ticker,ocr_fallback,
data/markdown/kuvic/2025-05-13_한국콜마 - 선크림하면 ~ 한국콜마INDI.md,kuvic,company,True,2025-05-13,2025-05-13,2025-05-13,KR,한국콜마,161890,KRX,Buy,,,,,27.3,missing_target_price,ocr_fallback;ocr_inconsistent_prices,
data/markdown/kuvic/2025-05-15_에이피알 - (A)안 (P)팔 (R)릴 이유가 없다.md,kuvic,company,True,2025-05-15,2025-05-12,2025-05-15,KR,에이피알,278470,KRX,Buy,,,,,32.0,missing_target_price,ocr_fallback;ocr_inconsistent_prices,
data/markdown/kuvic/2025-05-15_파마리서치 - 폭싹 삭아버리기 전에 리쥬란.md,kuvic,company,True,2025-05-17,2025-05-17,2025-05-15,KR,파마리서치,214450,KRX,Buy,,,,,23.9,missing_target_price,ocr_fallback;ocr_inconsistent_prices,
data/markdown/kuvic/2025-06-27_SYM - 심보틱으로 심봤다.md,kuvic,sector,True,2025-06-27,,2025-06-27,,SYM,,,Buy,,,,,165.0,non_us_kr_or_unparsed_market;missing_ticker;missing_target_price,ocr_fallback;ocr_inconsistent_prices,
data/markdown/kuvic/2025-08-19_AVAV - 드(론)좋(아) 국방시대.md,kuvic,sector,True,2025-08-19,2025-08-19,2025-08-19,,AVAV,,,Buy,52.0,52,,,52.9,non_us_kr_or_unparsed_market;missing_ticker,ocr_fallback,
data/markdown/kuvic/2025-08-19_두산 - GPU와 ASIC이라는 '두 산'.md,kuvic,company,True,2025-08-19,2025-08-19,2025-08-19,KR,두산,000150,KRX,Buy,,,,,68.9,missing_target_price,ocr_fallback;ocr_inconsistent_prices,
"data/markdown/kuvic/2025-08-19_디앤디파마텍 - 간단히 말해, 비만도 MASH도 한 큐에.md",kuvic,company,True,2025-08-19,2025-08-13,2025-08-19,KR,디앤디파마텍,347850,KOSDAQ,Buy,,,,,46.0,missing_target_price,ocr_fallback;ocr_inconsistent_prices,
"data/markdown/kuvic/2025-08-19_산일전기 - BESS를 연결하고, 미국 전력망을 점령하다.md",kuvic,company,True,2025-08-19,2025-08-19,2025-08-19,KR,산일전기,062040,KOSPI,Buy,,,,,44.3,missing_target_price,ocr_fallback;ocr_inconsistent_prices,
data/markdown/kuvic/2025-09-30_반도체 소재 일본 - 일본은 진짜 유명한 소재 장인임.md,kuvic,sector,True,2025-09-30,,2025-09-30,,반도체 소재/일본,,,,,,,,,non_us_kr_or_unparsed_market;missing_ticker,ocr_fallback,
"data/markdown/kuvic/2025-09-30_식음료 말차 - like Jennie, I like Matcha.md",kuvic,sector,False,2025-09-30,2025-09-30,2025-09-30,,식음료/말차,,,,,,,,,non_us_kr_or_unparsed_market;missing_ticker,,
data/markdown/kuvic/2025-09-30_핀테크 스테이블코인 - Stablecoin gonna be Golden.md,kuvic,sector,False,2025-09-30,2024-01-07,2025-09-30,,핀테크/스테이블코인,,,Hold,,,,,,non_us_kr_or_unparsed_market;missing_ticker,,
data/markdown/kuvic/2026-01-27_반도체 - 이번 사이클 운동 많이 될 거야.md,kuvic,sector,False,2026-01-27,2026-01-26,2026-01-27,,반도체,,,,,,,,,non_us_kr_or_unparsed_market;missing_ticker,,
data/markdown/kuvic/2026-01-27_유틸리티 - I got the POWER POWER POWER.md,kuvic,sector,False,2026-01-27,,2026-01-27,,유틸리티,,,,,,,,,non_us_kr_or_unparsed_market;missing_ticker,,
data/markdown/kuvic/2026-03-16_우주 - 우주를 줄게.md,kuvic,sector,False,2026-03-16,2026-03-16,2026-03-16,,우주,,,,,,,,,non_us_kr_or_unparsed_market;missing_ticker,,
data/markdown/kuvic/2026-04-07_게임 - 한 판만 더 할게요.md,kuvic,sector,False,2026-04-07,2026-04-07,2026-04-07,,게임,,,Hold,,,,,,non_us_kr_or_unparsed_market;missing_ticker,,
data/markdown/kuvic/2026-04-07_호텔 레저 - 여기 20층에 사람 있어요~.md,kuvic,sector,False,2026-04-07,2026-04-07,2026-04-07,,호텔/레저,,,,,,,,,non_us_kr_or_unparsed_market;missing_ticker,,
data/markdown/ewha/2020-08-22_[200822] 천보(278280).md,ewha,company,True,2020-08-22,2019-08-05,2020-08-22,KR,천보,278280,KRX,Buy,,,,,30.16,missing_target_price,ocr_fallback;ocr_inconsistent_prices,
data/markdown/ewha/2020-09-12_[200912] 노바렉스(1947000).md,ewha,sector,False,2020-09-12,2020-09-12,2020-09-12,,,,,Hold,51200.0,"51,200원",9.0,9,22.17,non_us_kr_or_unparsed_market;missing_ticker,,
data/markdown/ewha/2020-10-10_ewha-14218835.md,ewha,sector,False,2020-10-10,2020-10-10,2020-10-10,,187870,,,Buy,31700.0,"31,700원",10.0,10,26.51,non_us_kr_or_unparsed_market;missing_ticker,,
data/markdown/ewha/2021-02-20_[210220] 센트랄모텍(308170).md,ewha,company,True,2021-02-20,2021-02-20,2021-02-20,KR,씨티알모빌리티,308170,KRX,Buy,,,,,69.34,missing_target_price,ocr_fallback;ocr_inconsistent_prices,
data/markdown/ewha/2021-08-21_[210821] 스튜디오드래곤(253450).md,ewha,company,True,2021-08-21,2021-08-21,2021-08-21,KR,스튜디오드래곤,253450,KRX,Buy,,,,,40.83,missing_target_price,ocr_fallback;ocr_inconsistent_prices,
data/markdown/ewha/2021-10-09_[211009] DI동일(001530).md,ewha,company,True,2021-10-09,2021-04-08,2021-10-09,KR,DI동일,001530,KRX,Buy,,,,,39.1,missing_target_price,ocr_fallback;ocr_inconsistent_prices,
data/markdown/ewha/2022-02-12_[220212] 현대오토에버(307950).md,ewha,company,True,2022-02-12,2021-02-12,2022-02-12,KR,현대오토에버,307950,KRX,Buy,,,,,42.13,missing_target_price,ocr_fallback;ocr_inconsistent_prices,
data/markdown/ewha/2022-10-07_[221007] 코엔텍(029960).md,ewha,company,True,2022-10-07,2021-09-30,2022-10-07,KR,코엔텍,029960,KRX,Buy,,,,,40.32,missing_target_price,ocr_fallback;ocr_inconsistent_prices,
data/markdown/ewha/2023-07-22_[230722] 효성첨단소재(298050).md,ewha,company,True,2023-07-22,2023-07-19,2023-07-22,KR,HS효성첨단소재,298050,KRX,Buy,,,,,38.51,missing_target_price,ocr_fallback;ocr_inconsistent_prices,
data/markdown/ewha/2024-01-20_[240120] 해성디에스(195870).md,ewha,company,True,2024-01-20,2024-01-19,2024-01-20,KR,해성디에스,195870,KRX,Buy,,,,,56.35,missing_target_price,ocr_fallback;ocr_inconsistent_prices,
data/markdown/ewha/2024-11-22_[241122] 삼영(003720).md,ewha,company,True,2024-11-22,2024-11-22,2024-11-22,KR,삼영,003720,KRX,Buy,,,,,42.4,missing_target_price,ocr_fallback;ocr_inconsistent_prices,
data/markdown/ewha/2025-01-24_[250124] 대웅제약(069620).md,ewha,company,True,2025-01-24,2025-01-24,2025-01-24,KR,대웅제약,069620,KRX,Buy,,,,,39.04,missing_target_price,ocr_fallback;ocr_inconsistent_prices,
data/markdown/ewha/2025-07-25_[250725] 티엘비(356860).md,ewha,company,True,2025-07-25,2025-07-25,2025-07-25,KR,티엘비,356860,KRX,Buy,,,,,38.27,missing_target_price,ocr_fallback;ocr_inconsistent_prices,
data/markdown/ewha/2025-10-03_[251003] 한국카본(017960).md,ewha,company,True,2025-10-03,2024-10-11,2025-10-03,KR,한국카본,017960,KRX,Buy,,,,,41.8,missing_target_price,ocr_fallback;ocr_inconsistent_prices,
data/markdown/ewha/2026-02-20_[260220] 파크시스템스(140860).md,ewha,company,True,2026-02-21,2026-02-21,2026-02-20,KR,파크시스템스,140860,KRX,Buy,,,6998.0,"6,998",38.29,missing_target_price,ocr_fallback,
data/markdown/ewha/2026-05-29_ewha-171589643.md,ewha,sector,False,2026-05-30,2026-05-30,2026-05-29,,078600,,,Buy,231400.0,"231,400원",5.0,05,51.16,non_us_kr_or_unparsed_market;missing_ticker,,
data/markdown/voera/undated_[2025.10] Fixed Income REPORT.md,voera,sector,True,2025-10-01,,,,,,,Hold,,,,,,non_us_kr_or_unparsed_market;missing_ticker,ocr_fallback;report_date_estimated,
data/markdown/voera/undated_[2025.10] Market Condition REPORT.md,voera,sector,True,2025-10-01,,,,,,,Hold,,,,,,non_us_kr_or_unparsed_market;missing_ticker,ocr_fallback;report_date_estimated,
data/markdown/voera/undated_[2025.11] Fixed Income REPORT.md,voera,sector,True,2025-11-01,,,,,,,,,,,,,non_us_kr_or_unparsed_market;missing_ticker,ocr_fallback;report_date_estimated,
data/markdown/voera/undated_[2026] Office Market REPORT.md,voera,sector,True,2026-01-01,,,,,,,Hold,,,,,,non_us_kr_or_unparsed_market;missing_ticker,ocr_fallback;report_date_estimated,
"data/markdown/voera/undated_[BUY] AI·EV Boom On! 플러그인, 삼성전기.md",voera,sector,False,2015-01-02,2015-01-02,,,,,,Buy,,,,,,non_us_kr_or_unparsed_market;missing_ticker;missing_target_price,date_cover_only,
data/markdown/voera/undated_[BUY] DB하이텍_반도체 나라의 미운오리새끼 이야기.md,voera,sector,False,,,,,,,,Buy,30200.0,"30,200원",23800.0,"23,800원",,non_us_kr_or_unparsed_market;missing_ticker;missing_report_date,,
"data/markdown/voera/undated_[BUY] HD현대일렉트릭 반전 없는 상승세, 방전 없는 변압기 !.md",voera,sector,False,,,,,,,,Buy,102300.0,"102,300원",,,,non_us_kr_or_unparsed_market;missing_ticker;missing_report_date,,
data/markdown/voera/undated_[BUY] Just.md,voera,sector,False,,,,,,,,Buy,141700.0,"141,700원",141700.0,"141,700원",,non_us_kr_or_unparsed_market;missing_ticker;missing_report_date,,
data/markdown/voera/undated_[BUY] LG생활건강.md,voera,company,False,2020-02-28,2020-02-28,,KR,LG생활건강,051900,KRX,Buy,,,,,,missing_target_price,date_cover_only,
"data/markdown/voera/undated_[BUY] No ALTEnertive, ALTEOGEN.md",voera,sector,False,2018-01-02,2018-01-02,,,,,,Buy,,,,,,non_us_kr_or_unparsed_market;missing_ticker;missing_target_price,date_cover_only,
"data/markdown/voera/undated_[BUY] Pointer to the world, 포스코인터내셔널.md",voera,sector,False,2025-05-15,2025-05-15,,,,,,Buy,68500.0,"68,500원",,,45.1,non_us_kr_or_unparsed_market;missing_ticker,date_cover_only,
data/markdown/voera/undated_[BUY] SK텔레콤.md,voera,sector,False,2020-04-30,2020-04-30,,,,,,Buy,6000.0,6000 원,,,,non_us_kr_or_unparsed_market;missing_ticker,date_cover_only,
"data/markdown/voera/undated_[BUY] Super Momentum, 에스엠.md",voera,sector,False,2025-05-10,2025-05-10,,,,,,Buy,150000.0,"150,000원",126300.0,"126,300원",18.8,non_us_kr_or_unparsed_market;missing_ticker,date_cover_only,
"data/markdown/voera/undated_[BUY] 가전계의 에르메스, LG전자.md",voera,company,False,,,,KR,LG전자,066570,KRX,Buy,,,,,,missing_report_date;missing_target_price,,
"data/markdown/voera/undated_[BUY] 강원랜드, 베팅에 베팅하라.md",voera,company,True,,,,KR,강원랜드,035250,KRX,Buy,31500.0,"31,500원",,,,missing_report_date,ocr_fallback,
"data/markdown/voera/undated_[BUY] 모두가 플러팅 할 기업, 피엔티.md",voera,sector,True,2024-11-14,2024-11-14,,,,,,Buy,,,,,105.7,non_us_kr_or_unparsed_market;missing_ticker;missing_target_price,ocr_fallback;ocr_inconsistent_prices;date_cover_only,
"data/markdown/voera/undated_[BUY] 모든 사업부는 커머스로 통한다, NAVER.md",voera,sector,False,2026-05-22,2026-05-22,,,,,,Buy,28.0,28,28.0,28,,non_us_kr_or_unparsed_market;missing_ticker,date_cover_only,
data/markdown/voera/undated_[BUY] 불닭의 질주는 계속된다! 삼양식품.md,voera,company,False,,,,KR,삼양식품,003230,KRX,Buy,1426000.0,"1,426,000원",,,43.9,missing_report_date,,
"data/markdown/voera/undated_[BUY] 브이티, 아자 아자 브이팅 !.md",voera,company,True,,,,KR,브이티,018290,KRX,Buy,50050.0,"50,050원",,,36.0,missing_report_date,ocr_fallback,
data/markdown/voera/undated_[BUY] 비집고 들어갈 틈은 있다! BGF리테일.md,voera,sector,False,,,,,,,,Buy,,,,,,non_us_kr_or_unparsed_market;missing_ticker;missing_report_date;missing_target_price,,
"data/markdown/voera/undated_[BUY] 실적이 넘쳐흘러, 이수페타시스.md",voera,sector,False,2025-11-26,2025-11-26,,,,,,Buy,162300.0,"162,300원",141600.0,"141,600원",14.6,non_us_kr_or_unparsed_market;missing_ticker,date_cover_only,
"data/markdown/voera/undated_[BUY] 에이스토리, 올해는 닉값할 시기.md",voera,company,False,2022-03-29,2022-03-29,,KR,에이스토리,241840,KRX,Buy,,,,,,missing_target_price,date_cover_only,
"data/markdown/voera/undated_[BUY] 엠씨넥스, 넘쳐흘러.md",voera,sector,False,,,,,,,,Buy,,,,,,non_us_kr_or_unparsed_market;missing_ticker;missing_report_date;missing_target_price,,
data/markdown/voera/undated_[BUY] 오스템임플란트 _ 임플란트를 심고 실적을 수확하다.md,voera,sector,True,,,,,,,,Buy,60000.0,"60,000",40000.0,"40,000",,non_us_kr_or_unparsed_market;missing_ticker;missing_report_date,ocr_fallback,
"data/markdown/voera/undated_[BUY] 웹케시_환상의 나라, 경리나라로!.md",voera,sector,False,2020-05-15,2020-05-15,,,,,,Buy,74000.0,"74,000 원",60100.0,"60,100원",23.0,non_us_kr_or_unparsed_market;missing_ticker,date_cover_only,
data/markdown/voera/undated_[BUY] 찐 반등 지금이야! 하나머티REAL즈.md,voera,company,True,,,,KR,하나머티리얼즈,166090,KRX,Buy,71300.0,"71,300원",,,,missing_report_date,ocr_fallback,
"data/markdown/voera/undated_[BUY] 한섬, HANDSOME!.md",voera,company,False,2021-09-17,2021-09-17,,KR,한섬,020000,KRX,Buy,,,,,,missing_target_price,date_cover_only,
data/markdown/voera/undated_[BUY] 한올바이오파마 함 파보마.md,voera,sector,False,2024-11-08,2024-11-08,,,,,,Buy,64000.0,"64,000원",44950.0,"44,950원",,non_us_kr_or_unparsed_market;missing_ticker,date_cover_only,
"data/markdown/voera/undated_[BUY] 한화솔루션, 가장 환한 솔루션.md",voera,company,False,,,,KR,한화솔루션,009830,KRX,Buy,62300.0,"62,300원",,,,missing_report_date,,
data/markdown/voera/undated_[BUY] 현대백화점 믿으세요. 현대백화점.md,voera,sector,False,2021-09-16,2021-09-16,,,,,,Buy,108500.0,"108,500원",82000.0,"82,000원",31.5,non_us_kr_or_unparsed_market;missing_ticker,date_cover_only,
"data/markdown/voera/undated_[BUY] 현대차그룹의 현모양처, 현대모비스.md",voera,sector,False,,,,,,,,Buy,,,,,,non_us_kr_or_unparsed_market;missing_ticker;missing_report_date;missing_target_price,,
"data/markdown/voera/undated_[BUY] 휠라 이즈 굿, Fil Good!.md",voera,sector,False,2021-09-17,2021-09-17,,,,,,Buy,66300.0,"66,300 원",46300.0,"46,300원",43.0,non_us_kr_or_unparsed_market;missing_ticker,date_cover_only,
"data/markdown/voera/undated_[BUY]국내 최초 이족보행로봇 &quot;휴보&quot;를 탄생시킨 그 기업, 맞습니다.md",voera,sector,False,,,,,,,,Buy,,,,,,non_us_kr_or_unparsed_market;missing_ticker;missing_report_date;missing_target_price,,
data/markdown/voera/undated_[BUY]농심_신(辛)라면의 신(新)항로.md,voera,sector,False,2020-08-22,2020-08-22,,,,,,Buy,2020.08,2020.08,361000.0,"361,000원",38.5,non_us_kr_or_unparsed_market;missing_ticker,date_cover_only,
"data/markdown/voera/undated_[Buy] LG디스플레이, 디스는 이제 그만!.md",voera,sector,False,2023-05-23,2023-05-23,,,,,,Buy,,,,,,non_us_kr_or_unparsed_market;missing_ticker;missing_target_price,date_cover_only,
"data/markdown/voera/undated_[Buy] LG에너지솔루션, 가장 에너제틱한 솔루션.md",voera,sector,False,2022-11-14,2022-11-14,,,,,,Buy,,,,,,non_us_kr_or_unparsed_market;missing_ticker;missing_target_price,date_cover_only,
"data/markdown/voera/undated_[Buy] SK하이닉스, 메모하세요. 메모리 붐은 옵니다.md",voera,sector,True,2023-03-03,2023-03-03,,,,,,Buy,101400.0,"101,400원",,,16.2,non_us_kr_or_unparsed_market;missing_ticker,ocr_fallback;date_cover_only,
"data/markdown/voera/undated_[Buy] See and See 보면 볼수록 매력있는, 씨앤씨인터내셔널.md",voera,company,True,,,,KR,씨앤씨인터내셔널,352480,KOSDAQ,Buy,700.0,700원,,,46.84,missing_report_date,ocr_fallback,
"data/markdown/voera/undated_[Buy] 고려아연, 너무 싸서 아연실색!.md",voera,sector,True,2023-03-03,2023-03-03,,,,,,Buy,684000.0,"684,000원",,,,non_us_kr_or_unparsed_market;missing_ticker,ocr_fallback;date_cover_only,
data/markdown/voera/undated_[Buy] 국가권력급 플랫폼 네이버.md,voera,company,False,,,,KR,NAVER,035420,KRX,Buy,,,,,,missing_report_date;missing_target_price,,
"data/markdown/voera/undated_[Buy] 씨에스윈드, 영광의 순간은 바로 지금부터.md",voera,sector,True,2023-03-07,2023-03-07,,,,,,Buy,90900.0,"90,900원",,,31.0,non_us_kr_or_unparsed_market;missing_ticker,ocr_fallback;date_cover_only,
"data/markdown/voera/undated_[Buy] 엘앤에프, 양극재요 엘앤에프의 하이니켈이요!.md",voera,sector,False,,,,,,,,Buy,,,,,,non_us_kr_or_unparsed_market;missing_ticker;missing_report_date;missing_target_price,,
"data/markdown/voera/undated_[Buy] 제우스, 이 기업은 신인가.md",voera,company,True,,,,KR,제우스,079370,KOSDAQ,Buy,97400.0,"97,400원",,,74.6,missing_report_date,ocr_fallback,
data/markdown/voera/undated_[Buy] 제이시스메디칼 제 1 선두 주자를 향하여.md,voera,sector,False,,,,,,,,Hold,18360.0,"18,360원",,,,non_us_kr_or_unparsed_market;missing_ticker;missing_report_date,,
"data/markdown/voera/undated_[Buy] 클라쓰가 달라서, 클래시스.md",voera,company,True,,,,KR,클래시스,214150,KOSDAQ,Buy,30000.0,"30,000원",,,13.9,missing_report_date,ocr_fallback,
"data/markdown/voera/undated_[Buy] 현대건설, 가장 현대적인 건설.md",voera,sector,False,2022-11-13,2022-11-13,,,,,,Buy,55000.0,"55,000 원",43050.0,"43,050원",36.0,non_us_kr_or_unparsed_market;missing_ticker,date_cover_only,
"data/markdown/voera/undated_[Buy]마음이 [텍]하는 반도체 기판, 心텍.md",voera,company,True,,,,KR,심텍,222800,KRX,Buy,47550.0,"47,550원",,,32.3,missing_report_date,ocr_fallback,
"data/markdown/voera/undated_[HOLD] S-Oil, 오르막이 있으면 내리막도 있는 법.md",voera,company,True,,,,KR,S-Oil,010950,KRX,Hold,96600.0,"96,600원",,,,missing_report_date,ocr_fallback,
data/markdown/voera/undated_[Hold]대한항공_Neither Good nor Bad.md,voera,sector,False,2020-11-13,2020-11-13,,,,,,Hold,2020.11,2020.11,23950.0,"23,950원",0.0,non_us_kr_or_unparsed_market;missing_ticker,date_cover_only,
"data/markdown/voera/undated_[buy] 현대건설기계_ 건설기계, 바쁘다 바빠.md",voera,sector,False,2021-05-14,2021-05-14,,,,,,Buy,72900.0,"72,900 원",60100.0,"60,100",21.0,non_us_kr_or_unparsed_market;missing_ticker,date_cover_only,
